SNP	Chr1:3862225	Chr1:3862994	Chr1:3864123	Chr1:3867298	Chr1:3868956	Chr1:3869088	Chr1:3870306	Chr1:3870327	Chr1:3870913	Chr1:3870945	Chr1:3870979	Chr1:3870997	Chr1:3871085	Chr1:3871092	Chr1:3872387	Chr1:3872522	Chr1:3872591	Chr1:3872747	Chr1:3872775	Chr1:3872844	Chr1:3872879	Chr1:3872880	Chr1:3873074	Chr1:3873101	Chr1:3873112	Chr1:3873200	Chr1:3873202	Chr1:3873444	Chr1:3873754	Chr1:3874360	Chr1:3874477	Chr1:3874562	Chr1:3874595	Chr1:3874622	Chr1:3874624	Chr1:3874630	Chr1:3874650	Chr1:3874666	Chr1:3874667	Chr1:3874970	Chr1:3875866	Chr1:3875874	Chr1:3876016	Chr1:3876090	Chr1:3881093	Chr1:3881684	Chr1:3881724	Chr1:3899250
Chr1:3862225	1	0.708980598102	0.698412866963	0.99502339409	0.582472466927	0.582472466927	0.960037254957	0.960037254957	0.947360233053	0.424567154339	0.420327795145	0.420327795145	0.420327795145	0.421184722632	0.954963085907	0.954963085907	0.763602492393	0.944907557912	0.944907557912	0.944907557912	0.939873566391	0.939873566391	0.826224862579	0.937279155287	0.939873566391	0.829244227667	0.937279155287	0.939873566391	0.710622588935	0.934835129865	0.932314174769	0.932314174769	0.792797565702	0.796570627353	0.796570627353	0.796570627353	0.753219165147	0.796570627353	0.796570627353	0.675734280415	0.714954634709	0.714954634709	0.714954634709	0.716531907019	0.747319421332	0.578537438135	0.738177926832	0.679080769175
Chr1:3862994	0.708980598102	1	0.977585321785	0.705452281067	0.763491560227	0.763491560227	0.679829257782	0.679829257782	0.679937112608	0.429888643149	0.426199155978	0.426199155978	0.426199155978	0.427454486707	0.679829257782	0.679829257782	0.741773469648	0.672716573276	0.672716573276	0.672716573276	0.669156004754	0.669156004754	0.628896053844	0.666487760941	0.669156004754	0.703912442823	0.666487760941	0.669156004754	0.761243669931	0.665592414139	0.663809436768	0.663809436768	0.611255897608	0.615549757504	0.615549757504	0.615549757504	0.605906311071	0.615549757504	0.615549757504	0.635995999592	0.688499597357	0.688499597357	0.688499597357	0.686558204848	0.727420281179	0.661973492495	0.721525171977	0.581510839217
Chr1:3864123	0.698412866963	0.977585321785	1	0.694937141362	0.747953986954	0.747953986954	0.669646608783	0.669646608783	0.669655051449	0.414972906677	0.411297112203	0.411297112203	0.411297112203	0.408902648857	0.669646608783	0.669646608783	0.764558581826	0.662639649274	0.662639649274	0.662639649274	0.659132002884	0.659132002884	0.650791725694	0.656453803877	0.659132002884	0.692811573669	0.656453803877	0.659132002884	0.777768072121	0.655621377147	0.653864898957	0.653864898957	0.636754268159	0.641146046958	0.641146046958	0.641146046958	0.630235031205	0.641146046958	0.641146046958	0.656766528449	0.707340457088	0.707340457088	0.707340457088	0.709359730383	0.749656240655	0.678869260086	0.743648069934	0.571002143518
Chr1:3867298	0.99502339409	0.705452281067	0.694937141362	1	0.587722070183	0.587722070183	0.964850520622	0.964850520622	0.952167807689	0.430630186489	0.426379351467	0.426379351467	0.426379351467	0.427229734731	0.959762615936	0.959762615936	0.768490601422	0.949656933426	0.949656933426	0.949656933426	0.944597835083	0.944597835083	0.830978211633	0.942002142061	0.944597835083	0.833943066351	0.942002142061	0.944597835083	0.706952066833	0.939534270588	0.937000743234	0.937000743234	0.797517489144	0.801289344131	0.801289344131	0.801289344131	0.757957956751	0.801289344131	0.801289344131	0.680715004176	0.719740090405	0.719740090405	0.719740090405	0.721315819279	0.752239107163	0.575561462395	0.743090404483	0.673616413529
Chr1:3868956	0.582472466927	0.763491560227	0.747953986954	0.587722070183	1	1	0.602927272302	0.602927272302	0.602165267449	0.632272318846	0.632272318846	0.632272318846	0.632272318846	0.63005648912	0.602927272302	0.602927272302	0.64517650529	0.596682972637	0.596682972637	0.596682972637	0.593557363338	0.593557363338	0.59250377915	0.590779623588	0.593557363338	0.668169542257	0.590779623588	0.593557363338	0.613645687631	0.590429272195	0.588864254096	0.588864254096	0.573084138389	0.577712557949	0.577712557949	0.577712557949	0.56311684454	0.577712557949	0.577712557949	0.550691187385	0.642072753759	0.642072753759	0.642072753759	0.640388835744	0.663157575971	0.546757460847	0.660608018222	0.558568028313
Chr1:3869088	0.582472466927	0.763491560227	0.747953986954	0.587722070183	1	1	0.602927272302	0.602927272302	0.602165267449	0.632272318846	0.632272318846	0.632272318846	0.632272318846	0.63005648912	0.602927272302	0.602927272302	0.64517650529	0.596682972637	0.596682972637	0.596682972637	0.593557363338	0.593557363338	0.59250377915	0.590779623588	0.593557363338	0.668169542257	0.590779623588	0.593557363338	0.613645687631	0.590429272195	0.588864254096	0.588864254096	0.573084138389	0.577712557949	0.577712557949	0.577712557949	0.56311684454	0.577712557949	0.577712557949	0.550691187385	0.642072753759	0.642072753759	0.642072753759	0.640388835744	0.663157575971	0.546757460847	0.660608018222	0.558568028313
Chr1:3870306	0.960037254957	0.679829257782	0.669646608783	0.964850520622	0.602927272302	0.602927272302	1	1	0.987238481011	0.450669150793	0.44634579253	0.44634579253	0.44634579253	0.447161434445	0.994825290878	0.994825290878	0.780366315644	0.984437946979	0.984437946979	0.984437946979	0.979238185449	0.979238185449	0.865355936284	0.976625359536	0.979238185449	0.868047968074	0.976625359536	0.979238185449	0.689323185494	0.974034066769	0.971430302586	0.971430302586	0.831622593417	0.835398826219	0.835398826219	0.835398826219	0.792058578742	0.835398826219	0.835398826219	0.684875736893	0.75400687933	0.75400687933	0.75400687933	0.755577491083	0.732500530195	0.561947420812	0.723409542306	0.699841438445
Chr1:3870327	0.960037254957	0.679829257782	0.669646608783	0.964850520622	0.602927272302	0.602927272302	1	1	0.987238481011	0.450669150793	0.44634579253	0.44634579253	0.44634579253	0.447161434445	0.994825290878	0.994825290878	0.780366315644	0.984437946979	0.984437946979	0.984437946979	0.979238185449	0.979238185449	0.865355936284	0.976625359536	0.979238185449	0.868047968074	0.976625359536	0.979238185449	0.689323185494	0.974034066769	0.971430302586	0.971430302586	0.831622593417	0.835398826219	0.835398826219	0.835398826219	0.792058578742	0.835398826219	0.835398826219	0.684875736893	0.75400687933	0.75400687933	0.75400687933	0.755577491083	0.732500530195	0.561947420812	0.723409542306	0.699841438445
Chr1:3870913	0.947360233053	0.679937112608	0.669655051449	0.952167807689	0.602165267449	0.602165267449	0.987238481011	0.987238481011	1	0.447910008177	0.443617653871	0.443617653871	0.443617653871	0.444446218024	0.987238481011	0.987238481011	0.781387273463	0.977014009172	0.977014009172	0.977014009172	0.971896108693	0.971896108693	0.867219066363	0.969279701578	0.971896108693	0.86049389694	0.969279701578	0.971896108693	0.689670749801	0.966774144418	0.964211569855	0.964211569855	0.833434791672	0.837241715182	0.837241715182	0.837241715182	0.793543049873	0.837241715182	0.837241715182	0.685255195042	0.755091117171	0.755091117171	0.755091117171	0.756675484344	0.733541131006	0.569383606777	0.724442151969	0.698539912782
Chr1:3870945	0.424567154339	0.429888643149	0.414972906677	0.430630186489	0.632272318846	0.632272318846	0.450669150793	0.450669150793	0.447910008177	1	0.996387927084	0.996387927084	0.996387927084	0.994585037327	0.450669150793	0.450669150793	0.48933334078	0.446001733416	0.446001733416	0.446001733416	0.443665438886	0.443665438886	0.455555498985	0.440478264148	0.443665438886	0.495340804692	0.444833811832	0.443665438886	0.444436165997	0.441327289255	0.440157487506	0.440157487506	0.463748639106	0.469326484407	0.469326484407	0.469326484407	0.404354096136	0.469326484407	0.469326484407	0.44072041827	0.472531673692	0.472531673692	0.472531673692	0.475109362011	0.467382733609	0.34257172936	0.467402898432	0.39636943804
Chr1:3870979	0.420327795145	0.426199155978	0.411297112203	0.426379351467	0.632272318846	0.632272318846	0.44634579253	0.44634579253	0.443617653871	0.996387927084	1	1	1	0.998196099089	0.450669150793	0.450669150793	0.48933334078	0.446001733416	0.446001733416	0.446001733416	0.443665438886	0.443665438886	0.455555498985	0.440478264148	0.443665438886	0.495340804692	0.444833811832	0.443665438886	0.444436165997	0.441327289255	0.440157487506	0.440157487506	0.463748639106	0.469326484407	0.469326484407	0.469326484407	0.404354096136	0.469326484407	0.469326484407	0.444436165997	0.476370727174	0.476370727174	0.476370727174	0.478951317054	0.467382733609	0.34257172936	0.467402898432	0.39636943804
Chr1:3870997	0.420327795145	0.426199155978	0.411297112203	0.426379351467	0.632272318846	0.632272318846	0.44634579253	0.44634579253	0.443617653871	0.996387927084	1	1	1	0.998196099089	0.450669150793	0.450669150793	0.48933334078	0.446001733416	0.446001733416	0.446001733416	0.443665438886	0.443665438886	0.455555498985	0.440478264148	0.443665438886	0.495340804692	0.444833811832	0.443665438886	0.444436165997	0.441327289255	0.440157487506	0.440157487506	0.463748639106	0.469326484407	0.469326484407	0.469326484407	0.404354096136	0.469326484407	0.469326484407	0.444436165997	0.476370727174	0.476370727174	0.476370727174	0.478951317054	0.467382733609	0.34257172936	0.467402898432	0.39636943804
Chr1:3871085	0.420327795145	0.426199155978	0.411297112203	0.426379351467	0.632272318846	0.632272318846	0.44634579253	0.44634579253	0.443617653871	0.996387927084	1	1	1	0.998196099089	0.450669150793	0.450669150793	0.48933334078	0.446001733416	0.446001733416	0.446001733416	0.443665438886	0.443665438886	0.455555498985	0.440478264148	0.443665438886	0.495340804692	0.444833811832	0.443665438886	0.444436165997	0.441327289255	0.440157487506	0.440157487506	0.463748639106	0.469326484407	0.469326484407	0.469326484407	0.404354096136	0.469326484407	0.469326484407	0.444436165997	0.476370727174	0.476370727174	0.476370727174	0.478951317054	0.467382733609	0.34257172936	0.467402898432	0.39636943804
Chr1:3871092	0.421184722632	0.427454486707	0.408902648857	0.427229734731	0.63005648912	0.63005648912	0.447161434445	0.447161434445	0.444446218024	0.994585037327	0.998196099089	0.998196099089	0.998196099089	1	0.451483582438	0.451483582438	0.490394595025	0.446807730288	0.446807730288	0.446807730288	0.444467213698	0.444467213698	0.456496968063	0.441283369678	0.444467213698	0.496244511636	0.445637698081	0.444467213698	0.445650355558	0.442124838655	0.440952922885	0.440952922885	0.464712051193	0.47028348433	0.47028348433	0.47028348433	0.405387655607	0.47028348433	0.47028348433	0.445650355558	0.477447942712	0.477447942712	0.477447942712	0.480025341102	0.468482266752	0.344124501212	0.468509874976	0.397283915905
Chr1:3872387	0.954963085907	0.679829257782	0.669646608783	0.959762615936	0.602927272302	0.602927272302	0.994825290878	0.994825290878	0.987238481011	0.450669150793	0.450669150793	0.450669150793	0.450669150793	0.451483582438	1	1	0.784978962143	0.989643361725	0.989643361725	0.989643361725	0.984459304804	0.984459304804	0.870198072882	0.981838596784	0.984459304804	0.87294921744	0.981838596784	0.984459304804	0.693770634095	0.979271131558	0.976675431926	0.976675431926	0.83641477296	0.840200722652	0.840200722652	0.840200722652	0.796752265335	0.840200722652	0.840200722652	0.689323185494	0.758601914918	0.758601914918	0.758601914918	0.760175999603	0.737068646887	0.561947420812	0.727967951776	0.704782745389
Chr1:3872522	0.954963085907	0.679829257782	0.669646608783	0.959762615936	0.602927272302	0.602927272302	0.994825290878	0.994825290878	0.987238481011	0.450669150793	0.450669150793	0.450669150793	0.450669150793	0.451483582438	1	1	0.784978962143	0.989643361725	0.989643361725	0.989643361725	0.984459304804	0.984459304804	0.870198072882	0.981838596784	0.984459304804	0.87294921744	0.981838596784	0.984459304804	0.693770634095	0.979271131558	0.976675431926	0.976675431926	0.83641477296	0.840200722652	0.840200722652	0.840200722652	0.796752265335	0.840200722652	0.840200722652	0.689323185494	0.758601914918	0.758601914918	0.758601914918	0.760175999603	0.737068646887	0.561947420812	0.727967951776	0.704782745389
Chr1:3872591	0.763602492393	0.741773469648	0.764558581826	0.768490601422	0.64517650529	0.64517650529	0.780366315644	0.780366315644	0.781387273463	0.48933334078	0.48933334078	0.48933334078	0.48933334078	0.490394595025	0.784978962143	0.784978962143	1	0.776849218979	0.776849218979	0.776849218979	0.772779843358	0.772779843358	0.818765474547	0.770167934453	0.772779843358	0.808756448822	0.770167934453	0.772779843358	0.819816114888	0.768707236508	0.766669666904	0.766669666904	0.792761034434	0.797030957928	0.797030957928	0.797030957928	0.747840271557	0.797030957928	0.797030957928	0.75638605074	0.911989812416	0.911989812416	0.911989812416	0.913953947999	0.82729273616	0.642785582267	0.817680247643	0.644367144288
Chr1:3872747	0.944907557912	0.672716573276	0.662639649274	0.949656933426	0.596682972637	0.596682972637	0.984437946979	0.984437946979	0.977014009172	0.446001733416	0.446001733416	0.446001733416	0.446001733416	0.446807730288	0.989643361725	0.989643361725	0.776849218979	1	1	1	0.994761691816	0.994761691816	0.861027985281	0.992137180427	0.994761691816	0.883150666881	0.992137180427	0.994761691816	0.68644060093	0.98951922423	0.986896360547	0.986896360547	0.827361994484	0.831107943003	0.831107943003	0.831107943003	0.788118279565	0.831107943003	0.831107943003	0.681966762115	0.750445928947	0.750445928947	0.750445928947	0.752003485104	0.728988594134	0.555987969563	0.719908842008	0.713904748143
Chr1:3872775	0.944907557912	0.672716573276	0.662639649274	0.949656933426	0.596682972637	0.596682972637	0.984437946979	0.984437946979	0.977014009172	0.446001733416	0.446001733416	0.446001733416	0.446001733416	0.446807730288	0.989643361725	0.989643361725	0.776849218979	1	1	1	0.994761691816	0.994761691816	0.861027985281	0.992137180427	0.994761691816	0.883150666881	0.992137180427	0.994761691816	0.68644060093	0.98951922423	0.986896360547	0.986896360547	0.827361994484	0.831107943003	0.831107943003	0.831107943003	0.788118279565	0.831107943003	0.831107943003	0.681966762115	0.750445928947	0.750445928947	0.750445928947	0.752003485104	0.728988594134	0.555987969563	0.719908842008	0.713904748143
Chr1:3872844	0.944907557912	0.672716573276	0.662639649274	0.949656933426	0.596682972637	0.596682972637	0.984437946979	0.984437946979	0.977014009172	0.446001733416	0.446001733416	0.446001733416	0.446001733416	0.446807730288	0.989643361725	0.989643361725	0.776849218979	1	1	1	0.994761691816	0.994761691816	0.861027985281	0.992137180427	0.994761691816	0.883150666881	0.992137180427	0.994761691816	0.68644060093	0.98951922423	0.986896360547	0.986896360547	0.827361994484	0.831107943003	0.831107943003	0.831107943003	0.788118279565	0.831107943003	0.831107943003	0.681966762115	0.750445928947	0.750445928947	0.750445928947	0.752003485104	0.728988594134	0.555987969563	0.719908842008	0.713904748143
Chr1:3872879	0.939873566391	0.669156004754	0.659132002884	0.944597835083	0.593557363338	0.593557363338	0.979238185449	0.979238185449	0.971896108693	0.443665438886	0.443665438886	0.443665438886	0.443665438886	0.444467213698	0.984459304804	0.984459304804	0.772779843358	0.994761691816	0.994761691816	0.994761691816	1	1	0.866208362731	0.997373461921	1	0.888333462991	0.997373461921	1	0.691745620451	0.994729926142	0.992093250741	0.992093250741	0.832499357632	0.836244888337	0.836244888337	0.836244888337	0.793266550347	0.836244888337	0.836244888337	0.687258284173	0.755634722098	0.755634722098	0.755634722098	0.757191012095	0.734160491203	0.553004388009	0.725071342461	0.71853601909
Chr1:3872880	0.939873566391	0.669156004754	0.659132002884	0.944597835083	0.593557363338	0.593557363338	0.979238185449	0.979238185449	0.971896108693	0.443665438886	0.443665438886	0.443665438886	0.443665438886	0.444467213698	0.984459304804	0.984459304804	0.772779843358	0.994761691816	0.994761691816	0.994761691816	1	1	0.866208362731	0.997373461921	1	0.888333462991	0.997373461921	1	0.691745620451	0.994729926142	0.992093250741	0.992093250741	0.832499357632	0.836244888337	0.836244888337	0.836244888337	0.793266550347	0.836244888337	0.836244888337	0.687258284173	0.755634722098	0.755634722098	0.755634722098	0.757191012095	0.734160491203	0.553004388009	0.725071342461	0.71853601909
Chr1:3873074	0.826224862579	0.628896053844	0.650791725694	0.830978211633	0.59250377915	0.59250377915	0.865355936284	0.865355936284	0.867219066363	0.455555498985	0.455555498985	0.455555498985	0.455555498985	0.456496968063	0.870198072882	0.870198072882	0.818765474547	0.861027985281	0.861027985281	0.861027985281	0.866208362731	0.866208362731	1	0.868489483431	0.866208362731	0.809988635244	0.863611294864	0.866208362731	0.790267095405	0.861643380684	0.859359470401	0.859359470401	0.950925208876	0.955228662312	0.955228662312	0.955228662312	0.905841434462	0.955228662312	0.955228662312	0.781943862878	0.852954191934	0.852954191934	0.852954191934	0.850433236025	0.800447953394	0.616332094787	0.791099268314	0.654085353895
Chr1:3873101	0.937279155287	0.666487760941	0.656453803877	0.942002142061	0.590779623588	0.590779623588	0.976625359536	0.976625359536	0.969279701578	0.440478264148	0.440478264148	0.440478264148	0.440478264148	0.441283369678	0.981838596784	0.981838596784	0.770167934453	0.992137180427	0.992137180427	0.992137180427	0.997373461921	0.997373461921	0.868489483431	1	0.997373461921	0.885735107688	0.994747947766	0.997373461921	0.689086739446	0.992117230113	0.98948748004	0.98948748004	0.829923945465	0.833669672477	0.833669672477	0.833669672477	0.790685811443	0.833669672477	0.833669672477	0.684606177513	0.753033821317	0.753033821317	0.753033821317	0.754590739979	0.731568125201	0.554496513823	0.722483713168	0.71621442624
Chr1:3873112	0.939873566391	0.669156004754	0.659132002884	0.944597835083	0.593557363338	0.593557363338	0.979238185449	0.979238185449	0.971896108693	0.443665438886	0.443665438886	0.443665438886	0.443665438886	0.444467213698	0.984459304804	0.984459304804	0.772779843358	0.994761691816	0.994761691816	0.994761691816	1	1	0.866208362731	0.997373461921	1	0.888333462991	0.997373461921	1	0.691745620451	0.994729926142	0.992093250741	0.992093250741	0.832499357632	0.836244888337	0.836244888337	0.836244888337	0.793266550347	0.836244888337	0.836244888337	0.687258284173	0.755634722098	0.755634722098	0.755634722098	0.757191012095	0.734160491203	0.553004388009	0.725071342461	0.71853601909
Chr1:3873200	0.829244227667	0.703912442823	0.692811573669	0.833943066351	0.668169542257	0.668169542257	0.868047968074	0.868047968074	0.86049389694	0.495340804692	0.495340804692	0.495340804692	0.495340804692	0.496244511636	0.87294921744	0.87294921744	0.808756448822	0.883150666881	0.883150666881	0.883150666881	0.888333462991	0.888333462991	0.809988635244	0.885735107688	0.888333462991	1	0.885735107688	0.888333462991	0.75342586971	0.883651880031	0.88130963304	0.88130963304	0.776457768111	0.780348301579	0.780348301579	0.780348301579	0.735595892633	0.780348301579	0.780348301579	0.774487975927	0.852354236135	0.852354236135	0.852354236135	0.854107467378	0.795280268318	0.595734124206	0.785974732386	0.735703902927
Chr1:3873202	0.937279155287	0.666487760941	0.656453803877	0.942002142061	0.590779623588	0.590779623588	0.976625359536	0.976625359536	0.969279701578	0.444833811832	0.444833811832	0.444833811832	0.444833811832	0.445637698081	0.981838596784	0.981838596784	0.770167934453	0.992137180427	0.992137180427	0.992137180427	0.997373461921	0.997373461921	0.863611294864	0.994747947766	0.997373461921	0.885735107688	1	0.997373461921	0.689086739446	0.992117230113	0.98948748004	0.98948748004	0.829923945465	0.833669672477	0.833669672477	0.833669672477	0.790685811443	0.833669672477	0.833669672477	0.689086739446	0.753033821317	0.753033821317	0.753033821317	0.754590739979	0.731568125201	0.550180966398	0.722483713168	0.71621442624
Chr1:3873444	0.939873566391	0.669156004754	0.659132002884	0.944597835083	0.593557363338	0.593557363338	0.979238185449	0.979238185449	0.971896108693	0.443665438886	0.443665438886	0.443665438886	0.443665438886	0.444467213698	0.984459304804	0.984459304804	0.772779843358	0.994761691816	0.994761691816	0.994761691816	1	1	0.866208362731	0.997373461921	1	0.888333462991	0.997373461921	1	0.691745620451	0.994729926142	0.992093250741	0.992093250741	0.832499357632	0.836244888337	0.836244888337	0.836244888337	0.793266550347	0.836244888337	0.836244888337	0.687258284173	0.755634722098	0.755634722098	0.755634722098	0.757191012095	0.734160491203	0.553004388009	0.725071342461	0.71853601909
Chr1:3873754	0.710622588935	0.761243669931	0.777768072121	0.706952066833	0.613645687631	0.613645687631	0.689323185494	0.689323185494	0.689670749801	0.444436165997	0.444436165997	0.444436165997	0.444436165997	0.445650355558	0.693770634095	0.693770634095	0.819816114888	0.68644060093	0.68644060093	0.68644060093	0.691745620451	0.691745620451	0.790267095405	0.689086739446	0.691745620451	0.75342586971	0.689086739446	0.691745620451	1	0.688100069941	0.686276161279	0.686276161279	0.808458828468	0.813072476327	0.813072476327	0.813072476327	0.759861903495	0.813072476327	0.813072476327	0.797412893101	0.817468977218	0.817468977218	0.817468977218	0.815558787925	0.828844528152	0.756704944567	0.822847910329	0.634396934279
Chr1:3874360	0.934835129865	0.665592414139	0.655621377147	0.939534270588	0.590429272195	0.590429272195	0.974034066769	0.974034066769	0.966774144418	0.441327289255	0.441327289255	0.441327289255	0.441327289255	0.442124838655	0.979271131558	0.979271131558	0.768707236508	0.98951922423	0.98951922423	0.98951922423	0.994729926142	0.994729926142	0.861643380684	0.992117230113	0.994729926142	0.883651880031	0.992117230113	0.994729926142	0.688100069941	1	0.997349355506	0.997349355506	0.837691130886	0.841436345498	0.841436345498	0.841436345498	0.798468205453	0.841436345498	0.841436345498	0.683599029221	0.760876098423	0.760876098423	0.760876098423	0.762431157881	0.739384270945	0.550018059319	0.730285415444	0.723215450657
Chr1:3874477	0.932314174769	0.663809436768	0.653864898957	0.937000743234	0.588864254096	0.588864254096	0.971430302586	0.971430302586	0.964211569855	0.440157487506	0.440157487506	0.440157487506	0.440157487506	0.440952922885	0.976675431926	0.976675431926	0.766669666904	0.986896360547	0.986896360547	0.986896360547	0.992093250741	0.992093250741	0.859359470401	0.98948748004	0.992093250741	0.88130963304	0.98948748004	0.992093250741	0.686276161279	0.997349355506	1	1	0.84030777977	0.844052875064	0.844052875064	0.844052875064	0.801089404788	0.844052875064	0.844052875064	0.686276161279	0.758859286382	0.758859286382	0.758859286382	0.760410223931	0.737385678968	0.548523822687	0.728291691239	0.720564993808
Chr1:3874562	0.932314174769	0.663809436768	0.653864898957	0.937000743234	0.588864254096	0.588864254096	0.971430302586	0.971430302586	0.964211569855	0.440157487506	0.440157487506	0.440157487506	0.440157487506	0.440952922885	0.976675431926	0.976675431926	0.766669666904	0.986896360547	0.986896360547	0.986896360547	0.992093250741	0.992093250741	0.859359470401	0.98948748004	0.992093250741	0.88130963304	0.98948748004	0.992093250741	0.686276161279	0.997349355506	1	1	0.84030777977	0.844052875064	0.844052875064	0.844052875064	0.801089404788	0.844052875064	0.844052875064	0.686276161279	0.758859286382	0.758859286382	0.758859286382	0.760410223931	0.737385678968	0.548523822687	0.728291691239	0.720564993808
Chr1:3874595	0.792797565702	0.611255897608	0.636754268159	0.797517489144	0.573084138389	0.573084138389	0.831622593417	0.831622593417	0.833434791672	0.463748639106	0.463748639106	0.463748639106	0.463748639106	0.464712051193	0.83641477296	0.83641477296	0.792761034434	0.827361994484	0.827361994484	0.827361994484	0.832499357632	0.832499357632	0.950925208876	0.829923945465	0.832499357632	0.776457768111	0.829923945465	0.832499357632	0.808458828468	0.837691130886	0.84030777977	0.84030777977	1	0.995562961274	0.995562961274	0.995562961274	0.944635127778	0.995562961274	0.995562961274	0.808458828468	0.830731950543	0.830731950543	0.830731950543	0.832522953058	0.829313015761	0.639297598528	0.824091754133	0.649695627366
Chr1:3874622	0.796570627353	0.615549757504	0.641146046958	0.801289344131	0.577712557949	0.577712557949	0.835398826219	0.835398826219	0.837241715182	0.469326484407	0.469326484407	0.469326484407	0.469326484407	0.47028348433	0.840200722652	0.840200722652	0.797030957928	0.831107943003	0.831107943003	0.831107943003	0.836244888337	0.836244888337	0.955228662312	0.833669672477	0.836244888337	0.780348301579	0.833669672477	0.836244888337	0.813072476327	0.841436345498	0.844052875064	0.844052875064	0.995562961274	1	1	1	0.949098603245	1	1	0.813072476327	0.835106268905	0.835106268905	0.835106268905	0.83689541666	0.833728455919	0.636307137919	0.828513159117	0.648706191895
Chr1:3874624	0.796570627353	0.615549757504	0.641146046958	0.801289344131	0.577712557949	0.577712557949	0.835398826219	0.835398826219	0.837241715182	0.469326484407	0.469326484407	0.469326484407	0.469326484407	0.47028348433	0.840200722652	0.840200722652	0.797030957928	0.831107943003	0.831107943003	0.831107943003	0.836244888337	0.836244888337	0.955228662312	0.833669672477	0.836244888337	0.780348301579	0.833669672477	0.836244888337	0.813072476327	0.841436345498	0.844052875064	0.844052875064	0.995562961274	1	1	1	0.949098603245	1	1	0.813072476327	0.835106268905	0.835106268905	0.835106268905	0.83689541666	0.833728455919	0.636307137919	0.828513159117	0.648706191895
Chr1:3874630	0.796570627353	0.615549757504	0.641146046958	0.801289344131	0.577712557949	0.577712557949	0.835398826219	0.835398826219	0.837241715182	0.469326484407	0.469326484407	0.469326484407	0.469326484407	0.47028348433	0.840200722652	0.840200722652	0.797030957928	0.831107943003	0.831107943003	0.831107943003	0.836244888337	0.836244888337	0.955228662312	0.833669672477	0.836244888337	0.780348301579	0.833669672477	0.836244888337	0.813072476327	0.841436345498	0.844052875064	0.844052875064	0.995562961274	1	1	1	0.949098603245	1	1	0.813072476327	0.835106268905	0.835106268905	0.835106268905	0.83689541666	0.833728455919	0.636307137919	0.828513159117	0.648706191895
Chr1:3874650	0.753219165147	0.605906311071	0.630235031205	0.757957956751	0.56311684454	0.56311684454	0.792058578742	0.792058578742	0.793543049873	0.404354096136	0.404354096136	0.404354096136	0.404354096136	0.405387655607	0.796752265335	0.796752265335	0.747840271557	0.788118279565	0.788118279565	0.788118279565	0.793266550347	0.793266550347	0.905841434462	0.790685811443	0.793266550347	0.735595892633	0.790685811443	0.793266550347	0.759861903495	0.798468205453	0.801089404788	0.801089404788	0.944635127778	0.949098603245	0.949098603245	0.949098603245	1	0.949098603245	0.949098603245	0.759861903495	0.784736137736	0.784736137736	0.784736137736	0.786549319343	0.782873284699	0.578998648514	0.777581368563	0.607361688069
Chr1:3874666	0.796570627353	0.615549757504	0.641146046958	0.801289344131	0.577712557949	0.577712557949	0.835398826219	0.835398826219	0.837241715182	0.469326484407	0.469326484407	0.469326484407	0.469326484407	0.47028348433	0.840200722652	0.840200722652	0.797030957928	0.831107943003	0.831107943003	0.831107943003	0.836244888337	0.836244888337	0.955228662312	0.833669672477	0.836244888337	0.780348301579	0.833669672477	0.836244888337	0.813072476327	0.841436345498	0.844052875064	0.844052875064	0.995562961274	1	1	1	0.949098603245	1	1	0.813072476327	0.835106268905	0.835106268905	0.835106268905	0.83689541666	0.833728455919	0.636307137919	0.828513159117	0.648706191895
Chr1:3874667	0.796570627353	0.615549757504	0.641146046958	0.801289344131	0.577712557949	0.577712557949	0.835398826219	0.835398826219	0.837241715182	0.469326484407	0.469326484407	0.469326484407	0.469326484407	0.47028348433	0.840200722652	0.840200722652	0.797030957928	0.831107943003	0.831107943003	0.831107943003	0.836244888337	0.836244888337	0.955228662312	0.833669672477	0.836244888337	0.780348301579	0.833669672477	0.836244888337	0.813072476327	0.841436345498	0.844052875064	0.844052875064	0.995562961274	1	1	1	0.949098603245	1	1	0.813072476327	0.835106268905	0.835106268905	0.835106268905	0.83689541666	0.833728455919	0.636307137919	0.828513159117	0.648706191895
Chr1:3874970	0.675734280415	0.635995999592	0.656766528449	0.680715004176	0.550691187385	0.550691187385	0.684875736893	0.684875736893	0.685255195042	0.44072041827	0.444436165997	0.444436165997	0.444436165997	0.445650355558	0.689323185494	0.689323185494	0.75638605074	0.681966762115	0.681966762115	0.681966762115	0.687258284173	0.687258284173	0.781943862878	0.684606177513	0.687258284173	0.774487975927	0.689086739446	0.687258284173	0.797412893101	0.683599029221	0.686276161279	0.686276161279	0.808458828468	0.813072476327	0.813072476327	0.813072476327	0.759861903495	0.813072476327	0.813072476327	1	0.809570490901	0.809570490901	0.809570490901	0.811606559925	0.789583453349	0.605758392116	0.783670265091	0.574941047205
Chr1:3875866	0.714954634709	0.688499597357	0.707340457088	0.719740090405	0.642072753759	0.642072753759	0.75400687933	0.75400687933	0.755091117171	0.472531673692	0.476370727174	0.476370727174	0.476370727174	0.477447942712	0.758601914918	0.758601914918	0.911989812416	0.750445928947	0.750445928947	0.750445928947	0.755634722098	0.755634722098	0.852954191934	0.753033821317	0.755634722098	0.852354236135	0.753033821317	0.755634722098	0.817468977218	0.760876098423	0.758859286382	0.758859286382	0.830731950543	0.835106268905	0.835106268905	0.835106268905	0.784736137736	0.835106268905	0.835106268905	0.809570490901	1	1	1	0.997960393614	0.858157837774	0.642979027412	0.852504028582	0.684721648703
Chr1:3875874	0.714954634709	0.688499597357	0.707340457088	0.719740090405	0.642072753759	0.642072753759	0.75400687933	0.75400687933	0.755091117171	0.472531673692	0.476370727174	0.476370727174	0.476370727174	0.477447942712	0.758601914918	0.758601914918	0.911989812416	0.750445928947	0.750445928947	0.750445928947	0.755634722098	0.755634722098	0.852954191934	0.753033821317	0.755634722098	0.852354236135	0.753033821317	0.755634722098	0.817468977218	0.760876098423	0.758859286382	0.758859286382	0.830731950543	0.835106268905	0.835106268905	0.835106268905	0.784736137736	0.835106268905	0.835106268905	0.809570490901	1	1	1	0.997960393614	0.858157837774	0.642979027412	0.852504028582	0.684721648703
Chr1:3876016	0.714954634709	0.688499597357	0.707340457088	0.719740090405	0.642072753759	0.642072753759	0.75400687933	0.75400687933	0.755091117171	0.472531673692	0.476370727174	0.476370727174	0.476370727174	0.477447942712	0.758601914918	0.758601914918	0.911989812416	0.750445928947	0.750445928947	0.750445928947	0.755634722098	0.755634722098	0.852954191934	0.753033821317	0.755634722098	0.852354236135	0.753033821317	0.755634722098	0.817468977218	0.760876098423	0.758859286382	0.758859286382	0.830731950543	0.835106268905	0.835106268905	0.835106268905	0.784736137736	0.835106268905	0.835106268905	0.809570490901	1	1	1	0.997960393614	0.858157837774	0.642979027412	0.852504028582	0.684721648703
Chr1:3876090	0.716531907019	0.686558204848	0.709359730383	0.721315819279	0.640388835744	0.640388835744	0.755577491083	0.755577491083	0.756675484344	0.475109362011	0.478951317054	0.478951317054	0.478951317054	0.480025341102	0.760175999603	0.760175999603	0.913953947999	0.752003485104	0.752003485104	0.752003485104	0.757191012095	0.757191012095	0.850433236025	0.754590739979	0.757191012095	0.854107467378	0.754590739979	0.757191012095	0.815558787925	0.762431157881	0.760410223931	0.760410223931	0.832522953058	0.83689541666	0.83689541666	0.83689541666	0.786549319343	0.83689541666	0.83689541666	0.811606559925	0.997960393614	0.997960393614	0.997960393614	1	0.860115475876	0.645219078918	0.854465318873	0.686330165397
Chr1:3881093	0.747319421332	0.727420281179	0.749656240655	0.752239107163	0.663157575971	0.663157575971	0.732500530195	0.732500530195	0.733541131006	0.467382733609	0.467382733609	0.467382733609	0.467382733609	0.468482266752	0.737068646887	0.737068646887	0.82729273616	0.728988594134	0.728988594134	0.728988594134	0.734160491203	0.734160491203	0.800447953394	0.731568125201	0.734160491203	0.795280268318	0.731568125201	0.734160491203	0.828844528152	0.739384270945	0.737385678968	0.737385678968	0.829313015761	0.833728455919	0.833728455919	0.833728455919	0.782873284699	0.833728455919	0.833728455919	0.789583453349	0.858157837774	0.858157837774	0.858157837774	0.860115475876	1	0.742499237236	0.989958063945	0.676402104695
Chr1:3881684	0.578537438135	0.661973492495	0.678869260086	0.575561462395	0.546757460847	0.546757460847	0.561947420812	0.561947420812	0.569383606777	0.34257172936	0.34257172936	0.34257172936	0.34257172936	0.344124501212	0.561947420812	0.561947420812	0.642785582267	0.555987969563	0.555987969563	0.555987969563	0.553004388009	0.553004388009	0.616332094787	0.554496513823	0.553004388009	0.595734124206	0.550180966398	0.553004388009	0.756704944567	0.550018059319	0.548523822687	0.548523822687	0.639297598528	0.636307137919	0.636307137919	0.636307137919	0.578998648514	0.636307137919	0.636307137919	0.605758392116	0.642979027412	0.642979027412	0.642979027412	0.645219078918	0.742499237236	1	0.75079896438	0.536078549107
Chr1:3881724	0.738177926832	0.721525171977	0.743648069934	0.743090404483	0.660608018222	0.660608018222	0.723409542306	0.723409542306	0.724442151969	0.467402898432	0.467402898432	0.467402898432	0.467402898432	0.468509874976	0.727967951776	0.727967951776	0.817680247643	0.719908842008	0.719908842008	0.719908842008	0.725071342461	0.725071342461	0.791099268314	0.722483713168	0.725071342461	0.785974732386	0.722483713168	0.725071342461	0.822847910329	0.730285415444	0.728291691239	0.728291691239	0.824091754133	0.828513159117	0.828513159117	0.828513159117	0.777581368563	0.828513159117	0.828513159117	0.783670265091	0.852504028582	0.852504028582	0.852504028582	0.854465318873	0.989958063945	0.75079896438	1	0.680425894511
Chr1:3899250	0.679080769175	0.581510839217	0.571002143518	0.673616413529	0.558568028313	0.558568028313	0.699841438445	0.699841438445	0.698539912782	0.39636943804	0.39636943804	0.39636943804	0.39636943804	0.397283915905	0.704782745389	0.704782745389	0.644367144288	0.713904748143	0.713904748143	0.713904748143	0.71853601909	0.71853601909	0.654085353895	0.71621442624	0.71853601909	0.735703902927	0.71621442624	0.71853601909	0.634396934279	0.723215450657	0.720564993808	0.720564993808	0.649695627366	0.648706191895	0.648706191895	0.648706191895	0.607361688069	0.648706191895	0.648706191895	0.574941047205	0.684721648703	0.684721648703	0.684721648703	0.686330165397	0.676402104695	0.536078549107	0.680425894511	1
