accession_id	accession_name	environment	phenotype_value
10000	Tuescha-9	FT10	61
100000	Wil-1	FT10	71.6666666667
10001	TueV-13	FT10	68.75
10002	TueWal-2	FT10	61
10003	WalHaesB4	FT10	81.25
10004	Bolin-1	FT10	81.75
10005	Copac-1	FT10	76.6666666667
10006	Kastel-1	FT10	113.5
10007	Koch-1	FT10	75
10008	Sij-1	FT10	79.25
10009	Sij-2	FT10	80.75
10010	Sij-4	FT10	85
10011	Yeg-1	FT10	71
10012	Istisu-1	FT10	113.5
10013	Lerik1-3	FT10	92.25
10014	Xan-1	FT10	96.75
10015	Ara-1	FT10	69.75
10016	Del-10	FT10	89
10017	Petro-1	FT10	87.5
10018	Dobra-1	FT10	90
10019	KZ10	FT10	60.5
1002	Ale-Stenar-64-24	FT10	102.75
10020	Jl-2	FT10	72.5
10021	Hl-0	FT10	59.5
10022	Uk-3	FT10	73.5
10023	Strand-1	FT10	96.25
10024	Tnz-1	FT10	64
10025	Bsch-2	FT10	62.25
10026	Bg-5	FT10	63
1061	Brösarp-11-135	FT10	97.75
1062	Brösarp-15-138	FT10	94
1063	Brösarp-21-140	FT10	84
1066	Brösarp-34-145	FT10	128
1074	Brösarp-61-162	FT10	98.25
108	LDV-18	FT10	70
1137	Gårdby-22-213	FT10	111.25
1158	Aledal-6-49	FT10	98.75
1254	Tos-82-387	FT10	92
1257	Tos-95-393	FT10	94.6666666667
1317	Ängsö-74-430	FT10	104.25
1318	Ängsö-80-432	FT10	89.75
1363	Ham-7-233	FT10	104.75
1367	Ham-13-241	FT10	101.75
139	LDV-46	FT10	68.75
1435	Röd-17-319	FT10	72.25
1552	Sku-30	FT10	104
1585	Hen-16-268	FT10	103.5
159	MAR2-3	FT10	72
1829	Mdn-1	FT10	94.75
1853	MNF-Pot-21	FT10	71.5
1872	MNF-Pot-75	FT10	80.25
1890	MNF-Riv-21	FT10	101
1925	MNF-Che-2	FT10	89.5
1954	MNF-Jac-12	FT10	93
2016	MNF-Pin-39	FT10	77.5
2171	Paw-26	FT10	79
2202	Pent-23	FT10	97.75
2276	SLSP-31	FT10	83
2278	SLSP-35	FT10	79.25
2317	Ste-40	FT10	77
265	PYL-6	FT10	63.5
350	TOU-A1-88	FT10	68.5
351	TOU-A1-89	FT10	69.25
403	Zdarec3	FT10	63.5
410	Doubravnik7	FT10	76
424	Draha2	FT10	83.25
428	Borky1	FT10	75.75
430	Gr-1	FT10	92.3333333333
4779	UKSW06-179	FT10	68.6666666667
4807	UKSW06-207	FT10	79.75
4826	UKSW06-226	FT10	60
4884	UKSW06-285	FT10	70.25
4900	UKSW06-302	FT10	71
4931	UKSW06-333	FT10	62.75
4958	UKSW06-360	FT10	91.25
5023	UKSE06-118	FT10	61
5104	UKSE06-252	FT10	60
5151	UKSE06-325	FT10	81.75
5165	UKSE06-362	FT10	86.5
5210	UKSE06-432	FT10	96
5236	UKSE06-470	FT10	58.5
5253	UKSE06-500	FT10	62.75
5276	UKSE06-533	FT10	74.5
5349	UKSE06-639	FT10	92
5353	UKNW06-003	FT10	71
5470	UKNW06-212	FT10	154.666666667
5486	UKNW06-233	FT10	60.5
5506	UKNW06-281	FT10	125
5535	UKNW06-354	FT10	81.5
5577	UKNW06-403	FT10	66.75
5644	UKNW06-481	FT10	60.75
5720	Cal-2	FT10	92
5726	Cnt-1	FT10	74
5741	For-2	FT10	97.25
5748	Kil-0	FT10	60.75
5757	Mc-1	FT10	87.75
5768	UKID63	FT10	96.25
5772	Set-1	FT10	66.75
5778	Sna-1	FT10	66.25
5779	UKID74	FT10	90.5
5784	Ty-1	FT10	101.75
5800	UKID96	FT10	61.75
5811	UKID107	FT10	72
5818	UKID114	FT10	65.75
5822	UKID116	FT10	112.75
5829	Ale1-2	FT10	66.75
5830	App1-12	FT10	97.75
5831	App1-14	FT10	99.5
5832	App1-16	FT10	88.5
5835	Bil-3	FT10	73
5837	Bor-1	FT10	80.5
5856	Dör-10	FT10	119
5865	Dra1-4	FT10	109.75
5867	Dra2-1	FT10	130.5
5874	DraII-6	FT10	78
5890	DraIV 1-8	FT10	78.25
5893	DraIV 1-11	FT10	73.75
5907	DraIV 2-9	FT10	66.5
5921	DraIV 3-7	FT10	82.5
5950	DraIV 5-12	FT10	81.25
5964	DraIV 5-28	FT10	72.5
5984	DraIV 6-13	FT10	66.75
5993	DraIV 6-22	FT10	82.5
6008	Duk	FT10	73.5
6009	Eden-1	FT10	103
6011	Eden-6	FT10	97.3333333333
6012	Eden-7	FT10	102
6013	Eden-9	FT10	93.75
6016	Eds-1	FT10	87.3333333333
6017	Eds-9	FT10	96.5
6019	Fjä1-2	FT10	103.5
6020	Fjä1-5	FT10	94
6021	Fjä2-4	FT10	94.25
6023	Fly2-1	FT10	93.75
6024	Fly2-2	FT10	106.75
6025	Gro-3	FT10	129.25
6030	Grön-5	FT10	107.25
6034	Hov1-7	FT10	102.75
6035	Hov1-10	FT10	83
6036	Hov3-2	FT10	94.25
6038	Hov3-5	FT10	91.25
6039	Hovdala-2	FT10	91
6040	Kni-1	FT10	93.25
6041	Lis-3	FT10	78.75
6042	Lom1-1	FT10	63.5
6043	Löv-1	FT10	110
6046	Löv-5	FT10	117.25
6064	Nyl-2	FT10	103.666666667
6069	Nyl-7	FT10	107.25
6070	Omn-1	FT10	106.75
6071	Omn-5	FT10	120.75
6073	ÖMö1-7	FT10	102.25
6074	Ör-1	FT10	101
6076	Rev-2	FT10	121.5
6085	Sparta-1	FT10	124.25
6086	Sr:3	FT10	100.5
6088	Stu1-1	FT10	107.666666667
6090	T1000	FT10	94.75
6092	T1020	FT10	103
6094	T1040	FT10	101.75
6097	T1070	FT10	114.5
6098	T1080	FT10	112.25
6099	T1090	FT10	117
6100	T1110	FT10	102
6102	T1130	FT10	122.333333333
6104	T1160	FT10	100
6105	T450	FT10	97.75
6106	T460	FT10	102
6107	T470	FT10	119
6108	T480	FT10	78.75
6109	T510	FT10	100.75
6111	T530	FT10	111.75
6112	T540	FT10	94.5
6113	T550	FT10	132.666666667
6114	T570	FT10	97
6115	T580	FT10	97.5
6118	T610	FT10	98.25
6122	T670	FT10	101.5
6124	T690	FT10	129.5
6125	T710	FT10	106.25
6126	T720	FT10	103.25
6127	T730	FT10	124
6128	T740	FT10	122.333333333
6129	T750	FT10	109.75
6131	T780	FT10	119
6132	T790	FT10	106
6133	T800	FT10	111.75
6134	T810	FT10	110
6136	T840	FT10	96.5
6137	T850	FT10	92.5
6138	T860	FT10	97
6140	T880	FT10	98.75
6142	T900	FT10	98.5
6145	T930	FT10	116
6148	T960	FT10	105
6149	T970	FT10	106
6150	T980	FT10	111.333333333
6151	T990	FT10	99.5
6153	TAA 03	FT10	149.25
6154	TAA 04	FT10	149.333333333
6163	TAA 14	FT10	157.5
6166	TAA 17	FT10	144
6169	TÅD 01	FT10	116
6171	TÅD 03	FT10	103.25
6172	TÅD 04	FT10	110.5
6173	TÅD 05	FT10	91.75
6174	TÅD 06	FT10	100
6177	TÄL 03	FT10	99
6180	TÄL 07	FT10	71
6184	TBÖ 01	FT10	93.6666666667
6188	TDr-1	FT10	73.25
6189	TDr-2	FT10	74
6191	TDr-4	FT10	78.3333333333
6192	TDr-5	FT10	95
6193	TDr-7	FT10	83
6194	TDr-8	FT10	110.5
6195	TDr-9	FT10	83.75
6197	TDr-11	FT10	75.25
6198	TDr-13	FT10	88.25
6201	TDr-16	FT10	94.25
6202	TDr-17	FT10	109.75
6203	TDr-18	FT10	108
6209	TEDEN 02	FT10	94
6210	TEDEN 03	FT10	100.75
6216	TFÄ 06	FT10	134.5
6217	TFÄ 07	FT10	111.25
6218	TFÄ 08	FT10	124
6220	TGR 01	FT10	103
6221	TGR 02	FT10	108
6231	TNY 04	FT10	109.25
6235	TOM 01	FT10	119.5
6237	TOM 03	FT10	106
6238	TOM 04	FT10	104.5
6240	TOM 06	FT10	98.25
6241	TOM 07	FT10	96.25
6242	Tomegap-2	FT10	83.6666666667
6243	Tottarp-2	FT10	66.75
6244	TRÄ 01	FT10	90.75
6252	TV-4	FT10	122.75
6255	TV-7	FT10	134
6258	TV-10	FT10	119.25
6268	TV-22	FT10	115
6276	TV-30	FT10	131
6284	TV-38	FT10	117.5
6288	Udu-12	FT10	87.5
6296	UduI 1-11	FT10	75
630	LI-OF-065	FT10	73.5
6390	UduI 3-36	FT10	71.75
6396	UduI 4-9	FT10	82.75
6413	Ull3-4	FT10	104.25
6424	ZdrI 1-23	FT10	77
6434	ZdrI 2-9	FT10	62.75
6445	ZdrI 2-21	FT10	67
6680	ANH-1	FT10	99.25
6709	Bg-2	FT10	69
6744	CSHL-5	FT10	63.25
6830	Kz-13	FT10	69.75
6897	Ag-0	FT10	68
6898	An-1	FT10	57.5
6900	Bil-5	FT10	116
6901	Bil-7	FT10	95.5
6903	Bor-4	FT10	81.5
6904	Br-0	FT10	72.25
6906	C24	FT10	55.75
6907	CIBC-17	FT10	72
6908	CIBC-5	FT10	66
6909	Col-0	FT10	70.5
6911	Cvi-0	FT10	62.75
6913	Eden-2	FT10	120.666666667
6915	Ei-2	FT10	76.5
6916	Est-1	FT10	75
6917	Fäb-2	FT10	144
6918	Fäb-4	FT10	123
6919	Ga-0	FT10	76.75
6920	Got-22	FT10	86.75
6921	Got-7	FT10	83.25
6922	Gu-0	FT10	71
6923	HR-10	FT10	57
6924	HR-5	FT10	61.5
6926	Kin-0	FT10	66.25
6927	KNO-10	FT10	73.5
6928	KNO-18	FT10	77.25
6929	Kondara	FT10	78.5
6931	Kz-9	FT10	59.75
6932	Ler-1	FT10	63.5
6933	LL-0	FT10	63.75
6936	Lz-0	FT10	80.5
6937	Mrk-0	FT10	75.75
6938	Ms-0	FT10	72
6939	Mt-0	FT10	61.25
6940	Mz-0	FT10	64.25
6943	NFA-10	FT10	60.75
6944	NFA-8	FT10	63.75
6945	Nok-3	FT10	76.5
6951	Pu2-23	FT10	79.5
6956	Pu2-7	FT10	84.5
6957	Pu2-8	FT10	81.25
6958	Ra-0	FT10	68.75
6959	Rennes-1	FT10	71.75
6960	Rennes-11	FT10	55
6961	Se-0	FT10	59
6963	Sorbo	FT10	78.75
6964	Spr1-2	FT10	94.75
6965	Spr1-6	FT10	94.6666666667
6966	Sq-1	FT10	62.25
6967	Sq-8	FT10	62.75
6968	Tamm-2	FT10	92.5
6969	Tamm-27	FT10	91.25
6970	Ts-1	FT10	62.5
6971	Ts-5	FT10	66.25
6972	Tsu-1	FT10	79.5
6973	Ull2-3	FT10	77.25
6974	Ull2-5	FT10	108.75
6975	Uod-1	FT10	67.25
6976	Uod-7	FT10	71.25
6979	Wei-0	FT10	54.75
6981	Ws-2	FT10	62.25
6982	Wt-5	FT10	78.5
6984	Zdr-1	FT10	69.25
6985	Zdr-6	FT10	65.5
6986	Abd-0	FT10	61.5
6987	Ak-1	FT10	69
6989	Alst-1	FT10	78.25
6990	Amel-1	FT10	79
6992	Ang-0	FT10	68
6994	Ann-1	FT10	79
6997	Appt-1	FT10	81
7000	Aa-0	FT10	78
7002	Baa-1	FT10	80.25
7003	Bs-1	FT10	71.75
7008	Benk-1	FT10	95.5
7010	Be-0	FT10	77
7013	Bd-0	FT10	63
7014	Ba-1	FT10	81.5
7025	Bl-1	FT10	71.5
7026	Boot-1	FT10	69
7028	Bch-1	FT10	57.5
7031	Bsch-0	FT10	78.25
7033	Buckhorn Pass	FT10	78.75
7036	Bu-0	FT10	67.75
7058	Bur-0	FT10	87.25
7061	Cal-0	FT10	87.25
7062	Ca-0	FT10	62.25
7063	Can-0	FT10	72.25
7064	Cnt-1	FT10	68.3333333333
7067	Ct-1	FT10	58.75
7068	Cerv-1	FT10	63.75
7071	Chat-1	FT10	64.25
7072	Chi-0	FT10	70.25
7075	Cit-0	FT10	96
7077	Co-1	FT10	54.5
7081	Co	FT10	58.5
7092	Com-1	FT10	68
7094	Da-0	FT10	67.25
7096	Di-G	FT10	65.5
7098	Di-1	FT10	58.5
7102	Do-0	FT10	87.25
7103	Dra-0	FT10	62.25
7106	Dr-0	FT10	76.5
7107	Durh-1	FT10	67.25
7109	Ema-1	FT10	60.75
7111	Edi-0	FT10	86
7117	El-0	FT10	58
7119	En-2	FT10	65.5
7120	En-D	FT10	62.5
7123	Ep-0	FT10	70.75
7125	Er-0	FT10	69.25
7126	Es-0	FT10	95.5
7127	Est	FT10	59.75
7130	Et-0	FT10	91.6666666667
7133	Fr-2	FT10	76
7138	Fi-0	FT10	85.5
7143	Gel-1	FT10	83
7147	Gie-0	FT10	74.5
7148	Gifu-2	FT10	73.75
7158	Gr-5	FT10	63.3333333333
7160	Gre-0	FT10	72.25
7161	Gd-1	FT10	61.25
7162	Hs-0	FT10	65
7163	Ha-0	FT10	66.5
7164	Hau-0	FT10	69.75
7165	Hn-0	FT10	71.5
7166	Hey-1	FT10	67.25
7169	Hh-0	FT10	82.5
7177	Jm-0	FT10	65.75
7181	Je-0	FT10	96.75
7186	Kn-0	FT10	75
7192	Kil-0	FT10	68.75
7199	Kl-5	FT10	66.5
7202	Kb-0	FT10	63
7203	Krot-0	FT10	67.25
7206	Kro-0	FT10	65
7207	Kyoto	FT10	70.25
7208	Lan-0	FT10	73
7209	La-0	FT10	63.5
7213	Ler-0	FT10	65.5
7217	Lm-2	FT10	56.5
7218	Le-0	FT10	75
7223	Li-2:1	FT10	75.75
7231	Li-7	FT10	65.75
7236	Litva	FT10	73.5
7244	Mnz-0	FT10	68
7248	Mv-0	FT10	71.5
7250	Me-0	FT10	58
7252	Mc-0	FT10	112.666666667
7255	Mh-0	FT10	62
7258	Nw-0	FT10	71
7263	Nz-1	FT10	61.75
7268	Np-0	FT10	65.75
7273	No-0	FT10	77
7276	Ob-0	FT10	73.75
7280	Old-1	FT10	80.75
7282	Or-0	FT10	62.5
7287	Ove-0	FT10	71
7288	Oy-0	FT10	82.5
7296	Petergof	FT10	84.25
7298	Pi-0	FT10	81.75
7305	Pt-0	FT10	79.25
7306	Pog-0	FT10	76.5
7307	Pn-0	FT10	78.5
7308	Po-0	FT10	84.75
7314	Ragl-1	FT10	66
7316	Rhen-1	FT10	81.25
7319	Rome-1	FT10	58.5
7320	Rou-0	FT10	80.75
7322	Rsch-4	FT10	76.5
7323	Rubezhnoe-1	FT10	75.75
7327	Sf-1	FT10	64.5
7328	Sf-2	FT10	56.25
7329	Santa Clara	FT10	66.75
7330	Sapporo-0	FT10	85.25
7332	Seattle-0	FT10	64
7333	Sei-0	FT10	68.75
7337	Si-0	FT10	74.5
7342	Su-0	FT10	83
7343	Sp-0	FT10	72
7344	Sg-1	FT10	73.5
7346	Sten-0	FT10	78.25
7347	Stw-0	FT10	64.75
7349	Ta-0	FT10	81.25
7350	Tac-0	FT10	80
7351	Ty-0	FT10	97.3333333333
7353	Tha-1	FT10	86
7354	Ting-1	FT10	100.25
7355	Tiv-1	FT10	80.75
7356	Tol-0	FT10	88
7372	Tscha-1	FT10	83
7373	Tsu-0	FT10	81.25
7377	Tul-0	FT10	75.75
7378	Uk-1	FT10	71.25
7382	Utrecht	FT10	55.5
7383	Van-0	FT10	60.5
7384	Ven-1	FT10	76.25
7387	Vind-1	FT10	60.75
7394	Wa-1	FT10	56.75
7396	Ws-0.2	FT10	61.5
7404	Wc-1	FT10	68.5
7411	Wl-0	FT10	66
7413	Wil-2	FT10	69.25
7415	Wu-0	FT10	72.25
7416	Yo-0	FT10	81.5
7417	Zu-0	FT10	86.3333333333
7418	Zu-1	FT10	63.5
7419	Db-1	FT10	69
7424	Jl-3	FT10	57.75
7427	Ko-2	FT10	101
7430	Nc-1	FT10	72.5
7438	N13	FT10	77.75
7458	Ber	FT10	79.5
7460	Da(1)-12	FT10	75
7461	H55	FT10	68
7471	RLD-1	FT10	56.25
7477	WAR	FT10	74
7514	RRS-7	FT10	80.25
7515	RRS-10	FT10	73.75
7516	Vår2-1	FT10	105
7517	Vår2-6	FT10	115
7518	ÖMö2-1	FT10	93.25
7519	ÖMö2-3	FT10	90.25
7520	Lp2-2	FT10	73.25
7521	Lp2-6	FT10	70.75
7522	Mr-0	FT10	93
7523	Pna-17	FT10	80
7524	Rmx-A02	FT10	61.25
7525	Rmx-A180	FT10	63
7526	Pna-10	FT10	75.5
763	Kar-1	FT10	65.75
765	Sus-1	FT10	56.75
766	Dja-1	FT10	63.5
768	Zal-1	FT10	76.5
770	Kyr-1	FT10	75.25
7717	KNO1.37	FT10	82.75
772	Neo-6	FT10	67.5
7917	PNA3.10	FT10	82.25
7947	PNA3.40	FT10	82.25
801	KYC-33	FT10	94.75
8077	PT2.21	FT10	70
8132	RMX3.22	FT10	74
8213	Pro-0	FT10	58.75
8214	Gy-0	FT10	65
8222	Lis-2	FT10	100
8227	THÖ 03	FT10	120
8230	Algutsrum	FT10	110.333333333
8231	Brö1-6	FT10	100.75
8233	Dem-4	FT10	75.5
8234	Gul1-2	FT10	102.666666667
8235	Hod	FT10	74.5
8236	HSm	FT10	74
8237	Kävlinge-1	FT10	97.25
8238	Kent	FT10	79.5
8239	PHW-3	FT10	56
8240	Kulturen-1	FT10	94.5
8241	Liarum	FT10	90.75
8242	Lillö-1	FT10	116.75
8243	PHW-2	FT10	80
8244	PHW-34	FT10	90.5
8246	NC-6	FT10	70.5
8247	San-2	FT10	98
8249	Vimmerby	FT10	93.75
8256	Bå1-2	FT10	73.25
8258	Bå4-1	FT10	93
8259	Bå5-1	FT10	88
8264	Bla-1	FT10	65.5
8266	Boo2-1	FT10	105
8275	Cen-0	FT10	78.3333333333
8283	Dra3-1	FT10	84.25
8284	DraII-1	FT10	83.25
8285	DraIII-1	FT10	66.5
8290	En-1	FT10	63.25
8297	Ge-0	FT10	85.75
8304	Hi-0	FT10	57
8306	Hov4-1	FT10	102.5
8307	Hovdala-6	FT10	79.25
8311	In-0	FT10	65.5
8312	Is-0	FT10	65.75
8314	Ka-0	FT10	64
8325	Lip-0	FT10	77
8326	Lis-1	FT10	86.75
8334	Lu-1	FT10	74.75
8335	Lund	FT10	100
8337	Mir-0	FT10	74
8343	Na-1	FT10	81.25
8351	Ost-0	FT10	103
8353	Pa-1	FT10	50.75
8354	Per-1	FT10	82
8357	Pla-0	FT10	71.75
8365	Rak-2	FT10	74
8366	Rd-0	FT10	78.3333333333
8369	Rev-1	FT10	98
8376	Sanna-2	FT10	103
8378	Sap-0	FT10	66.25
8386	Sr:5	FT10	75
8387	St-0	FT10	74.25
8395	Tu-0	FT10	75.75
8419	Wil-1	FT10	94.25
8420	Kelsterbach-4	FT10	74.75
8422	Fjä1-1	FT10	116.75
8423	Hov2-1	FT10	98.5
8424	Kas-2	FT10	68.25
8424	Kas-2	FT10	68.25
8426	Ull1-1	FT10	62.75
8428	Uod-2	FT10	66.75
8430	Lisse	FT10	90.5
8472	LP3413.41	FT10	63.5
8584	328ME059	FT10	89
870	MIC-31	FT10	72.5
88	CYR	FT10	61.25
9045	RMXF413.15	FT10	88.75
9057	Vinslöv	FT10	87.5
9058	Västervik	FT10	113.25
9061	Dog-5	FT10	97.25
9063	Dog-7	FT10	97.75
9064	Dog-8	FT10	94.75
9066	Xan-2	FT10	95.25
9067	Xan-3	FT10	101.75
9069	Xan-5	FT10	82.75
9070	Xan-6	FT10	80
9073	Lerik1-2	FT10	93.25
9075	Lerik1-4	FT10	93.25
9078	Lerik1-7	FT10	100.25
9079	Lerik2-1	FT10	101
9081	Lerik2-3	FT10	91.25
9082	Lerik2-4	FT10	91.25
9084	Lerik2-6	FT10	103.75
9085	Lerik2-7	FT10	103
9089	Nar-3	FT10	88.6666666667
9090	Nar-4	FT10	89.5
9091	Nar-5	FT10	99.75
9094	Istisu-4	FT10	93.5
9095	Istisu-5	FT10	104
9096	Istisu-6	FT10	105
9098	Istisu-8	FT10	99.75
9099	Istisu-9	FT10	100.25
9100	Lag1-2	FT10	77.5
9102	Lag1-4	FT10	83.75
9103	Lag1-5	FT10	83.25
9104	Lag1-6	FT10	60.75
9105	Lag1-7	FT10	77.25
9106	Lag1-8	FT10	87.25
9111	Lag2-4	FT10	100.5
9113	Lag2-6	FT10	76
9114	Lag2-7	FT10	99.75
9115	Lag2-10	FT10	91.25
9119	Bak-3	FT10	97.5
9120	Bak-4	FT10	105.5
9121	Bak-5	FT10	105.25
9124	Bak-9	FT10	104.5
9125	Geg-14	FT10	74
9128	Yeg-2	FT10	69.5
9130	Yeg-4	FT10	72.75
9131	Yeg-5	FT10	72.5
9133	Yeg-7	FT10	73.25
9134	Yeg-8	FT10	79.75
915	LIN S-5	FT10	63.75
9298	Edi-1	FT10	60
9312	Ullapool-8	FT10	75.25
9314	Gol-2	FT10	74.25
932	CHA-41	FT10	78
9321	Ådal 1	FT10	106.75
9323	Ådal 3	FT10	97
9330	Bag 1	FT10	90.5
9332	Bar 1	FT10	114.25
9336	Bön 1	FT10	84
9339	Böt 1	FT10	104.5
9343	Dju-1	FT10	94.5
9352	Död 2	FT10	127.75
9353	Död 3	FT10	126
9356	Eden 17	FT10	100.5
9363	EdJ 2	FT10	134
9369	EkS 2	FT10	81.75
9371	FäL 1	FT10	129.25
9380	FlyA 3	FT10	101
9381	Fri 1	FT10	98.25
9382	Fri 2	FT10	99
9383	Fri 3	FT10	99.3333333333
9386	Grön 12	FT10	115.5
9388	Grön 14	FT10	127.25
9390	Hadd-1	FT10	79.75
9391	Hadd-2	FT10	85
9392	Hadd-3	FT10	87.25
9394	Hag-2	FT10	110.666666667
9395	Hal-1	FT10	104.5
9399	Hamm-1	FT10	97
9402	Hel-3	FT10	92.25
9404	HolA-1 1	FT10	95
9405	HolA-1 2	FT10	103.5
9407	HolA-2 2	FT10	91.75
9408	Kal 1	FT10	108.25
9409	Kia 1	FT10	108.25
9412	Kor 3	FT10	87.25
9413	Kor 4	FT10	86
9416	Kru-3	FT10	135.5
9421	Lan 1	FT10	107
9427	Näs 2	FT10	96.75
9433	Nyl 13	FT10	138
9434	Öde 2	FT10	110.25
9436	Puk-1	FT10	89
9437	Puk-2	FT10	91.75
9442	Sim-1	FT10	104.75
9450	Spro 1	FT10	88
9451	Spro 2	FT10	107.5
9452	Spro 3	FT10	101.5
9453	Stenk-2	FT10	106.5
9454	Stenk-3	FT10	101.25
9455	Stenk-4	FT10	93.25
9470	Tur-4	FT10	102.666666667
9476	VårA 1	FT10	120.25
9481	Yst-1	FT10	110.5
9503	11C1	FT10	64
9506	IP-Alo-0	FT10	77.75
9507	IP-Coa-0	FT10	55
9508	IP-Mos-1	FT10	62
9509	IP-Reg-0	FT10	64.5
9510	IP-Rei-0	FT10	59.25
9511	IP-Vav-0	FT10	64.25
9512	IP-Vid-1	FT10	51.25
9513	IP-Adc-5	FT10	71.75
9514	IP-Adm-0	FT10	72.5
9515	IP-Ala-0	FT10	56.25
9516	IP-Ali-1	FT10	67.75
9517	IP-All-0	FT10	64
9518	IP-Alm-0	FT10	92
9519	IP-Ang-0	FT10	77.25
9520	IP-Ara-4	FT10	113.5
9521	IP-Bar-1	FT10	69.75
9522	IP-Bea-0	FT10	59
9523	IP-Ben-0	FT10	86.75
9524	IP-Ber-0	FT10	97.25
9525	IP-Bis-0	FT10	91.75
9526	IP-Cab-3	FT10	65
9527	IP-Cad-0	FT10	86.25
9528	IP-Cal-0	FT10	105.333333333
9529	IP-Cap-1	FT10	65
9530	IP-Car-1	FT10	90.5
9531	IP-Cdc-3	FT10	91
9532	IP-Cdo-0	FT10	106
9533	IP-Cem-0	FT10	89
9534	IP-Cmo-3	FT10	69.75
9535	IP-Coc-1	FT10	93.5
9536	IP-Cor-0	FT10	99
9537	IP-Cum-1	FT10	64.25
9538	IP-Cur-4	FT10	82.5
9539	IP-Deh-1	FT10	78.5
9540	IP-Elb-0	FT10	75.25
9541	IP-Fue-2	FT10	68.5
9542	IP-Fun-0	FT10	90
9543	IP-Gra-0	FT10	94.3333333333
9544	IP-Gua-1	FT10	57.25
9545	IP-Her-12	FT10	83.5
9546	IP-Hom-4	FT10	148.5
9547	IP-Hor-0	FT10	79.25
9548	IP-Hoy-0	FT10	128
9549	IP-Hum-2	FT10	91
9550	IP-Iso-4	FT10	130.25
9551	IP-Jim-1	FT10	102
9552	IP-Lab-7	FT10	128.75
9553	IP-Ldd-0	FT10	100.75
9554	IP-Lso-0	FT10	94
9555	IP-Mar-1	FT10	93.5
9556	IP-Men-2	FT10	76.25
9557	IP-Moa-0	FT10	107.25
9558	IP-Moc-11	FT10	96.5
9559	IP-Mon-5	FT10	56.75
9560	IP-Mot-0	FT10	69.25
9561	IP-Mun-0	FT10	101
9562	IP-Mur-0	FT10	93.25
9563	IP-Nav-0	FT10	80.25
9564	IP-Nog-17	FT10	122.25
9565	IP-Orb-10	FT10	74.5
9566	IP-Oso-0	FT10	104
9567	IP-Pal-0	FT10	113
9568	IP-Pan-0	FT10	103.75
9569	IP-Pds-1	FT10	99
9570	IP-Pob-0	FT10	105
9571	IP-Pro-0	FT10	56.5
9572	IP-Pue-0	FT10	111.25
9573	IP-Rds-0	FT10	70.25
9574	IP-Rel-0	FT10	112
9575	IP-Ren-6	FT10	118.5
9576	IP-Rev-0	FT10	106
9577	IP-Ria-0	FT10	99.5
9578	IP-Sac-0	FT10	75.25
9579	IP-San-10	FT10	77
9580	IP-Scm-0	FT10	78.25
9581	IP-Sdv-3	FT10	111
9582	IP-Ses-0	FT10	95.75
9583	IP-Sne-0	FT10	96.75
9584	IP-Stp-0	FT10	88.5
9585	IP-Svi-0	FT10	52.25
9586	IP-Tam-0	FT10	97.5
9587	IP-Tdc-0	FT10	101
9588	IP-Tol-7	FT10	85
9589	IP-Tor-1	FT10	85.75
9590	IP-Trs-0	FT10	51.25
9591	IP-Vad-0	FT10	67
9592	IP-Vae-2	FT10	95
9593	IP-Vaz-0	FT10	109.5
9594	IP-Vdm-0	FT10	95
9595	IP-Vdt-0	FT10	80.5
9596	IP-Ver-5	FT10	73
9597	IP-Vig-1	FT10	69.75
9598	IP-Vim-0	FT10	87
9599	IP-Vin-0	FT10	84.75
9600	IP-Vis-0	FT10	89.5
9601	IP-Voz-0	FT10	97
9602	IP-Vpa-1	FT10	77.25
9603	IP-Vpe-3	FT10	96
9604	IP-Yan-1	FT10	109.25
9605	IP-Zar-0	FT10	104
9606	Aitba-1	FT10	63
9607	Panik-1	FT10	88.75
9608	Karag-2	FT10	58
9609	Adam-1	FT10	74.5
9610	Lesno-4	FT10	82.25
9611	Lesno-1	FT10	73.5
9612	Lesno-2	FT10	86.5
9613	Balan-1	FT10	81.75
9614	Kurga-3	FT10	85.5
9615	Parti-1	FT10	85.75
9616	Krazo-1	FT10	93.5
9617	Karag-1	FT10	70.75
9618	Kurga-2	FT10	89.25
9619	Basta-1	FT10	77.3333333333
9620	Basta-2	FT10	89.75
9621	Basta-3	FT10	92
9622	Bijisk-4	FT10	92
9623	Chaba-1	FT10	78.25
9624	Chaba-2	FT10	79.5
9625	Kolyv-2	FT10	91.75
9626	Kolyv-3	FT10	77.3333333333
9627	Kolyv-5	FT10	90.5
9628	Kolyv-6	FT10	78.5
9629	K-oze-1	FT10	98
9630	K-oze-3	FT10	84.75
9631	Lebja-1	FT10	98.5
9632	Lebja-2	FT10	92
9633	Lebja-4	FT10	88.25
9634	Masl-1	FT10	91
9635	Nosov-1	FT10	93.25
9636	Noveg-1	FT10	109.75
9637	Noveg-2	FT10	81.25
9638	Noveg-3	FT10	88.25
9639	Panke-1	FT10	78
9640	Rakit-1	FT10	92.75
9641	Rakit-2	FT10	82.6666666667
9642	Rakit-3	FT10	95.5
9643	Sever-1	FT10	85
9644	Zupan-1	FT10	76.75
9645	Gradi-1	FT10	77.5
9646	Aiell-1	FT10	62.5
9647	Basen-1	FT10	67.75
9648	Bisig-1	FT10	60
9649	Bivio-1	FT10	76.25
9650	Corig-1	FT10	83.25
9651	Filet-1	FT10	64
9652	Fondi-1	FT10	64.25
9653	Giffo-1	FT10	59.5
9654	Liri-1	FT10	62.25
9655	Marce-1	FT10	79
9656	Marti-1	FT10	78.25
9657	Melic-1	FT10	58.5
9658	Nicas-1	FT10	71.3333333333
9659	Pigna-1	FT10	71.25
9660	Sarno-1	FT10	53.25
9661	Cimin-1	FT10	55.25
9662	Stilo-1	FT10	80
9663	Teano-1	FT10	69.75
9664	Mitterberg-1-179	FT10	85.5
9665	Mitterberg-1-180	FT10	85.5
9666	Mitterberg-1-182	FT10	86.5
9667	Mitterberg-1-183	FT10	89
9668	Mitterberg-2-184	FT10	82.5
9669	Mitterberg-2-185	FT10	81
9670	Mitterberg-2-186	FT10	105.5
9671	Mitterberg-3-187	FT10	90.5
9672	Mitterberg-3-188	FT10	85.3333333333
9673	Mitterberg-3-189	FT10	87.5
9674	Mitterberg-4-190	FT10	86.75
9675	Mitterberg-4-191	FT10	78
9676	Mitterberg-4-192	FT10	87.75
9677	Mitterberg-4-193	FT10	81.75
9678	Mitterberg-4-194	FT10	69
9679	Castelfed-1-195	FT10	69.25
9680	Castelfed-1-196	FT10	62.75
9681	Castelfed-1-197	FT10	66.25
9682	Castelfed-1-198	FT10	77.75
9683	Castelfed-1-199	FT10	64
9684	Castelfed-2-200	FT10	84
9685	Castelfed-2-201	FT10	84.75
9686	Castelfed-2-202	FT10	84.3333333333
9687	Castelfed-2-203	FT10	88.5
9688	Castelfed-2-204	FT10	69
9689	Castelfed-3-205	FT10	67.75
9690	Castelfed-3-206	FT10	75.5
9691	Castelfed-3-207	FT10	74
9692	Castelfed-3-208	FT10	72
9693	Castelfed-3-209	FT10	68.5
9694	Castelfed-4-210	FT10	76.5
9695	Castelfed-4-211	FT10	103.5
9696	Castelfed-4-214	FT10	77.5
9697	Dolen-1	FT10	77.5
9698	Goced-1	FT10	81
9699	Kolar-1	FT10	74.25
9700	Dolna-1-10	FT10	80
9701	Ivano-1	FT10	85.5
9702	Kolar-2	FT10	81
9703	Melni-1	FT10	76.5
9704	Melni-2	FT10	75.5
9705	Choto-1	FT10	71.3333333333
9706	Dospa-1	FT10	95.25
9707	Podvi-1	FT10	80.5
9708	Kardz-1	FT10	89
9709	Zerev-1-34	FT10	82
9710	Zerev-1-35	FT10	80.5
9711	Dolna-1-39	FT10	75
9712	Dolna-1-40	FT10	77
9713	Stara-1	FT10	75.25
9714	Grivo-1	FT10	80.75
9715	Krepo-1	FT10	76.75
9716	Leska-1-44	FT10	102.666666667
9717	Kardz-2	FT10	90.25
9718	Smolj-1	FT10	78.75
9719	Koren-1	FT10	72.5
9720	Malak-1	FT10	100.75
9721	Schip-1	FT10	77.5
9722	Groch-1	FT10	99.5
9723	Slavi-2	FT10	76
9724	Leska-1-78	FT10	73.5
9725	Epidauros-1	FT10	61.25
9726	Faneronemi-3	FT10	67
9727	Olympia-2	FT10	61.25
9728	Stiav-1	FT10	77.5
9729	Stiav-2	FT10	96.75
9730	Bela-1	FT10	89
9731	Stiav-3	FT10	92.5
9732	Halca-1	FT10	82
9733	Bela-2	FT10	80
9734	Bela-3	FT10	84.25
9735	Bela-4	FT10	85.5
9736	Teiu-2	FT10	78
9737	Ulies-1	FT10	85.75
9738	Bran-1	FT10	79
9739	Toc-1	FT10	86
9740	Mandr-1	FT10	89.75
9741	Orast-1	FT10	88
9742	Teiu-1	FT10	78
9743	Furni-1	FT10	79.5
9744	Iasi-1	FT10	78.75
9745	Sij 1/96	FT10	79.5
9746	Malii-1	FT10	95.75
9747	Zabar-1	FT10	86
9748	Zagub-1	FT10	81
9749	Knjas-1	FT10	74.75
9750	Sukov-1	FT10	69
9751	Ruma-1-25	FT10	90.5
9752	Brest-1	FT10	91.75
9753	Ruma-1-27	FT10	101.25
9754	Sredn-1	FT10	79.25
9755	Vajug-1	FT10	88.75
9756	Staro-2	FT10	88.75
9757	Staro-1	FT10	93.75
9758	Altai-5	FT10	71.25
9759	Anz-0	FT10	61.5
9760	Baz-0	FT10	55.75
9761	Bik-1	FT10	65.25
9762	Etna-2	FT10	95.5
9764	Qar-8a	FT10	69.75
9766	Westkar-4	FT10	57.75
9767	Had-1b	FT10	70
9768	Ru4-16	FT10	74.5
9769	HE-1	FT10	66.5
9770	KBG2-13	FT10	67
9771	Pfn-N2.2-6	FT10	62.5
9772	Hof-1	FT10	67
9773	Obn-1	FT10	74.75
9774	Alt-1	FT10	68
9775	Berg-1	FT10	60
9776	Fell3-7	FT10	65.25
9777	Gn-1	FT10	66.5
9778	Bach-7	FT10	71.5
9779	Bai-10	FT10	63.25
9780	Fell2-4	FT10	72.25
9781	Kus2-2	FT10	60
9782	Lu3-30	FT10	63.25
9783	Tu-PK-7	FT10	76.5
9784	Erg2-6	FT10	60.25
9785	Ha-HBT1-2	FT10	63.25
9786	Ha-P-13	FT10	64.75
9787	HI-4	FT10	70.5
9788	KBG1-14	FT10	62.5
9789	Obh-13	FT10	65
9790	Gn2-3	FT10	66.75
9791	Haes-1	FT10	65.3333333333
9792	Lu4-2	FT10	62.75
9793	Ru-N2	FT10	62
9794	Tu-B1-2	FT10	69.25
9795	Wank-2	FT10	57.75
9796	Bach2-1	FT10	73.5
9797	Ha-HBT2-10	FT10	69
9798	Ha-P2-1	FT10	65.25
9799	Hart-2	FT10	66.25
9800	Ha-S-B	FT10	68.5
9801	Ha-SP-2	FT10	62
9802	Kus3-1	FT10	69.75
9803	Muh-2	FT10	63
9804	Obe1-15	FT10	65.75
9805	Pfn-10	FT10	70.5
9806	Ru-2	FT10	67
9807	Schl-7	FT10	67.5
9808	Tu-B2-3	FT10	75.25
9809	Tu-KB-6	FT10	74.75
9810	Tu-KS-7	FT10	69.25
9811	Tu-NK-12	FT10	69.75
9812	Tu-W1	FT10	67.75
9813	BI-4	FT10	65.75
9814	Fell1-10	FT10	71.5
9815	Ha-HBT3-11	FT10	72.5
9816	Tu-WH	FT10	63
9817	IP-Ace-0	FT10	64.25
9818	IP-Aln-30	FT10	79.5
9819	IP-Amu-0	FT10	98
9820	IP-Are-0	FT10	61.75
9821	IP-Aru-0	FT10	79.5
9822	IP-Aul-0	FT10	82
9823	IP-Bae-0	FT10	63
9824	IP-Bes-5	FT10	115.5
9825	IP-Boa-0	FT10	68.5
9826	IP-Bor-0	FT10	77
9827	IP-Bos-0	FT10	69.25
9828	IP-Bra-0	FT10	82.25
9829	IP-Bur-0	FT10	83.25
9830	IP-Bus-0	FT10	61.5
9831	IP-Cas-0	FT10	86.25
9832	IP-Cat-0	FT10	97
9833	IP-Cha-0	FT10	75.75
9834	IP-Cho-0	FT10	75
9835	IP-Cir-0	FT10	81.75
9836	IP-Cod-0	FT10	109.5
9837	IP-Con-0	FT10	76.3333333333
9838	IP-Cot-0	FT10	73.5
9839	IP-Coy-0	FT10	102.75
9840	IP-Dar-0	FT10	100.5
9841	IP-Ees-0	FT10	77.75
9842	IP-Ele-0	FT10	90.75
9843	IP-Elp-0	FT10	62.75
9844	IP-Esn-2	FT10	89.25
9845	IP-Evs-0	FT10	77.5
9846	IP-Ezc-2	FT10	116
9847	IP-Fel-2	FT10	60
9848	IP-Glo-1	FT10	85.75
9849	IP-Gud-3	FT10	99
9850	IP-Hec-0	FT10	95.5
9851	IP-Hue-3	FT10	119.5
9852	IP-Ini-0	FT10	76.25
9853	IP-Lac-0	FT10	56.75
9854	IP-Laf-1	FT10	58.75
9855	IP-Lam-0	FT10	73
9856	IP-Lch-0	FT10	75.25
9857	IP-Leg-0	FT10	65.75
9858	IP-Loz-0	FT10	120.75
9859	IP-Lro-0	FT10	76.25
9860	IP-Lum-0	FT10	80.75
9861	IP-Mac-0	FT10	107.5
9862	IP-Mad-0	FT10	67.5
9863	IP-Man-0	FT10	58.5
9864	IP-Mat-0	FT10	63.25
9865	IP-Mdc-0	FT10	93
9866	IP-Mdd-0	FT10	104.75
9867	IP-Mie-1	FT10	101.75
9868	IP-Moe-0	FT10	70.25
9869	IP-Moj-0	FT10	86.25
9870	IP-Moz-0	FT10	100.5
9871	IP-Nac-0	FT10	105
9872	IP-Nag-0	FT10	105.5
9873	IP-Ndc-0	FT10	66.75
9874	IP-Oja-0	FT10	68.75
9875	IP-Ovi-1	FT10	63.75
9876	IP-Pad-0	FT10	87.25
9877	IP-Pdl-0	FT10	124.75
9878	IP-Pee-0	FT10	113.25
9879	IP-Per-0	FT10	68.5
9880	IP-Pib-1	FT10	91.5
9881	IP-Pie-0	FT10	82
9882	IP-Pil-0	FT10	78.5
9883	IP-Piq-0	FT10	60
9884	IP-Pos-1	FT10	97
9885	IP-Prd-0	FT10	116.25
9886	IP-Pru-0	FT10	85.75
9887	IP-Pun-0	FT10	89.3333333333
9888	IP-Pva-1	FT10	86.25
9889	IP-Ras-0	FT10	153.5
9890	IP-Rib-1	FT10	96
9891	IP-Sal-0	FT10	83
9892	IP-Sam-0	FT10	88.5
9893	IP-Sca-0	FT10	60
9894	IP-Sen-0	FT10	88.25
9895	IP-Sfb-6	FT10	75.75
9896	IP-Slc-3	FT10	79.5
9897	IP-Smt-1	FT10	81
9898	IP-Som-0	FT10	97.75
9899	IP-Tau-0	FT10	70.75
9900	IP-Tri-0	FT10	53
9901	IP-Urd-1	FT10	117
9902	IP-Usa-0	FT10	98
9903	IP-Val-0	FT10	108
9904	IP-Vas-0	FT10	107.5
9905	IP-Ven-0	FT10	89.75
9906	IP-Mah-6	FT10	88
9907	ENC-2-1	FT10	67.5
9908	ESP-1-11	FT10	65.25
9909	GEN-8	FT10	87
991	Ale-Stenar-41-1	FT10	110.5
9910	BRI-2	FT10	70
9911	ARGE-1-15	FT10	66
9913	CON-7	FT10	81.5
9914	IST-29	FT10	74.75
9915	MAR-4-16	FT10	84.25
9916	MOL-1	FT10	68.75
9917	RAD-21	FT10	75.25
9918	SAUL-24	FT10	81.25
9919	BRE-14	FT10	67.75
992	Ale-Stenar-44-4	FT10	116
9920	DIR-9	FT10	64
9921	FOR-23	FT10	64.5
9922	MIL-2	FT10	62.75
9923	PLO-1	FT10	66.25
9924	PLY-20	FT10	66.5
9925	RUM-20	FT10	92.5
9926	TRE-1	FT10	67
9927	ARR-17	FT10	87.75
9928	BEZ-9	FT10	83.5
9929	ISS-20	FT10	85.25
9930	LEC-25	FT10	75.75
9931	MOU2-25	FT10	57
9932	NOZ-6	FT10	81.5
9933	VED-10	FT10	76.75
9934	QUI-8	FT10	56
9935	BAU-15	FT10	79.25
9936	LCL-16	FT10	71.75
9937	CATS-6	FT10	67
9938	WAV-8	FT10	67.25
9939	Aitba-2	FT10	75.25
9940	Toufl-1	FT10	67
9941	Fei-0	FT10	70
9942	Agu-1	FT10	65.6666666667
9943	Cdm-0	FT10	74
9944	Don-0	FT10	75.75
9945	Leo-1	FT10	113.5
9946	Mer-6	FT10	61.5
9947	Ped-0	FT10	104.5
9948	Pra-6	FT10	105
9949	Qui-0	FT10	76.75
9950	Vie-0	FT10	99
9951	Kly-1	FT10	98.75
9952	Kly-4	FT10	86
9953	Koz-2	FT10	88
9954	Leb-3	FT10	97.5
9955	Stepn-2	FT10	80.5
9956	Stepn-1	FT10	72.75
9957	Borsk-2	FT10	83.75
9958	Shigu-1	FT10	82
9959	Shigu-2	FT10	81.5
9960	Kidr-1	FT10	82.5
9961	Krazo-2	FT10	84.25
9962	Galdo-1	FT10	78
9963	Lago-1	FT10	75
9964	Mammo-1	FT10	70
9965	Mammo-2	FT10	70.5
9966	Monte-1	FT10	90.5
9967	Moran-1	FT10	70
9968	Timpo-1	FT10	66.75
9969	Valsi-1	FT10	68.75
997	Ale-Stenar-56-14	FT10	101.25
9970	Altenb-2	FT10	86.5
9971	Bozen-1.1	FT10	70.5
9972	Bozen-1.2	FT10	63
9973	Mitterberg-1-181	FT10	94.25
9974	Castelfed-4-212	FT10	94
9975	Castelfed-4-213	FT10	79.25
9976	Rovero-1	FT10	79
9977	Vezzano-2.1	FT10	94.75
9978	Vezzano-2.2	FT10	80.25
9979	Voeran-1	FT10	82.5
9980	Angel-1	FT10	68.5
9981	Angit-1	FT10	69.25
9982	Apost-1	FT10	85.5
9983	Ciste-1	FT10	63
9984	Ciste-2	FT10	65.75
9985	Slavi-1	FT10	71
9986	Jablo-1	FT10	89.3333333333
9987	Lecho-1	FT10	91
9988	Bak-2	FT10	95.5
9989	Bak-7	FT10	103.5
9990	Lag2-2	FT10	83.75
9991	Vash-1	FT10	90.5
9992	Dog-4	FT10	92.25
9993	Nemrut-1	FT10	97.75
9994	Ey15-2	FT10	78
9995	HKT2.4	FT10	64.25
9996	Nie1-2	FT10	61.3333333333
9997	Rue3.1-31	FT10	70.25
9998	Star-8	FT10	68
9999	TueSB30-3	FT10	72
10000	Tuescha-9	FT16	54.5
100000	Wil-1	FT16	48.25
10001	TueV-13	FT16	49.5
10002	TueWal-2	FT16	42.5
10003	WalHaesB4	FT16	57.66666667
10004	Bolin-1	FT16	79
10005	Copac-1	FT16	67.25
10006	Kastel-1	FT16	131.5
10007	Koch-1	FT16	61.25
10008	Sij-1	FT16	73
10009	Sij-2	FT16	77.75
10010	Sij-4	FT16	75.25
10011	Yeg-1	FT16	65.25
10012	Istisu-1	FT16	105.6666667
10013	Lerik1-3	FT16	100
10014	Xan-1	FT16	132
10015	Ara-1	FT16	51.25
10016	Del-10	FT16	72
10017	Petro-1	FT16	76.5
10018	Dobra-1	FT16	81.33333333
10019	KZ10	FT16	42
1002	Ale-Stenar-64-24	FT16	86.25
10020	Jl-2	FT16	48
10021	Hl-0	FT16	44
10022	Uk-3	FT16	45.25
10023	Strand-1	FT16	90
10024	Tnz-1	FT16	43.25
10025	Bsch-2	FT16	45.5
10026	Bg-5	FT16	49.5
1061	Brösarp-11-135	FT16	94.75
1062	Brösarp-15-138	FT16	68.25
1063	Brösarp-21-140	FT16	64.25
1074	Brösarp-61-162	FT16	90.75
108	LDV-18	FT16	52.25
1137	Gårdby-22-213	FT16	107.6666667
1158	Aledal-6-49	FT16	88
1254	Tos-82-387	FT16	106
1257	Tos-95-393	FT16	93.25
1317	Ängsö-74-430	FT16	102
1318	Ängsö-80-432	FT16	123
1363	Ham-7-233	FT16	96
1367	Ham-13-241	FT16	88.75
139	LDV-46	FT16	52.75
1435	Röd-17-319	FT16	45.66666667
1552	Sku-30	FT16	115.3333333
1585	Hen-16-268	FT16	103.25
159	MAR2-3	FT16	56.75
1829	Mdn-1	FT16	99
1853	MNF-Pot-21	FT16	69.33333333
1872	MNF-Pot-75	FT16	82.5
1890	MNF-Riv-21	FT16	75.75
1925	MNF-Che-2	FT16	89.5
1954	MNF-Jac-12	FT16	101
2016	MNF-Pin-39	FT16	69.75
2171	Paw-26	FT16	82.5
2202	Pent-23	FT16	96.5
2276	SLSP-31	FT16	84.25
2278	SLSP-35	FT16	85
2317	Ste-40	FT16	53.5
265	PYL-6	FT16	47.25
350	TOU-A1-88	FT16	51.5
351	TOU-A1-89	FT16	65.33333333
403	Zdarec3	FT16	54.25
410	Doubravnik7	FT16	65.25
424	Draha2	FT16	68.25
428	Borky1	FT16	59
430	Gr-1	FT16	55
4779	UKSW06-179	FT16	50.25
4807	UKSW06-207	FT16	87.5
4826	UKSW06-226	FT16	51
4884	UKSW06-285	FT16	49.5
4900	UKSW06-302	FT16	50.25
4931	UKSW06-333	FT16	48
4958	UKSW06-360	FT16	100.25
5023	UKSE06-118	FT16	43.75
5104	UKSE06-252	FT16	40.75
5151	UKSE06-325	FT16	73.66666667
5165	UKSE06-362	FT16	81.75
5210	UKSE06-432	FT16	78
5236	UKSE06-470	FT16	43.5
5253	UKSE06-500	FT16	38
5276	UKSE06-533	FT16	49.75
5349	UKSE06-639	FT16	97.33333333
5353	UKNW06-003	FT16	62.5
5486	UKNW06-233	FT16	37.5
5506	UKNW06-281	FT16	132
5535	UKNW06-354	FT16	70.75
5577	UKNW06-403	FT16	51
5644	UKNW06-481	FT16	46.25
5720	Cal-2	FT16	63.33333333
5726	Cnt-1	FT16	48
5741	For-2	FT16	88.5
5748	Kil-0	FT16	41.75
5757	Mc-1	FT16	66.66666667
5768	UKID63	FT16	85
5772	Set-1	FT16	49
5778	Sna-1	FT16	42.5
5779	UKID74	FT16	67
5784	Ty-1	FT16	69.25
5800	UKID96	FT16	39
5811	UKID107	FT16	46
5818	UKID114	FT16	40.33333333
5822	UKID116	FT16	111
5829	Ale1-2	FT16	53.66666667
5830	App1-12	FT16	75.33333333
5831	App1-14	FT16	93
5832	App1-16	FT16	87.33333333
5835	Bil-3	FT16	43.5
5837	Bor-1	FT16	55.25
5865	Dra1-4	FT16	101
5874	DraII-6	FT16	69.25
5890	DraIV 1-8	FT16	55.25
5893	DraIV 1-11	FT16	64.25
5907	DraIV 2-9	FT16	48.5
5921	DraIV 3-7	FT16	55.75
5950	DraIV 5-12	FT16	65.5
5964	DraIV 5-28	FT16	56.5
5984	DraIV 6-13	FT16	41.75
5993	DraIV 6-22	FT16	64.75
6008	Duk	FT16	43
6009	Eden-1	FT16	113.5
6011	Eden-6	FT16	112.5
6012	Eden-7	FT16	125
6013	Eden-9	FT16	93
6016	Eds-1	FT16	83.5
6017	Eds-9	FT16	104
6020	Fjä1-5	FT16	87.25
6021	Fjä2-4	FT16	87
6023	Fly2-1	FT16	89.25
6024	Fly2-2	FT16	116
6030	Grön-5	FT16	129
6034	Hov1-7	FT16	80.5
6035	Hov1-10	FT16	73.75
6036	Hov3-2	FT16	86.33333333
6038	Hov3-5	FT16	77.25
6039	Hovdala-2	FT16	62
6040	Kni-1	FT16	82.5
6041	Lis-3	FT16	51.5
6042	Lom1-1	FT16	43
6043	Löv-1	FT16	130.6666667
6046	Löv-5	FT16	117
6064	Nyl-2	FT16	129.5
6069	Nyl-7	FT16	139
6070	Omn-1	FT16	119.3333333
6071	Omn-5	FT16	139.5
6073	ÖMö1-7	FT16	96.5
6074	Ör-1	FT16	85.75
6076	Rev-2	FT16	110.5
6085	Sparta-1	FT16	128
6086	Sr:3	FT16	100.75
6088	Stu1-1	FT16	128
6090	T1000	FT16	105
6092	T1020	FT16	89.5
6094	T1040	FT16	92.66666667
6097	T1070	FT16	94
6098	T1080	FT16	105
6099	T1090	FT16	113.6666667
6100	T1110	FT16	108.3333333
6102	T1130	FT16	103.5
6104	T1160	FT16	109.5
6105	T450	FT16	87.66666667
6106	T460	FT16	94.75
6107	T470	FT16	105.25
6108	T480	FT16	52.75
6109	T510	FT16	99
6111	T530	FT16	93.66666667
6112	T540	FT16	76.75
6114	T570	FT16	92
6115	T580	FT16	74.75
6118	T610	FT16	99.25
6122	T670	FT16	90
6124	T690	FT16	106
6125	T710	FT16	100
6126	T720	FT16	89
6127	T730	FT16	132.6666667
6128	T740	FT16	113
6129	T750	FT16	131
6131	T780	FT16	137
6132	T790	FT16	102.5
6133	T800	FT16	91.75
6134	T810	FT16	100.3333333
6136	T840	FT16	84.5
6137	T850	FT16	87.75
6138	T860	FT16	90.75
6140	T880	FT16	103.25
6142	T900	FT16	107.5
6145	T930	FT16	111.5
6148	T960	FT16	105.6666667
6149	T970	FT16	99
6150	T980	FT16	101.6666667
6151	T990	FT16	103.3333333
6153	TAA 03	FT16	116
6169	TÅD 01	FT16	113.5
6171	TÅD 03	FT16	108
6172	TÅD 04	FT16	114
6173	TÅD 05	FT16	101
6174	TÅD 06	FT16	128
6177	TÄL 03	FT16	105.5
6180	TÄL 07	FT16	41.25
6184	TBÖ 01	FT16	103.6666667
6188	TDr-1	FT16	53.5
6189	TDr-2	FT16	56.66666667
6191	TDr-4	FT16	58.5
6192	TDr-5	FT16	63
6193	TDr-7	FT16	54.5
6194	TDr-8	FT16	91.5
6195	TDr-9	FT16	59
6197	TDr-11	FT16	59
6198	TDr-13	FT16	92.5
6201	TDr-16	FT16	103
6202	TDr-17	FT16	128
6203	TDr-18	FT16	119.6666667
6209	TEDEN 02	FT16	107
6210	TEDEN 03	FT16	125
6217	TFÄ 07	FT16	127
6218	TFÄ 08	FT16	137
6220	TGR 01	FT16	117.3333333
6221	TGR 02	FT16	110
6237	TOM 03	FT16	109
6238	TOM 04	FT16	124
6240	TOM 06	FT16	125.6666667
6241	TOM 07	FT16	117.5
6242	Tomegap-2	FT16	86.5
6243	Tottarp-2	FT16	43.75
6244	TRÄ 01	FT16	108.25
6258	TV-10	FT16	126.6666667
6268	TV-22	FT16	128.6666667
6276	TV-30	FT16	143
6284	TV-38	FT16	131.5
6288	Udu-12	FT16	98
6296	UduI 1-11	FT16	47
630	LI-OF-065	FT16	58.75
6390	UduI 3-36	FT16	61.33333333
6396	UduI 4-9	FT16	70.75
6413	Ull3-4	FT16	95
6424	ZdrI 1-23	FT16	53
6434	ZdrI 2-9	FT16	40
6445	ZdrI 2-21	FT16	50
6680	ANH-1	FT16	92.33333333
6709	Bg-2	FT16	49.5
6744	CSHL-5	FT16	47.25
6830	Kz-13	FT16	41.25
6897	Ag-0	FT16	66.25
6898	An-1	FT16	34.25
6900	Bil-5	FT16	121.5
6901	Bil-7	FT16	117
6903	Bor-4	FT16	56.25
6904	Br-0	FT16	65.33333333
6907	CIBC-17	FT16	60.25
6908	CIBC-5	FT16	59
6909	Col-0	FT16	38
6911	Cvi-0	FT16	47.25
6915	Ei-2	FT16	56.75
6916	Est-1	FT16	45.66666667
6919	Ga-0	FT16	94
6920	Got-22	FT16	93.75
6921	Got-7	FT16	79.5
6922	Gu-0	FT16	44.5
6923	HR-10	FT16	41.5
6924	HR-5	FT16	47
6926	Kin-0	FT16	45.75
6927	KNO-10	FT16	63
6928	KNO-18	FT16	63.66666667
6929	Kondara	FT16	61.75
6931	Kz-9	FT16	48.5
6932	Ler-1	FT16	40.33333333
6933	LL-0	FT16	54.5
6936	Lz-0	FT16	56.5
6937	Mrk-0	FT16	57.25
6938	Ms-0	FT16	70.75
6939	Mt-0	FT16	44
6940	Mz-0	FT16	39.25
6943	NFA-10	FT16	42.5
6944	NFA-8	FT16	44.5
6945	Nok-3	FT16	56
6951	Pu2-23	FT16	59
6956	Pu2-7	FT16	72.5
6957	Pu2-8	FT16	84.66666667
6958	Ra-0	FT16	41.66666667
6959	Rennes-1	FT16	53.25
6960	Rennes-11	FT16	39.75
6961	Se-0	FT16	50.33333333
6963	Sorbo	FT16	64.25
6964	Spr1-2	FT16	103.3333333
6965	Spr1-6	FT16	113.3333333
6966	Sq-1	FT16	55.125
6967	Sq-8	FT16	42
6968	Tamm-2	FT16	91.33333333
6969	Tamm-27	FT16	96
6970	Ts-1	FT16	50.25
6971	Ts-5	FT16	63.66666667
6973	Ull2-3	FT16	46.25
6974	Ull2-5	FT16	125.25
6975	Uod-1	FT16	47.25
6976	Uod-7	FT16	69.5
6979	Wei-0	FT16	36
6981	Ws-2	FT16	43
6982	Wt-5	FT16	44
6984	Zdr-1	FT16	47.75
6985	Zdr-6	FT16	53
6986	Abd-0	FT16	43.75
6987	Ak-1	FT16	47.75
6989	Alst-1	FT16	61
6990	Amel-1	FT16	60.25
6992	Ang-0	FT16	54.25
6994	Ann-1	FT16	80
6997	Appt-1	FT16	56
7000	Aa-0	FT16	54
7002	Baa-1	FT16	59
7003	Bs-1	FT16	51
7008	Benk-1	FT16	95
7010	Be-0	FT16	54.25
7013	Bd-0	FT16	38.75
7014	Ba-1	FT16	74
7025	Bl-1	FT16	52.66666667
7026	Boot-1	FT16	45.5
7028	Bch-1	FT16	40.25
7031	Bsch-0	FT16	47.25
7033	Buckhorn Pass	FT16	76
7036	Bu-0	FT16	50.5
7058	Bur-0	FT16	66
7061	Cal-0	FT16	64
7062	Ca-0	FT16	38.25
7063	Can-0	FT16	51
7064	Cnt-1	FT16	66.66666667
7067	Ct-1	FT16	42.25
7068	Cerv-1	FT16	56
7071	Chat-1	FT16	45
7072	Chi-0	FT16	62
7077	Co-1	FT16	44.33333333
7081	Co	FT16	42.5
7092	Com-1	FT16	54.25
7094	Da-0	FT16	43.25
7096	Di-G	FT16	40.25
7098	Di-1	FT16	45.5
7102	Do-0	FT16	71
7103	Dra-0	FT16	36.75
7106	Dr-0	FT16	44.5
7107	Durh-1	FT16	50.75
7109	Ema-1	FT16	45.75
7117	El-0	FT16	36.5
7119	En-2	FT16	41
7120	En-D	FT16	42.75
7123	Ep-0	FT16	41
7125	Er-0	FT16	42.75
7126	Es-0	FT16	97.25
7127	Est	FT16	45.5
7130	Et-0	FT16	78.25
7133	Fr-2	FT16	46.25
7138	Fi-0	FT16	68.5
7143	Gel-1	FT16	44.5
7147	Gie-0	FT16	52.66666667
7148	Gifu-2	FT16	66
7158	Gr-5	FT16	47.75
7160	Gre-0	FT16	66.5
7161	Gd-1	FT16	39.33333333
7162	Hs-0	FT16	42.75
7163	Ha-0	FT16	44
7164	Hau-0	FT16	59.25
7165	Hn-0	FT16	43.5
7166	Hey-1	FT16	50.75
7169	Hh-0	FT16	78.25
7177	Jm-0	FT16	45.25
7181	Je-0	FT16	97
7186	Kn-0	FT16	49.75
7192	Kil-0	FT16	42
7199	Kl-5	FT16	37
7202	Kb-0	FT16	40.75
7203	Krot-0	FT16	44.5
7206	Kro-0	FT16	40.25
7207	Kyoto	FT16	49.75
7208	Lan-0	FT16	46
7209	La-0	FT16	45.25
7213	Ler-0	FT16	40
7217	Lm-2	FT16	38
7218	Le-0	FT16	51.25
7223	Li-2:1	FT16	54.75
7231	Li-7	FT16	45.33333333
7236	Litva	FT16	47.5
7244	Mnz-0	FT16	46
7248	Mv-0	FT16	66.66666667
7250	Me-0	FT16	37.75
7252	Mc-0	FT16	96.66666667
7255	Mh-0	FT16	47.33333333
7258	Nw-0	FT16	43.5
7263	Nz-1	FT16	41.66666667
7268	Np-0	FT16	43.66666667
7273	No-0	FT16	43.66666667
7276	Ob-0	FT16	49.25
7280	Old-1	FT16	46.5
7282	Or-0	FT16	37.5
7287	Ove-0	FT16	48.25
7288	Oy-0	FT16	70.25
7296	Petergof	FT16	62.5
7298	Pi-0	FT16	53.25
7305	Pt-0	FT16	51.5
7306	Pog-0	FT16	49.75
7307	Pn-0	FT16	72.33333333
7308	Po-0	FT16	54.5
7314	Ragl-1	FT16	42.25
7316	Rhen-1	FT16	89.25
7319	Rome-1	FT16	52.75
7320	Rou-0	FT16	74.5
7322	Rsch-4	FT16	51.75
7323	Rubezhnoe-1	FT16	64.25
7327	Sf-1	FT16	53.5
7328	Sf-2	FT16	51.33333333
7329	Santa Clara	FT16	42
7330	Sapporo-0	FT16	49
7332	Seattle-0	FT16	43.5
7333	Sei-0	FT16	39.75
7337	Si-0	FT16	47.5
7342	Su-0	FT16	65
7343	Sp-0	FT16	51.25
7344	Sg-1	FT16	47.66666667
7346	Sten-0	FT16	58.66666667
7347	Stw-0	FT16	47
7349	Ta-0	FT16	52.75
7350	Tac-0	FT16	52
7351	Ty-0	FT16	72.66666667
7353	Tha-1	FT16	70.5
7354	Ting-1	FT16	108.3333333
7355	Tiv-1	FT16	80.75
7356	Tol-0	FT16	64.33333333
7372	Tscha-1	FT16	54.5
7373	Tsu-0	FT16	54.75
7377	Tul-0	FT16	59.75
7378	Uk-1	FT16	52
7382	Utrecht	FT16	40
7383	Van-0	FT16	38
7384	Ven-1	FT16	65.75
7387	Vind-1	FT16	41.25
7394	Wa-1	FT16	41.75
7396	Ws-0.2	FT16	51.5
7404	Wc-1	FT16	41.33333333
7411	Wl-0	FT16	54
7413	Wil-2	FT16	48
7415	Wu-0	FT16	45.25
7416	Yo-0	FT16	78.66666667
7418	Zu-1	FT16	46.25
7419	Db-1	FT16	43.25
7424	Jl-3	FT16	35.5
7427	Ko-2	FT16	91.5
7430	Nc-1	FT16	42.25
7438	N13	FT16	65
7458	Ber	FT16	52
7460	Da(1)-12	FT16	37
7461	H55	FT16	48.75
7471	RLD-1	FT16	34
7477	WAR	FT16	52.25
7514	RRS-7	FT16	57.33333333
7515	RRS-10	FT16	73.5
7516	Vår2-1	FT16	117
7517	Vår2-6	FT16	113.75
7518	ÖMö2-1	FT16	80.66666667
7519	ÖMö2-3	FT16	89.66666667
7520	Lp2-2	FT16	48.75
7521	Lp2-6	FT16	54
7522	Mr-0	FT16	79.25
7523	Pna-17	FT16	68.75
7524	Rmx-A02	FT16	40.75
7525	Rmx-A180	FT16	41.75
7526	Pna-10	FT16	71
763	Kar-1	FT16	39
765	Sus-1	FT16	36.66666667
766	Dja-1	FT16	41.75
768	Zal-1	FT16	78.25
770	Kyr-1	FT16	72.25
7717	KNO1.37	FT16	76.25
772	Neo-6	FT16	43.5
7917	PNA3.10	FT16	68.75
7947	PNA3.40	FT16	81.5
801	KYC-33	FT16	88.25
8077	PT2.21	FT16	57.75
8132	RMX3.22	FT16	67.33333333
8213	Pro-0	FT16	36
8214	Gy-0	FT16	54.5
8222	Lis-2	FT16	93.25
8230	Algutsrum	FT16	103
8231	Brö1-6	FT16	108.6666667
8233	Dem-4	FT16	69.25
8234	Gul1-2	FT16	92.75
8235	Hod	FT16	68.75
8236	HSm	FT16	64.66666667
8237	Kävlinge-1	FT16	98.75
8238	Kent	FT16	52.25
8239	PHW-3	FT16	42.5
8240	Kulturen-1	FT16	83
8241	Liarum	FT16	66.25
8242	Lillö-1	FT16	132
8243	PHW-2	FT16	68.25
8244	PHW-34	FT16	58.5
8246	NC-6	FT16	76.5
8247	San-2	FT16	94.66666667
8249	Vimmerby	FT16	88
8256	Bå1-2	FT16	45.25
8259	Bå5-1	FT16	65.5
8264	Bla-1	FT16	63.5
8275	Cen-0	FT16	57
8283	Dra3-1	FT16	82.66666667
8284	DraII-1	FT16	76
8285	DraIII-1	FT16	51.66666667
8290	En-1	FT16	44.25
8297	Ge-0	FT16	79
8304	Hi-0	FT16	34.25
8306	Hov4-1	FT16	95
8307	Hovdala-6	FT16	64.25
8311	In-0	FT16	59.25
8312	Is-0	FT16	52
8314	Ka-0	FT16	42.33333333
8325	Lip-0	FT16	64.33333333
8326	Lis-1	FT16	58
8334	Lu-1	FT16	54
8335	Lund	FT16	92.25
8337	Mir-0	FT16	72.5
8343	Na-1	FT16	59.75
8351	Ost-0	FT16	97.5
8353	Pa-1	FT16	35.25
8354	Per-1	FT16	58.75
8357	Pla-0	FT16	55.5
8365	Rak-2	FT16	39.5
8366	Rd-0	FT16	62.75
8369	Rev-1	FT16	94.66666667
8376	Sanna-2	FT16	104
8378	Sap-0	FT16	50.33333333
8386	Sr:5	FT16	49
8387	St-0	FT16	48.33333333
8395	Tu-0	FT16	54.25
8419	Wil-1	FT16	58.75
8420	Kelsterbach-4	FT16	47.5
8422	Fjä1-1	FT16	116.25
8423	Hov2-1	FT16	69.75
8424	Kas-2	FT16	80
8424	Kas-2	FT16	75.5
8426	Ull1-1	FT16	40.25
8428	Uod-2	FT16	41.5
8430	Lisse	FT16	78
8472	LP3413.41	FT16	40.5
8584	328ME059	FT16	74.75
870	MIC-31	FT16	62.25
88	CYR	FT16	50.5
9045	RMXF413.15	FT16	78
9057	Vinslöv	FT16	67.5
9058	Västervik	FT16	123
9061	Dog-5	FT16	102.6666667
9063	Dog-7	FT16	98.75
9064	Dog-8	FT16	107.6666667
9066	Xan-2	FT16	101
9067	Xan-3	FT16	130
9069	Xan-5	FT16	90.75
9070	Xan-6	FT16	88.5
9073	Lerik1-2	FT16	101.5
9075	Lerik1-4	FT16	98.25
9078	Lerik1-7	FT16	104.25
9079	Lerik2-1	FT16	102
9081	Lerik2-3	FT16	99.66666667
9082	Lerik2-4	FT16	100.3333333
9084	Lerik2-6	FT16	114.25
9085	Lerik2-7	FT16	101
9089	Nar-3	FT16	125.5
9090	Nar-4	FT16	122
9091	Nar-5	FT16	97.5
9094	Istisu-4	FT16	91
9095	Istisu-5	FT16	113.3333333
9096	Istisu-6	FT16	121.3333333
9098	Istisu-8	FT16	99.5
9099	Istisu-9	FT16	112.6666667
9100	Lag1-2	FT16	74
9102	Lag1-4	FT16	80.75
9103	Lag1-5	FT16	82.75
9104	Lag1-6	FT16	60
9105	Lag1-7	FT16	78.75
9106	Lag1-8	FT16	87.5
9111	Lag2-4	FT16	89.25
9113	Lag2-6	FT16	70.25
9114	Lag2-7	FT16	100.5
9115	Lag2-10	FT16	71.75
9119	Bak-3	FT16	110
9120	Bak-4	FT16	125
9121	Bak-5	FT16	102
9124	Bak-9	FT16	118.25
9125	Geg-14	FT16	69.25
9128	Yeg-2	FT16	61
9130	Yeg-4	FT16	63.25
9131	Yeg-5	FT16	63.5
9133	Yeg-7	FT16	68
9134	Yeg-8	FT16	64.5
915	LIN S-5	FT16	43.5
9298	Edi-1	FT16	45.5
9312	Ullapool-8	FT16	57.5
9314	Gol-2	FT16	60
932	CHA-41	FT16	68.75
9321	Ådal 1	FT16	140
9323	Ådal 3	FT16	80.75
9332	Bar 1	FT16	129
9336	Bön 1	FT16	66.75
9339	Böt 1	FT16	116.5
9343	Dju-1	FT16	88
9352	Död 2	FT16	134.3333333
9353	Död 3	FT16	134
9356	Eden 17	FT16	118
9369	EkS 2	FT16	71.25
9371	FäL 1	FT16	145
9380	FlyA 3	FT16	98.25
9382	Fri 2	FT16	110.6666667
9383	Fri 3	FT16	103
9386	Grön 12	FT16	107.75
9388	Grön 14	FT16	137
9390	Hadd-1	FT16	55
9391	Hadd-2	FT16	64.5
9392	Hadd-3	FT16	59
9394	Hag-2	FT16	110.5
9395	Hal-1	FT16	118.25
9399	Hamm-1	FT16	91
9402	Hel-3	FT16	78.75
9404	HolA-1 1	FT16	78.75
9405	HolA-1 2	FT16	95.5
9407	HolA-2 2	FT16	75
9408	Kal 1	FT16	124
9409	Kia 1	FT16	119.25
9412	Kor 3	FT16	64
9413	Kor 4	FT16	75
9416	Kru-3	FT16	129
9421	Lan 1	FT16	103
9427	Näs 2	FT16	119.5
9433	Nyl 13	FT16	137
9434	Öde 2	FT16	102.25
9436	Puk-1	FT16	77.5
9437	Puk-2	FT16	90
9442	Sim-1	FT16	113.25
9450	Spro 1	FT16	78.5
9451	Spro 2	FT16	113.6666667
9452	Spro 3	FT16	103
9453	Stenk-2	FT16	129.5
9454	Stenk-3	FT16	138
9455	Stenk-4	FT16	102.75
9470	Tur-4	FT16	90.5
9476	VårA 1	FT16	126.3333333
9481	Yst-1	FT16	121
9503	11C1	FT16	53.5
9506	IP-Alo-0	FT16	69
9507	IP-Coa-0	FT16	46.66666667
9508	IP-Mos-1	FT16	60.66666667
9509	IP-Reg-0	FT16	59
9510	IP-Rei-0	FT16	55.75
9511	IP-Vav-0	FT16	55
9512	IP-Vid-1	FT16	40.25
9513	IP-Adc-5	FT16	63.33333333
9514	IP-Adm-0	FT16	83.33333333
9515	IP-Ala-0	FT16	51.25
9516	IP-Ali-1	FT16	58.66666667
9517	IP-All-0	FT16	35.75
9518	IP-Alm-0	FT16	87.5
9519	IP-Ang-0	FT16	64.5
9520	IP-Ara-4	FT16	120.5
9521	IP-Bar-1	FT16	68
9522	IP-Bea-0	FT16	60.33333333
9523	IP-Ben-0	FT16	84.66666667
9524	IP-Ber-0	FT16	99.66666667
9525	IP-Bis-0	FT16	81.25
9526	IP-Cab-3	FT16	56.33333333
9527	IP-Cad-0	FT16	76.5
9528	IP-Cal-0	FT16	89.5
9529	IP-Cap-1	FT16	63
9530	IP-Car-1	FT16	123
9531	IP-Cdc-3	FT16	92
9532	IP-Cdo-0	FT16	108.6666667
9533	IP-Cem-0	FT16	79
9534	IP-Cmo-3	FT16	65.66666667
9535	IP-Coc-1	FT16	89
9536	IP-Cor-0	FT16	103
9537	IP-Cum-1	FT16	56
9538	IP-Cur-4	FT16	98
9539	IP-Deh-1	FT16	91.25
9540	IP-Elb-0	FT16	88.25
9541	IP-Fue-2	FT16	61.5
9542	IP-Fun-0	FT16	107.25
9543	IP-Gra-0	FT16	89.66666667
9544	IP-Gua-1	FT16	53.5
9545	IP-Her-12	FT16	101
9547	IP-Hor-0	FT16	70
9549	IP-Hum-2	FT16	106.6666667
9550	IP-Iso-4	FT16	132
9551	IP-Jim-1	FT16	123
9553	IP-Ldd-0	FT16	106
9554	IP-Lso-0	FT16	104.25
9555	IP-Mar-1	FT16	100
9556	IP-Men-2	FT16	65
9557	IP-Moa-0	FT16	112
9558	IP-Moc-11	FT16	114.6666667
9559	IP-Mon-5	FT16	66.5
9560	IP-Mot-0	FT16	53.75
9561	IP-Mun-0	FT16	92
9562	IP-Mur-0	FT16	83.5
9563	IP-Nav-0	FT16	73.33333333
9565	IP-Orb-10	FT16	72.33333333
9566	IP-Oso-0	FT16	134
9567	IP-Pal-0	FT16	103.5
9568	IP-Pan-0	FT16	109.5
9569	IP-Pds-1	FT16	96.5
9570	IP-Pob-0	FT16	104.6666667
9571	IP-Pro-0	FT16	35.25
9572	IP-Pue-0	FT16	92.5
9573	IP-Rds-0	FT16	60
9575	IP-Ren-6	FT16	136
9576	IP-Rev-0	FT16	106.5
9577	IP-Ria-0	FT16	123.5
9578	IP-Sac-0	FT16	59.25
9579	IP-San-10	FT16	79.25
9580	IP-Scm-0	FT16	71
9581	IP-Sdv-3	FT16	118.5
9582	IP-Ses-0	FT16	93.75
9583	IP-Sne-0	FT16	89.5
9584	IP-Stp-0	FT16	85.5
9585	IP-Svi-0	FT16	32
9587	IP-Tdc-0	FT16	101.75
9588	IP-Tol-7	FT16	79.33333333
9589	IP-Tor-1	FT16	77.33333333
9590	IP-Trs-0	FT16	50.5
9591	IP-Vad-0	FT16	46
9592	IP-Vae-2	FT16	100
9593	IP-Vaz-0	FT16	109
9594	IP-Vdm-0	FT16	110.6666667
9595	IP-Vdt-0	FT16	66.75
9596	IP-Ver-5	FT16	61
9597	IP-Vig-1	FT16	60.66666667
9598	IP-Vim-0	FT16	91
9599	IP-Vin-0	FT16	90.25
9600	IP-Vis-0	FT16	73
9601	IP-Voz-0	FT16	77
9602	IP-Vpa-1	FT16	75.33333333
9603	IP-Vpe-3	FT16	98
9604	IP-Yan-1	FT16	134.6666667
9605	IP-Zar-0	FT16	115.5
9606	Aitba-1	FT16	41
9607	Panik-1	FT16	107.6666667
9608	Karag-2	FT16	45.25
9609	Adam-1	FT16	51
9610	Lesno-4	FT16	69.5
9611	Lesno-1	FT16	68
9612	Lesno-2	FT16	71.5
9613	Balan-1	FT16	71.66666667
9614	Kurga-3	FT16	86.75
9615	Parti-1	FT16	86
9616	Krazo-1	FT16	110.75
9617	Karag-1	FT16	66
9618	Kurga-2	FT16	85.5
9619	Basta-1	FT16	83
9620	Basta-2	FT16	74.33333333
9621	Basta-3	FT16	90.5
9622	Bijisk-4	FT16	81.66666667
9623	Chaba-1	FT16	72
9624	Chaba-2	FT16	74.33333333
9625	Kolyv-2	FT16	101.5
9626	Kolyv-3	FT16	70.25
9627	Kolyv-5	FT16	88.25
9628	Kolyv-6	FT16	69.25
9629	K-oze-1	FT16	74.66666667
9630	K-oze-3	FT16	79.5
9631	Lebja-1	FT16	140
9632	Lebja-2	FT16	90.33333333
9633	Lebja-4	FT16	77
9634	Masl-1	FT16	98
9635	Nosov-1	FT16	84.66666667
9636	Noveg-1	FT16	141
9637	Noveg-2	FT16	82.5
9638	Noveg-3	FT16	87.66666667
9639	Panke-1	FT16	73.25
9640	Rakit-1	FT16	80.75
9641	Rakit-2	FT16	87.66666667
9642	Rakit-3	FT16	86
9643	Sever-1	FT16	79
9644	Zupan-1	FT16	69
9645	Gradi-1	FT16	66.25
9646	Aiell-1	FT16	55.25
9647	Basen-1	FT16	55
9648	Bisig-1	FT16	61
9649	Bivio-1	FT16	67.25
9650	Corig-1	FT16	95
9651	Filet-1	FT16	49.66666667
9652	Fondi-1	FT16	62.5
9653	Giffo-1	FT16	52.5
9654	Liri-1	FT16	59
9655	Marce-1	FT16	71.66666667
9656	Marti-1	FT16	89
9657	Melic-1	FT16	48
9658	Nicas-1	FT16	66.5
9659	Pigna-1	FT16	66.66666667
9660	Sarno-1	FT16	40
9661	Cimin-1	FT16	42
9662	Stilo-1	FT16	70.33333333
9663	Teano-1	FT16	69.33333333
9664	Mitterberg-1-179	FT16	109.6666667
9665	Mitterberg-1-180	FT16	86.66666667
9666	Mitterberg-1-182	FT16	112
9667	Mitterberg-1-183	FT16	107
9668	Mitterberg-2-184	FT16	79.5
9669	Mitterberg-2-185	FT16	86
9670	Mitterberg-2-186	FT16	112.5
9671	Mitterberg-3-187	FT16	95
9672	Mitterberg-3-188	FT16	90.5
9673	Mitterberg-3-189	FT16	99.66666667
9674	Mitterberg-4-190	FT16	85
9675	Mitterberg-4-191	FT16	117
9676	Mitterberg-4-192	FT16	89
9677	Mitterberg-4-193	FT16	110.5
9678	Mitterberg-4-194	FT16	87
9679	Castelfed-1-195	FT16	79.75
9680	Castelfed-1-196	FT16	59.33333333
9681	Castelfed-1-197	FT16	92.25
9682	Castelfed-1-198	FT16	74.75
9683	Castelfed-1-199	FT16	71.75
9684	Castelfed-2-200	FT16	89.5
9685	Castelfed-2-201	FT16	89.75
9686	Castelfed-2-202	FT16	88
9687	Castelfed-2-203	FT16	83.33333333
9688	Castelfed-2-204	FT16	74
9689	Castelfed-3-205	FT16	83
9690	Castelfed-3-206	FT16	81.66666667
9691	Castelfed-3-207	FT16	72.75
9692	Castelfed-3-208	FT16	70.75
9693	Castelfed-3-209	FT16	75
9694	Castelfed-4-210	FT16	74.25
9695	Castelfed-4-211	FT16	84.5
9696	Castelfed-4-214	FT16	76.75
9697	Dolen-1	FT16	63
9698	Goced-1	FT16	74.5
9699	Kolar-1	FT16	63.66666667
9700	Dolna-1-10	FT16	81
9701	Ivano-1	FT16	82
9702	Kolar-2	FT16	72.25
9703	Melni-1	FT16	69.75
9704	Melni-2	FT16	70.33333333
9705	Choto-1	FT16	67
9706	Dospa-1	FT16	78.66666667
9707	Podvi-1	FT16	72.75
9708	Kardz-1	FT16	85
9709	Zerev-1-34	FT16	73.5
9710	Zerev-1-35	FT16	83.25
9711	Dolna-1-39	FT16	82.5
9712	Dolna-1-40	FT16	78
9713	Stara-1	FT16	68.33333333
9714	Grivo-1	FT16	82.33333333
9715	Krepo-1	FT16	81
9716	Leska-1-44	FT16	122
9717	Kardz-2	FT16	93.33333333
9718	Smolj-1	FT16	79
9719	Koren-1	FT16	57.75
9720	Malak-1	FT16	104
9721	Schip-1	FT16	78
9722	Groch-1	FT16	108
9723	Slavi-2	FT16	68.5
9724	Leska-1-78	FT16	81.5
9725	Epidauros-1	FT16	56.5
9726	Faneronemi-3	FT16	56.5
9727	Olympia-2	FT16	43.5
9728	Stiav-1	FT16	77.75
9729	Stiav-2	FT16	79
9730	Bela-1	FT16	97
9731	Stiav-3	FT16	66
9732	Halca-1	FT16	88.25
9733	Bela-2	FT16	83.75
9734	Bela-3	FT16	82.25
9735	Bela-4	FT16	74
9736	Teiu-2	FT16	81
9737	Ulies-1	FT16	63.66666667
9738	Bran-1	FT16	73.75
9739	Toc-1	FT16	68.5
9740	Mandr-1	FT16	87.5
9741	Orast-1	FT16	71.5
9742	Teiu-1	FT16	81.5
9743	Furni-1	FT16	75
9744	Iasi-1	FT16	63.33333333
9745	Sij 1/96	FT16	76
9746	Malii-1	FT16	99.75
9747	Zabar-1	FT16	94.66666667
9748	Zagub-1	FT16	86.25
9749	Knjas-1	FT16	63.75
9750	Sukov-1	FT16	73
9751	Ruma-1-25	FT16	84
9752	Brest-1	FT16	100.25
9753	Ruma-1-27	FT16	105.25
9755	Vajug-1	FT16	82
9756	Staro-2	FT16	73
9757	Staro-1	FT16	93
9758	Altai-5	FT16	73
9759	Anz-0	FT16	58.5
9760	Baz-0	FT16	38.25
9761	Bik-1	FT16	58
9762	Etna-2	FT16	72.75
9764	Qar-8a	FT16	62.75
9766	Westkar-4	FT16	39.5
9767	Had-1b	FT16	59.5
9768	Ru4-16	FT16	54.66666667
9769	HE-1	FT16	44.66666667
9770	KBG2-13	FT16	44.75
9771	Pfn-N2.2-6	FT16	44.25
9772	Hof-1	FT16	40.75
9773	Obn-1	FT16	51.75
9774	Alt-1	FT16	43
9775	Berg-1	FT16	44.25
9776	Fell3-7	FT16	57.5
9777	Gn-1	FT16	43.5
9778	Bach-7	FT16	49.25
9779	Bai-10	FT16	44.66666667
9780	Fell2-4	FT16	45.75
9781	Kus2-2	FT16	41.66666667
9782	Lu3-30	FT16	44.5
9783	Tu-PK-7	FT16	66.33333333
9784	Erg2-6	FT16	43.5
9785	Ha-HBT1-2	FT16	45.25
9786	Ha-P-13	FT16	40.25
9787	HI-4	FT16	49.33333333
9788	KBG1-14	FT16	38.33333333
9789	Obh-13	FT16	42.25
9790	Gn2-3	FT16	41.75
9791	Haes-1	FT16	38.33333333
9792	Lu4-2	FT16	42.75
9793	Ru-N2	FT16	63.33333333
9794	Tu-B1-2	FT16	44.5
9795	Wank-2	FT16	38.25
9796	Bach2-1	FT16	46
9797	Ha-HBT2-10	FT16	46.5
9798	Ha-P2-1	FT16	44.66666667
9799	Hart-2	FT16	50.5
9800	Ha-S-B	FT16	42.5
9801	Ha-SP-2	FT16	36.33333333
9802	Kus3-1	FT16	42.75
9803	Muh-2	FT16	41.25
9804	Obe1-15	FT16	45.75
9805	Pfn-10	FT16	53
9806	Ru-2	FT16	43
9807	Schl-7	FT16	43
9808	Tu-B2-3	FT16	53
9809	Tu-KB-6	FT16	51.25
9810	Tu-KS-7	FT16	42.25
9811	Tu-NK-12	FT16	45
9812	Tu-W1	FT16	45.75
9813	BI-4	FT16	45.5
9814	Fell1-10	FT16	48.33333333
9815	Ha-HBT3-11	FT16	48
9816	Tu-WH	FT16	39
9817	IP-Ace-0	FT16	63.75
9818	IP-Aln-30	FT16	70.75
9819	IP-Amu-0	FT16	98.5
9820	IP-Are-0	FT16	55.75
9821	IP-Aru-0	FT16	72.25
9822	IP-Aul-0	FT16	62.33333333
9823	IP-Bae-0	FT16	42
9824	IP-Bes-5	FT16	143
9825	IP-Boa-0	FT16	63.5
9826	IP-Bor-0	FT16	73
9827	IP-Bos-0	FT16	60
9828	IP-Bra-0	FT16	78.75
9829	IP-Bur-0	FT16	83
9830	IP-Bus-0	FT16	51.25
9831	IP-Cas-0	FT16	88.25
9832	IP-Cat-0	FT16	90.33333333
9833	IP-Cha-0	FT16	65.66666667
9834	IP-Cho-0	FT16	63.75
9835	IP-Cir-0	FT16	69.75
9836	IP-Cod-0	FT16	128.5
9837	IP-Con-0	FT16	64.25
9838	IP-Cot-0	FT16	67
9839	IP-Coy-0	FT16	115
9840	IP-Dar-0	FT16	120.5
9841	IP-Ees-0	FT16	68
9842	IP-Ele-0	FT16	77
9843	IP-Elp-0	FT16	58.66666667
9844	IP-Esn-2	FT16	84.25
9845	IP-Evs-0	FT16	65
9846	IP-Ezc-2	FT16	119.6666667
9847	IP-Fel-2	FT16	45
9848	IP-Glo-1	FT16	98
9849	IP-Gud-3	FT16	99.66666667
9850	IP-Hec-0	FT16	83
9851	IP-Hue-3	FT16	144
9852	IP-Ini-0	FT16	67.33333333
9853	IP-Lac-0	FT16	35.5
9854	IP-Laf-1	FT16	40.66666667
9855	IP-Lam-0	FT16	61.66666667
9856	IP-Lch-0	FT16	63.5
9857	IP-Leg-0	FT16	66.5
9858	IP-Loz-0	FT16	123.5
9859	IP-Lro-0	FT16	83
9860	IP-Lum-0	FT16	64.33333333
9861	IP-Mac-0	FT16	114.5
9862	IP-Mad-0	FT16	53.75
9863	IP-Man-0	FT16	39.25
9864	IP-Mat-0	FT16	57.25
9865	IP-Mdc-0	FT16	41.5
9866	IP-Mdd-0	FT16	118
9867	IP-Mie-1	FT16	101.6666667
9868	IP-Moe-0	FT16	68.66666667
9869	IP-Moj-0	FT16	80.75
9870	IP-Moz-0	FT16	111
9871	IP-Nac-0	FT16	117.6666667
9872	IP-Nag-0	FT16	106
9873	IP-Ndc-0	FT16	55.66666667
9874	IP-Oja-0	FT16	56.25
9875	IP-Ovi-1	FT16	44.75
9876	IP-Pad-0	FT16	74.75
9878	IP-Pee-0	FT16	116
9879	IP-Per-0	FT16	59.5
9880	IP-Pib-1	FT16	87.5
9881	IP-Pie-0	FT16	78.5
9882	IP-Pil-0	FT16	70.33333333
9883	IP-Piq-0	FT16	41.75
9884	IP-Pos-1	FT16	91
9885	IP-Prd-0	FT16	119
9886	IP-Pru-0	FT16	57
9887	IP-Pun-0	FT16	90.75
9888	IP-Pva-1	FT16	96.66666667
9890	IP-Rib-1	FT16	94.33333333
9892	IP-Sam-0	FT16	84.5
9893	IP-Sca-0	FT16	52.5
9894	IP-Sen-0	FT16	76.66666667
9895	IP-Sfb-6	FT16	71
9896	IP-Slc-3	FT16	95.66666667
9897	IP-Smt-1	FT16	81.5
9898	IP-Som-0	FT16	97.25
9899	IP-Tau-0	FT16	58
9900	IP-Tri-0	FT16	50
9901	IP-Urd-1	FT16	102.5
9902	IP-Usa-0	FT16	110.3333333
9903	IP-Val-0	FT16	108.75
9904	IP-Vas-0	FT16	114.6666667
9905	IP-Ven-0	FT16	95
9906	IP-Mah-6	FT16	80
9907	ENC-2-1	FT16	46.75
9908	ESP-1-11	FT16	46.5
9909	GEN-8	FT16	57
991	Ale-Stenar-41-1	FT16	106.75
9910	BRI-2	FT16	43.5
9911	ARGE-1-15	FT16	44.5
9913	CON-7	FT16	50.75
9914	IST-29	FT16	55.25
9915	MAR-4-16	FT16	75.5
9916	MOL-1	FT16	51.5
9917	RAD-21	FT16	54.25
9918	SAUL-24	FT16	90
9919	BRE-14	FT16	47
992	Ale-Stenar-44-4	FT16	100
9920	DIR-9	FT16	48.66666667
9921	FOR-23	FT16	48.25
9922	MIL-2	FT16	43.5
9923	PLO-1	FT16	50
9924	PLY-20	FT16	57
9925	RUM-20	FT16	79
9926	TRE-1	FT16	44.33333333
9927	ARR-17	FT16	73.25
9928	BEZ-9	FT16	77
9929	ISS-20	FT16	88
9930	LEC-25	FT16	68.66666667
9931	MOU2-25	FT16	42.33333333
9932	NOZ-6	FT16	76
9933	VED-10	FT16	49
9934	QUI-8	FT16	43
9935	BAU-15	FT16	73.75
9936	LCL-16	FT16	46.75
9937	CATS-6	FT16	47.75
9938	WAV-8	FT16	74
9939	Aitba-2	FT16	60.75
9940	Toufl-1	FT16	50
9941	Fei-0	FT16	42.5
9942	Agu-1	FT16	110.6666667
9943	Cdm-0	FT16	61.5
9944	Don-0	FT16	68
9945	Leo-1	FT16	110
9946	Mer-6	FT16	54.5
9947	Ped-0	FT16	125
9949	Qui-0	FT16	61.5
9950	Vie-0	FT16	86.25
9951	Kly-1	FT16	109.6666667
9952	Kly-4	FT16	104.3333333
9953	Koz-2	FT16	93.25
9954	Leb-3	FT16	104.75
9955	Stepn-2	FT16	73
9956	Stepn-1	FT16	61
9957	Borsk-2	FT16	85
9958	Shigu-1	FT16	76.5
9959	Shigu-2	FT16	78.75
9960	Kidr-1	FT16	66.66666667
9961	Krazo-2	FT16	81.5
9962	Galdo-1	FT16	71.75
9963	Lago-1	FT16	66.66666667
9964	Mammo-1	FT16	64.5
9965	Mammo-2	FT16	56
9966	Monte-1	FT16	80
9967	Moran-1	FT16	67.33333333
9968	Timpo-1	FT16	57.75
9969	Valsi-1	FT16	69.25
997	Ale-Stenar-56-14	FT16	87.5
9970	Altenb-2	FT16	81.75
9971	Bozen-1.1	FT16	61
9972	Bozen-1.2	FT16	58.75
9973	Mitterberg-1-181	FT16	110
9974	Castelfed-4-212	FT16	93.5
9975	Castelfed-4-213	FT16	82.33333333
9976	Rovero-1	FT16	72.5
9977	Vezzano-2.1	FT16	91.75
9978	Vezzano-2.2	FT16	94.5
9979	Voeran-1	FT16	68.5
9980	Angel-1	FT16	60.5
9981	Angit-1	FT16	55.5
9982	Apost-1	FT16	79.25
9983	Ciste-1	FT16	58.5
9984	Ciste-2	FT16	56
9985	Slavi-1	FT16	63.5
9986	Jablo-1	FT16	86
9987	Lecho-1	FT16	82.25
9988	Bak-2	FT16	112.3333333
9989	Bak-7	FT16	111
9990	Lag2-2	FT16	75
9991	Vash-1	FT16	92.75
9992	Dog-4	FT16	95.75
9993	Nemrut-1	FT16	119.6666667
9994	Ey15-2	FT16	54.5
9995	HKT2.4	FT16	41.75
9996	Nie1-2	FT16	38.25
9997	Rue3.1-31	FT16	51.5
9998	Star-8	FT16	46.25
9999	TueSB30-3	FT16	54.25
