GSM	sample_title	accession_id	cultivar	tissue	developmental_stage
GSM2135714	Tuescha-9 (10000)	10000	Tuescha-9	leaf	before bolting
GSM2135715	TueV-13 (10001)	10001	TueV-13	leaf	before bolting
GSM2135716	TueWal-2 (10002)	10002	TueWal-2	leaf	before bolting
GSM2135717	Kastel-1 (10006)	10006	Kastel-1	leaf	before bolting
GSM2135718	Sij-1 (10008)	10008	Sij-1	leaf	before bolting
GSM2135719	Sij-2 (10009)	10009	Sij-2	leaf	before bolting
GSM2135720	Sij-4 (10010)	10010	Sij-4	leaf	before bolting
GSM2135721	Yeg-1 (10011)	10011	Yeg-1	leaf	before bolting
GSM2135722	Istisu-1 (10012)	10012	Istisu-1	leaf	before bolting
GSM2135723	Lerik1-3 (10013)	10013	Lerik1-3	leaf	before bolting
GSM2135724	Xan-1 (10014)	10014	Xan-1	leaf	before bolting
GSM2135725	Sha (10015)	10015	Sha	leaf	before bolting
GSM2135726	Del-10 (10016)	10016	Del-10	leaf	before bolting
GSM2135727	Petro-1 (10017)	10017	Petro-1	leaf	before bolting
GSM2135728	Dobra-1 (10018)	10018	Dobra-1	leaf	before bolting
GSM2135729	KZ10 (10019)	10019	KZ10	leaf	before bolting
GSM2135730	Ale-Stenar-64-24 (1002)	1002	Ale-Stenar-64-24	leaf	before bolting
GSM2135731	Jl-2 (10020)	10020	Jl-2	leaf	before bolting
GSM2135732	Hl-0 (10021)	10021	Hl-0	leaf	before bolting
GSM2135733	Uk-3 (10022)	10022	Uk-3	leaf	before bolting
GSM2135734	Strand-1 (10023)	10023	Strand-1	leaf	before bolting
GSM2135735	Tnz-1 (10024)	10024	Tnz-1	leaf	before bolting
GSM2135736	Bg-5 (10026)	10026	Bg-5	leaf	before bolting
GSM2135737	Brosarp-34-145 (1066)	1066	Brosarp-34-145	leaf	before bolting
GSM2135738	LDV-18 (108)	108	LDV-18	leaf	before bolting
GSM2135739	Aledal-6-49 (1158)	1158	Aledal-6-49	leaf	before bolting
GSM2135740	Angso-74-430 (1317)	1317	Angso-74-430	leaf	before bolting
GSM2135741	LDV-46 (139)	139	LDV-46	leaf	before bolting
GSM2135742	Rod-17-319 (1435)	1435	Rod-17-319	leaf	before bolting
GSM2135743	MAR2-3 (159)	159	MAR2-3	leaf	before bolting
GSM2135744	Haz-10 (1684)	1684	Haz-10	leaf	before bolting
GSM2135745	KBS-Mac-74 (1741)	1741	KBS-Mac-74	leaf	before bolting
GSM2135746	Mdn-1 (1829)	1829	Mdn-1	leaf	before bolting
GSM2135747	MNF-Pot-75 (1872)	1872	MNF-Pot-75	leaf	before bolting
GSM2135748	MNF-Riv-21 (1890)	1890	MNF-Riv-21	leaf	before bolting
GSM2135749	MNF-Che-2 (1925)	1925	MNF-Che-2	leaf	before bolting
GSM2135750	MNF-Jac-12 (1954)	1954	MNF-Jac-12	leaf	before bolting
GSM2135751	MNF-Pin-39 (2016)	2016	MNF-Pin-39	leaf	before bolting
GSM2135752	MNF-Pin-40 (2017)	2017	MNF-Pin-40	leaf	before bolting
GSM2135753	Map-8 (2031)	2031	Map-8	leaf	before bolting
GSM2135754	Paw-26 (2171)	2171	Paw-26	leaf	before bolting
GSM2135755	Pent-23 (2202)	2202	Pent-23	leaf	before bolting
GSM2135756	Pent-46 (2212)	2212	Pent-46	leaf	before bolting
GSM2135757	SLSP-31 (2276)	2276	SLSP-31	leaf	before bolting
GSM2135758	SLSP-35 (2278)	2278	SLSP-35	leaf	before bolting
GSM2135759	Ste-40 (2317)	2317	Ste-40	leaf	before bolting
GSM2135760	Yng-4 (2370)	2370	Yng-4	leaf	before bolting
GSM2135761	PYL-6 (265)	265	PYL-6	leaf	before bolting
GSM2135762	TOU-A1-88 (350)	350	TOU-A1-88	leaf	before bolting
GSM2135763	TOU-A1-89 (351)	351	TOU-A1-89	leaf	before bolting
GSM2135764	Zdarec3 (403)	403	Zdarec3	leaf	before bolting
GSM2135765	Doubravnik7 (410)	410	Doubravnik7	leaf	before bolting
GSM2135766	Draha2 (424)	424	Draha2	leaf	before bolting
GSM2135767	Borky1 (428)	428	Borky1	leaf	before bolting
GSM2135768	UKSW06-179 (4779)	4779	UKSW06-179	leaf	before bolting
GSM2135769	UKSW06-207 (4807)	4807	UKSW06-207	leaf	before bolting
GSM2135770	UKSW06-226 (4826)	4826	UKSW06-226	leaf	before bolting
GSM2135771	UKSW06-285 (4884)	4884	UKSW06-285	leaf	before bolting
GSM2135772	UKSW06-333 (4931)	4931	UKSW06-333	leaf	before bolting
GSM2135773	UKSW06-341 (4939)	4939	UKSW06-341	leaf	before bolting
GSM2135774	UKSW06-360 (4958)	4958	UKSW06-360	leaf	before bolting
GSM2135775	UKSE06-118 (5023)	5023	UKSE06-118	leaf	before bolting
GSM2135776	BRR60 (506)	506	BRR60	leaf	before bolting
GSM2135777	UKSE06-252 (5104)	5104	UKSE06-252	leaf	before bolting
GSM2135778	UKSE06-325 (5151)	5151	UKSE06-325	leaf	before bolting
GSM2135779	UKSE06-432 (5210)	5210	UKSE06-432	leaf	before bolting
GSM2135780	UKSE06-470 (5236)	5236	UKSE06-470	leaf	before bolting
GSM2135781	UKSE06-533 (5276)	5276	UKSE06-533	leaf	before bolting
GSM2135782	UKSE06-541 (5279)	5279	UKSE06-541	leaf	before bolting
GSM2135783	UKSE06-639 (5349)	5349	UKSE06-639	leaf	before bolting
GSM2135784	UKNW06-003 (5353)	5353	UKNW06-003	leaf	before bolting
GSM2135785	UKNW06-102 (5395)	5395	UKNW06-102	leaf	before bolting
GSM2135786	UKNW06-233 (5486)	5486	UKNW06-233	leaf	before bolting
GSM2135787	UKNW06-354 (5535)	5535	UKNW06-354	leaf	before bolting
GSM2135788	UKNW06-403 (5577)	5577	UKNW06-403	leaf	before bolting
GSM2135789	UKNW06-481 (5644)	5644	UKNW06-481	leaf	before bolting
GSM2135790	Bra-1 (5717)	5717	Bra-1	leaf	before bolting
GSM2135791	UKID11 (5718)	5718	UKID11	leaf	before bolting
GSM2135792	Cal-2 (5720)	5720	Cal-2	leaf	before bolting
GSM2135793	Cnt-1 (5726)	5726	Cnt-1	leaf	before bolting
GSM2135794	For-2 (5741)	5741	For-2	leaf	before bolting
GSM2135795	Kil-0 (5748)	5748	Kil-0	leaf	before bolting
GSM2135796	UKID63 (5768)	5768	UKID63	leaf	before bolting
GSM2135797	Set-1 (5772)	5772	Set-1	leaf	before bolting
GSM2135798	Sna-1 (5778)	5778	Sna-1	leaf	before bolting
GSM2135799	UKID74 (5779)	5779	UKID74	leaf	before bolting
GSM2135800	Ty-1 (5784)	5784	Ty-1	leaf	before bolting
GSM2135801	UKID93 (5798)	5798	UKID93	leaf	before bolting
GSM2135802	UKID96 (5800)	5800	UKID96	leaf	before bolting
GSM2135803	UKID107 (5811)	5811	UKID107	leaf	before bolting
GSM2135804	UKID114 (5818)	5818	UKID114	leaf	before bolting
GSM2135805	UKID116 (5822)	5822	UKID116	leaf	before bolting
GSM2135806	App1-14 (5831)	5831	App1-14	leaf	before bolting
GSM2135807	Bor-1 (5837)	5837	Bor-1	leaf	before bolting
GSM2135808	Dra-3 (5860)	5860	Dra-3	leaf	before bolting
GSM2135809	DraII-6 (5874)	5874	DraII-6	leaf	before bolting
GSM2135810	DraIV 1-8 (5890)	5890	DraIV 1-8	leaf	before bolting
GSM2135811	DraIV 1-11 (5893)	5893	DraIV 1-11	leaf	before bolting
GSM2135812	DraIV 2-9 (5907)	5907	DraIV 2-9	leaf	before bolting
GSM2135813	DraIV 3-7 (5921)	5921	DraIV 3-7	leaf	before bolting
GSM2135814	DraIV 5-12 (5950)	5950	DraIV 5-12	leaf	before bolting
GSM2135815	DraIV 6-13 (5984)	5984	DraIV 6-13	leaf	before bolting
GSM2135816	DraIV 6-22 (5993)	5993	DraIV 6-22	leaf	before bolting
GSM2135817	Duk (6008)	6008	Duk	leaf	before bolting
GSM2135818	Eden-1 (6009)	6009	Eden-1	leaf	before bolting
GSM2135819	Eds-9 (6017)	6017	Eds-9	leaf	before bolting
GSM2135820	Fja1-5 (6020)	6020	Fja1-5	leaf	before bolting
GSM2135821	Fly2-2 (6024)	6024	Fly2-2	leaf	before bolting
GSM2135822	Gro-3 (6025)	6025	Gro-3	leaf	before bolting
GSM2135823	Hov3-5 (6038)	6038	Hov3-5	leaf	before bolting
GSM2135824	Lis-3 (6041)	6041	Lis-3	leaf	before bolting
GSM2135825	Nyl-2 (6064)	6064	Nyl-2	leaf	before bolting
GSM2135826	Sr:3 (6086)	6086	Sr:3	leaf	before bolting
GSM2135827	T1070 (6097)	6097	T1070	leaf	before bolting
GSM2135828	T1090 (6099)	6099	T1090	leaf	before bolting
GSM2135829	T460 (6106)	6106	T460	leaf	before bolting
GSM2135830	T470 (6107)	6107	T470	leaf	before bolting
GSM2135831	T480 (6108)	6108	T480	leaf	before bolting
GSM2135832	T530 (6111)	6111	T530	leaf	before bolting
GSM2135833	T800 (6133)	6133	T800	leaf	before bolting
GSM2135834	T850 (6137)	6137	T850	leaf	before bolting
GSM2135835	T860 (6138)	6138	T860	leaf	before bolting
GSM2135836	T880 (6140)	6140	T880	leaf	before bolting
GSM2135837	T930 (6145)	6145	T930	leaf	before bolting
GSM2135838	T960 (6148)	6148	T960	leaf	before bolting
GSM2135839	TAA 04 (6154)	6154	TAA 04	leaf	before bolting
GSM2135840	TAA 14 (6163)	6163	TAA 14	leaf	before bolting
GSM2135841	TAA 17 (6166)	6166	TAA 17	leaf	before bolting
GSM2135842	TAD 01 (6169)	6169	TAD 01	leaf	before bolting
GSM2135843	TAD 03 (6171)	6171	TAD 03	leaf	before bolting
GSM2135844	TAD 06 (6174)	6174	TAD 06	leaf	before bolting
GSM2135845	TAL 03 (6177)	6177	TAL 03	leaf	before bolting
GSM2135846	TDr-8 (6194)	6194	TDr-8	leaf	before bolting
GSM2135847	TDr-9 (6195)	6195	TDr-9	leaf	before bolting
GSM2135848	TDr-13 (6198)	6198	TDr-13	leaf	before bolting
GSM2135849	TDr-16 (6201)	6201	TDr-16	leaf	before bolting
GSM2135850	TDr-18 (6203)	6203	TDr-18	leaf	before bolting
GSM2135851	TFA 07 (6217)	6217	TFA 07	leaf	before bolting
GSM2135852	TFA 08 (6218)	6218	TFA 08	leaf	before bolting
GSM2135853	TGR 01 (6220)	6220	TGR 01	leaf	before bolting
GSM2135854	TOM 06 (6240)	6240	TOM 06	leaf	before bolting
GSM2135855	TOM 07 (6241)	6241	TOM 07	leaf	before bolting
GSM2135856	TV-7 (6255)	6255	TV-7	leaf	before bolting
GSM2135857	TV-22 (6268)	6268	TV-22	leaf	before bolting
GSM2135858	TV-38 (6284)	6284	TV-38	leaf	before bolting
GSM2135859	UduI 1-11 (6296)	6296	UduI 1-11	leaf	before bolting
GSM2135860	LI-OF-065 (630)	630	LI-OF-065	leaf	before bolting
GSM2135861	UduI 3-36 (6390)	6390	UduI 3-36	leaf	before bolting
GSM2135862	ZdrI 1-23 (6424)	6424	ZdrI 1-23	leaf	before bolting
GSM2135863	ZdrI 2-9 (6434)	6434	ZdrI 2-9	leaf	before bolting
GSM2135864	ZdrI 2-21 (6445)	6445	ZdrI 2-21	leaf	before bolting
GSM2135865	ANH-1 (6680)	6680	ANH-1	leaf	before bolting
GSM2135866	Bg-2 (6709)	6709	Bg-2	leaf	before bolting
GSM2135867	CSHL-5 (6744)	6744	CSHL-5	leaf	before bolting
GSM2135868	Kz-13 (6830)	6830	Kz-13	leaf	before bolting
GSM2135869	LI-EF-018 (687)	687	LI-EF-018	leaf	before bolting
GSM2135870	Bil-5 (6900)	6900	Bil-5	leaf	before bolting
GSM2135871	C24 (6906)	6906	C24	leaf	before bolting
GSM2135872	CIBC-17 (6907)	6907	CIBC-17	leaf	before bolting
GSM2135873	CIBC-5 (6908)	6908	CIBC-5	leaf	before bolting
GSM2135874	Cvi-0 (6911)	6911	Cvi-0	leaf	before bolting
GSM2135875	Fab-2 (6917)	6917	Fab-2	leaf	before bolting
GSM2135876	HR-10 (6923)	6923	HR-10	leaf	before bolting
GSM2135877	LL-0 (6933)	6933	LL-0	leaf	before bolting
GSM2135878	Mrk-0 (6937)	6937	Mrk-0	leaf	before bolting
GSM2135879	Mt-0 (6939)	6939	Mt-0	leaf	before bolting
GSM2135880	NFA-10 (6943)	6943	NFA-10	leaf	before bolting
GSM2135881	NFA-8 (6944)	6944	NFA-8	leaf	before bolting
GSM2135882	Pu2-8 (6957)	6957	Pu2-8	leaf	before bolting
GSM2135883	Ren-11 (6960)	6960	Ren-11	leaf	before bolting
GSM2135884	Sq-1 (6966)	6966	Sq-1	leaf	before bolting
GSM2135885	Ts-1 (6970)	6970	Ts-1	leaf	before bolting
GSM2135886	Ts-5 (6971)	6971	Ts-5	leaf	before bolting
GSM2135887	Ull2-3 (6973)	6973	Ull2-3	leaf	before bolting
GSM2135888	Ull2-5 (6974)	6974	Ull2-5	leaf	before bolting
GSM2135889	Uod-7 (6976)	6976	Uod-7	leaf	before bolting
GSM2135890	Wei-0 (6979)	6979	Wei-0	leaf	before bolting
GSM2135891	Alst-1 (6989)	6989	Alst-1	leaf	before bolting
GSM2135892	Ang-0 (6992)	6992	Ang-0	leaf	before bolting
GSM2135893	Bd-0 (7013)	7013	Bd-0	leaf	before bolting
GSM2135894	Bch-1 (7028)	7028	Bch-1	leaf	before bolting
GSM2135895	Buckhorn Pass (7033)	7033	Buckhorn Pass	leaf	before bolting
GSM2135896	Bur-0 (7058)	7058	Bur-0	leaf	before bolting
GSM2135897	Ct-1 (7067)	7067	Ct-1	leaf	before bolting
GSM2135898	Da-0 (7094)	7094	Da-0	leaf	before bolting
GSM2135899	Do-0 (7102)	7102	Do-0	leaf	before bolting
GSM2135900	Dra-0 (7103)	7103	Dra-0	leaf	before bolting
GSM2135901	Dr-0 (7106)	7106	Dr-0	leaf	before bolting
GSM2135902	Durh-1 (7107)	7107	Durh-1	leaf	before bolting
GSM2135903	Edi-0 (7111)	7111	Edi-0	leaf	before bolting
GSM2135904	En-2 (7119)	7119	En-2	leaf	before bolting
GSM2135905	Gd-1 (7161)	7161	Gd-1	leaf	before bolting
GSM2135906	Hau-0 (7164)	7164	Hau-0	leaf	before bolting
GSM2135907	Hn-0 (7165)	7165	Hn-0	leaf	before bolting
GSM2135908	Hi-0 (7167)	7167	Hi-0	leaf	before bolting
GSM2135909	Hh-0 (7169)	7169	Hh-0	leaf	before bolting
GSM2135910	Kn-0 (7186)	7186	Kn-0	leaf	before bolting
GSM2135911	Kb-0 (7202)	7202	Kb-0	leaf	before bolting
GSM2135912	Le-0 (7218)	7218	Le-0	leaf	before bolting
GSM2135913	Li-7 (7231)	7231	Li-7	leaf	before bolting
GSM2135914	Mnz-0 (7244)	7244	Mnz-0	leaf	before bolting
GSM2135915	Mv-0 (7248)	7248	Mv-0	leaf	before bolting
GSM2135916	Me-0 (7250)	7250	Me-0	leaf	before bolting
GSM2135917	Nz-1 (7263)	7263	Nz-1	leaf	before bolting
GSM2135918	LI-SET-019 (728)	728	LI-SET-019	leaf	before bolting
GSM2135919	Or-0 (7282)	7282	Or-0	leaf	before bolting
GSM2135920	Oy-0 (7288)	7288	Oy-0	leaf	before bolting
GSM2135921	Petergof (7296)	7296	Petergof	leaf	before bolting
GSM2135922	Po-0 (7308)	7308	Po-0	leaf	before bolting
GSM2135923	Rhen-1 (7316)	7316	Rhen-1	leaf	before bolting
GSM2135924	Rou-0 (7320)	7320	Rou-0	leaf	before bolting
GSM2135925	Rsch-4 (7322)	7322	Rsch-4	leaf	before bolting
GSM2135926	Sf-1 (7327)	7327	Sf-1	leaf	before bolting
GSM2135927	Sf-2 (7328)	7328	Sf-2	leaf	before bolting
GSM2135928	Sapporo-0 (7330)	7330	Sapporo-0	leaf	before bolting
GSM2135929	Ste-0 (7346)	7346	Ste-0	leaf	before bolting
GSM2135930	Tac-0 (7350)	7350	Tac-0	leaf	before bolting
GSM2135931	Tha-1 (7353)	7353	Tha-1	leaf	before bolting
GSM2135932	Ting-1 (7354)	7354	Ting-1	leaf	before bolting
GSM2135933	Tiv-1 (7355)	7355	Tiv-1	leaf	before bolting
GSM2135934	Tscha-1 (7372)	7372	Tscha-1	leaf	before bolting
GSM2135935	Tsu-0 (7373)	7373	Tsu-0	leaf	before bolting
GSM2135936	Tul-0 (7377)	7377	Tul-0	leaf	before bolting
GSM2135937	Ven-1 (7384)	7384	Ven-1	leaf	before bolting
GSM2135938	Ws-0 (7396)	7396	Ws-0	leaf	before bolting
GSM2135939	Wc-1 (7404)	7404	Wc-1	leaf	before bolting
GSM2135940	Wil-2 (7413)	7413	Wil-2	leaf	before bolting
GSM2135941	Zu-1 (7418)	7418	Zu-1	leaf	before bolting
GSM2135942	Jl-3 (7424)	7424	Jl-3	leaf	before bolting
GSM2135943	Ko-2 (7427)	7427	Ko-2	leaf	before bolting
GSM2135944	Ber (7458)	7458	Ber	leaf	before bolting
GSM2135945	H55 (7461)	7461	H55	leaf	before bolting
GSM2135946	WAR (7477)	7477	WAR	leaf	before bolting
GSM2135947	RRS-10 (7515)	7515	RRS-10	leaf	before bolting
GSM2135948	Var2-6 (7517)	7517	Var2-6	leaf	before bolting
GSM2135949	Lp2-6 (7521)	7521	Lp2-6	leaf	before bolting
GSM2135950	Kar-1 (763)	763	Kar-1	leaf	before bolting
GSM2135951	Zal-1 (768)	768	Zal-1	leaf	before bolting
GSM2135952	KNO1.37 (7717)	7717	KNO1.37	leaf	before bolting
GSM2135953	PNA3.10 (7917)	7917	PNA3.10	leaf	before bolting
GSM2135954	KYC-33 (801)	801	KYC-33	leaf	before bolting
GSM2135955	PT2.21 (8077)	8077	PT2.21	leaf	before bolting
GSM2135956	RMX3.22 (8132)	8132	RMX3.22	leaf	before bolting
GSM2135957	Bro1-6 (8231)	8231	Bro1-6	leaf	before bolting
GSM2135958	Dem-4 (8233)	8233	Dem-4	leaf	before bolting
GSM2135959	Gul1-2 (8234)	8234	Gul1-2	leaf	before bolting
GSM2135960	Hod (8235)	8235	Hod	leaf	before bolting
GSM2135961	HSm (8236)	8236	HSm	leaf	before bolting
GSM2135962	Kent (8238)	8238	Kent	leaf	before bolting
GSM2135963	Koln (8239)	8239	Koln	leaf	before bolting
GSM2135964	PHW-34 (8244)	8244	PHW-34	leaf	before bolting
GSM2135965	NC-6 (8246)	8246	NC-6	leaf	before bolting
GSM2135966	San-2 (8247)	8247	San-2	leaf	before bolting
GSM2135967	Ba5-1 (8259)	8259	Ba5-1	leaf	before bolting
GSM2135968	Bla-1 (8264)	8264	Bla-1	leaf	before bolting
GSM2135969	Boo2-1 (8266)	8266	Boo2-1	leaf	before bolting
GSM2135970	Cen-0 (8275)	8275	Cen-0	leaf	before bolting
GSM2135971	DraII-1 (8284)	8284	DraII-1	leaf	before bolting
GSM2135972	En-1 (8290)	8290	En-1	leaf	before bolting
GSM2135973	Ge-0 (8297)	8297	Ge-0	leaf	before bolting
GSM2135974	Lip-0 (8325)	8325	Lip-0	leaf	before bolting
GSM2135975	Lu-1 (8334)	8334	Lu-1	leaf	before bolting
GSM2135976	Mir-0 (8337)	8337	Mir-0	leaf	before bolting
GSM2135977	Na-1 (8343)	8343	Na-1	leaf	before bolting
GSM2135978	Ost-0 (8351)	8351	Ost-0	leaf	before bolting
GSM2135979	Pa-1 (8353)	8353	Pa-1	leaf	before bolting
GSM2135980	Pla-0 (8357)	8357	Pla-0	leaf	before bolting
GSM2135981	Rak-2 (8365)	8365	Rak-2	leaf	before bolting
GSM2135982	Rd-0 (8366)	8366	Rd-0	leaf	before bolting
GSM2135983	Sap-0 (8378)	8378	Sap-0	leaf	before bolting
GSM2135984	Sr:5 (8386)	8386	Sr:5	leaf	before bolting
GSM2135985	Wil-1 (8419)	8419	Wil-1	leaf	before bolting
GSM2135986	Kas-2 (8424)	8424	Kas-2	leaf	before bolting
GSM2135987	Uod-2 (8428)	8428	Uod-2	leaf	before bolting
GSM2135988	Lisse (8430)	8430	Lisse	leaf	before bolting
GSM2135989	LP3413.41 (8472)	8472	LP3413.41	leaf	before bolting
GSM2135990	328ME059 (8584)	8584	328ME059	leaf	before bolting
GSM2135991	MIC-31 (870)	870	MIC-31	leaf	before bolting
GSM2135992	Xan-3 (9067)	9067	Xan-3	leaf	before bolting
GSM2135993	Lerik1-4 (9075)	9075	Lerik1-4	leaf	before bolting
GSM2135994	Lerik1-7 (9078)	9078	Lerik1-7	leaf	before bolting
GSM2135995	Lerik2-1 (9079)	9079	Lerik2-1	leaf	before bolting
GSM2135996	Lerik2-3 (9081)	9081	Lerik2-3	leaf	before bolting
GSM2135997	Lerik2-6 (9084)	9084	Lerik2-6	leaf	before bolting
GSM2135998	Lerik2-7 (9085)	9085	Lerik2-7	leaf	before bolting
GSM2135999	Nar-3 (9089)	9089	Nar-3	leaf	before bolting
GSM2136000	Nar-5 (9091)	9091	Nar-5	leaf	before bolting
GSM2136001	Istisu-5 (9095)	9095	Istisu-5	leaf	before bolting
GSM2136002	Istisu-9 (9099)	9099	Istisu-9	leaf	before bolting
GSM2136003	Lag1-2 (9100)	9100	Lag1-2	leaf	before bolting
GSM2136004	Lag1-4 (9102)	9102	Lag1-4	leaf	before bolting
GSM2136005	Lag1-5 (9103)	9103	Lag1-5	leaf	before bolting
GSM2136006	Lag1-6 (9104)	9104	Lag1-6	leaf	before bolting
GSM2136007	Lag1-7 (9105)	9105	Lag1-7	leaf	before bolting
GSM2136008	Lag1-8 (9106)	9106	Lag1-8	leaf	before bolting
GSM2136009	Lag2-4 (9111)	9111	Lag2-4	leaf	before bolting
GSM2136010	Lag2-6 (9113)	9113	Lag2-6	leaf	before bolting
GSM2136011	Lag2-7 (9114)	9114	Lag2-7	leaf	before bolting
GSM2136012	Lag2-10 (9115)	9115	Lag2-10	leaf	before bolting
GSM2136013	Bak-5 (9121)	9121	Bak-5	leaf	before bolting
GSM2136014	Geg-14 (9125)	9125	Geg-14	leaf	before bolting
GSM2136015	Yeg-2 (9128)	9128	Yeg-2	leaf	before bolting
GSM2136016	Yeg-4 (9130)	9130	Yeg-4	leaf	before bolting
GSM2136017	Yeg-5 (9131)	9131	Yeg-5	leaf	before bolting
GSM2136018	Yeg-7 (9133)	9133	Yeg-7	leaf	before bolting
GSM2136019	Yeg-8 (9134)	9134	Yeg-8	leaf	before bolting
GSM2136020	LIN S-5 (915)	915	LIN S-5	leaf	before bolting
GSM2136021	Edinburgh-1 (9298)	9298	Edinburgh-1	leaf	before bolting
GSM2136022	Ullapool-8 (9312)	9312	Ullapool-8	leaf	before bolting
GSM2136023	Gol-2 (9314)	9314	Gol-2	leaf	before bolting
GSM2136024	CHA-41 (932)	932	CHA-41	leaf	before bolting
GSM2136025	Adal 1 (9321)	9321	Adal 1	leaf	before bolting
GSM2136026	Gron 12 (9386)	9386	Gron 12	leaf	before bolting
GSM2136027	Gron 14 (9388)	9388	Gron 14	leaf	before bolting
GSM2136028	HolA-1 1 (9404)	9404	HolA-1 1	leaf	before bolting
GSM2136029	HolA-1 2 (9405)	9405	HolA-1 2	leaf	before bolting
GSM2136030	Kal 1 (9408)	9408	Kal 1	leaf	before bolting
GSM2136031	Kia 1 (9409)	9409	Kia 1	leaf	before bolting
GSM2136032	Lan 1 (9421)	9421	Lan 1	leaf	before bolting
GSM2136033	Nyl 13 (9433)	9433	Nyl 13	leaf	before bolting
GSM2136034	Spro 2 (9451)	9451	Spro 2	leaf	before bolting
GSM2136035	11C1 (9503)	9503	11C1	leaf	before bolting
GSM2136036	IP-Alo-0 (9506)	9506	IP-Alo-0	leaf	before bolting
GSM2136037	IP-Coa-0 (9507)	9507	IP-Coa-0	leaf	before bolting
GSM2136038	IP-Mos-1 (9508)	9508	IP-Mos-1	leaf	before bolting
GSM2136039	IP-Reg-0 (9509)	9509	IP-Reg-0	leaf	before bolting
GSM2136040	IP-Rei-0 (9510)	9510	IP-Rei-0	leaf	before bolting
GSM2136041	IP-Vav-0 (9511)	9511	IP-Vav-0	leaf	before bolting
GSM2136042	IP-Vid-1 (9512)	9512	IP-Vid-1	leaf	before bolting
GSM2136043	IP-Adc-5 (9513)	9513	IP-Adc-5	leaf	before bolting
GSM2136044	IP-Adm-0 (9514)	9514	IP-Adm-0	leaf	before bolting
GSM2136045	IP-Ala-0 (9515)	9515	IP-Ala-0	leaf	before bolting
GSM2136046	IP-Ali-1 (9516)	9516	IP-Ali-1	leaf	before bolting
GSM2136047	IP-All-0 (9517)	9517	IP-All-0	leaf	before bolting
GSM2136048	IP-Alm-0 (9518)	9518	IP-Alm-0	leaf	before bolting
GSM2136049	IP-Ang-0 (9519)	9519	IP-Ang-0	leaf	before bolting
GSM2136050	IP-Ara-4 (9520)	9520	IP-Ara-4	leaf	before bolting
GSM2136051	IP-Bar-1 (9521)	9521	IP-Bar-1	leaf	before bolting
GSM2136052	IP-Bea-0 (9522)	9522	IP-Bea-0	leaf	before bolting
GSM2136053	IP-Ben-0 (9523)	9523	IP-Ben-0	leaf	before bolting
GSM2136054	IP-Ber-0 (9524)	9524	IP-Ber-0	leaf	before bolting
GSM2136055	IP-Bis-0 (9525)	9525	IP-Bis-0	leaf	before bolting
GSM2136056	IP-Cab-3 (9526)	9526	IP-Cab-3	leaf	before bolting
GSM2136057	IP-Cad-0 (9527)	9527	IP-Cad-0	leaf	before bolting
GSM2136058	IP-Cap-1 (9529)	9529	IP-Cap-1	leaf	before bolting
GSM2136059	IP-Car-1 (9530)	9530	IP-Car-1	leaf	before bolting
GSM2136060	IP-Cdc-3 (9531)	9531	IP-Cdc-3	leaf	before bolting
GSM2136061	IP-Cdo-0 (9532)	9532	IP-Cdo-0	leaf	before bolting
GSM2136062	IP-Cem-0 (9533)	9533	IP-Cem-0	leaf	before bolting
GSM2136063	IP-Cmo-3 (9534)	9534	IP-Cmo-3	leaf	before bolting
GSM2136064	IP-Coc-1 (9535)	9535	IP-Coc-1	leaf	before bolting
GSM2136065	IP-Cum-1 (9537)	9537	IP-Cum-1	leaf	before bolting
GSM2136066	IP-Cur-4 (9538)	9538	IP-Cur-4	leaf	before bolting
GSM2136067	IP-Elb-0 (9540)	9540	IP-Elb-0	leaf	before bolting
GSM2136068	IP-Fue-2 (9541)	9541	IP-Fue-2	leaf	before bolting
GSM2136069	IP-Fun-0 (9542)	9542	IP-Fun-0	leaf	before bolting
GSM2136070	IP-Gra-0 (9543)	9543	IP-Gra-0	leaf	before bolting
GSM2136071	IP-Gua-1 (9544)	9544	IP-Gua-1	leaf	before bolting
GSM2136072	IP-Her-12 (9545)	9545	IP-Her-12	leaf	before bolting
GSM2136073	IP-Hom-4 (9546)	9546	IP-Hom-4	leaf	before bolting
GSM2136074	IP-Hor-0 (9547)	9547	IP-Hor-0	leaf	before bolting
GSM2136075	IP-Hoy-0 (9548)	9548	IP-Hoy-0	leaf	before bolting
GSM2136076	IP-Hum-2 (9549)	9549	IP-Hum-2	leaf	before bolting
GSM2136077	IP-Iso-4 (9550)	9550	IP-Iso-4	leaf	before bolting
GSM2136078	IP-Jim-1 (9551)	9551	IP-Jim-1	leaf	before bolting
GSM2136079	IP-Lab-7 (9552)	9552	IP-Lab-7	leaf	before bolting
GSM2136080	IP-Ldd-0 (9553)	9553	IP-Ldd-0	leaf	before bolting
GSM2136081	IP-Lso-0 (9554)	9554	IP-Lso-0	leaf	before bolting
GSM2136082	IP-Men-2 (9556)	9556	IP-Men-2	leaf	before bolting
GSM2136083	IP-Moa-0 (9557)	9557	IP-Moa-0	leaf	before bolting
GSM2136084	IP-Moc-11 (9558)	9558	IP-Moc-11	leaf	before bolting
GSM2136085	IP-Mon-5 (9559)	9559	IP-Mon-5	leaf	before bolting
GSM2136086	IP-Mot-0 (9560)	9560	IP-Mot-0	leaf	before bolting
GSM2136087	IP-Mun-0 (9561)	9561	IP-Mun-0	leaf	before bolting
GSM2136088	IP-Mur-0 (9562)	9562	IP-Mur-0	leaf	before bolting
GSM2136089	IP-Nav-0 (9563)	9563	IP-Nav-0	leaf	before bolting
GSM2136090	IP-Nog-17 (9564)	9564	IP-Nog-17	leaf	before bolting
GSM2136091	IP-Orb-10 (9565)	9565	IP-Orb-10	leaf	before bolting
GSM2136092	IP-Oso-0 (9566)	9566	IP-Oso-0	leaf	before bolting
GSM2136093	IP-Pal-0 (9567)	9567	IP-Pal-0	leaf	before bolting
GSM2136094	IP-Pan-0 (9568)	9568	IP-Pan-0	leaf	before bolting
GSM2136095	IP-Pds-1 (9569)	9569	IP-Pds-1	leaf	before bolting
GSM2136096	IP-Pob-0 (9570)	9570	IP-Pob-0	leaf	before bolting
GSM2136097	IP-Pue-0 (9572)	9572	IP-Pue-0	leaf	before bolting
GSM2136098	IP-Rds-0 (9573)	9573	IP-Rds-0	leaf	before bolting
GSM2136099	IP-Rel-0 (9574)	9574	IP-Rel-0	leaf	before bolting
GSM2136100	IP-Ren-6 (9575)	9575	IP-Ren-6	leaf	before bolting
GSM2136101	IP-Rev-0 (9576)	9576	IP-Rev-0	leaf	before bolting
GSM2136102	IP-Ria-0 (9577)	9577	IP-Ria-0	leaf	before bolting
GSM2136103	IP-Sac-0 (9578)	9578	IP-Sac-0	leaf	before bolting
GSM2136104	IP-San-10 (9579)	9579	IP-San-10	leaf	before bolting
GSM2136105	IP-Scm-0 (9580)	9580	IP-Scm-0	leaf	before bolting
GSM2136106	IP-Sdv-3 (9581)	9581	IP-Sdv-3	leaf	before bolting
GSM2136107	IP-Ses-0 (9582)	9582	IP-Ses-0	leaf	before bolting
GSM2136108	IP-Sne-0 (9583)	9583	IP-Sne-0	leaf	before bolting
GSM2136109	IP-Stp-0 (9584)	9584	IP-Stp-0	leaf	before bolting
GSM2136110	IP-Svi-0 (9585)	9585	IP-Svi-0	leaf	before bolting
GSM2136111	IP-Tam-0 (9586)	9586	IP-Tam-0	leaf	before bolting
GSM2136112	IP-Tdc-0 (9587)	9587	IP-Tdc-0	leaf	before bolting
GSM2136113	IP-Tol-7 (9588)	9588	IP-Tol-7	leaf	before bolting
GSM2136114	IP-Trs-0 (9590)	9590	IP-Trs-0	leaf	before bolting
GSM2136115	IP-Vad-0 (9591)	9591	IP-Vad-0	leaf	before bolting
GSM2136116	IP-Vae-2 (9592)	9592	IP-Vae-2	leaf	before bolting
GSM2136117	IP-Vaz-0 (9593)	9593	IP-Vaz-0	leaf	before bolting
GSM2136118	IP-Vdm-0 (9594)	9594	IP-Vdm-0	leaf	before bolting
GSM2136119	IP-Vdt-0 (9595)	9595	IP-Vdt-0	leaf	before bolting
GSM2136120	IP-Ver-5 (9596)	9596	IP-Ver-5	leaf	before bolting
GSM2136121	IP-Vig-1 (9597)	9597	IP-Vig-1	leaf	before bolting
GSM2136122	IP-Vim-0 (9598)	9598	IP-Vim-0	leaf	before bolting
GSM2136123	IP-Vin-0 (9599)	9599	IP-Vin-0	leaf	before bolting
GSM2136124	IP-Vis-0 (9600)	9600	IP-Vis-0	leaf	before bolting
GSM2136125	IP-Voz-0 (9601)	9601	IP-Voz-0	leaf	before bolting
GSM2136126	IP-Vpa-1 (9602)	9602	IP-Vpa-1	leaf	before bolting
GSM2136127	Aitba-1 (9606)	9606	Aitba-1	leaf	before bolting
GSM2136128	Panik-1 (9607)	9607	Panik-1	leaf	before bolting
GSM2136129	Karag-2 (9608)	9608	Karag-2	leaf	before bolting
GSM2136130	Adam-1 (9609)	9609	Adam-1	leaf	before bolting
GSM2136131	Lesno-4 (9610)	9610	Lesno-4	leaf	before bolting
GSM2136132	Lesno-1 (9611)	9611	Lesno-1	leaf	before bolting
GSM2136133	Lesno-2 (9612)	9612	Lesno-2	leaf	before bolting
GSM2136134	Balan-1 (9613)	9613	Balan-1	leaf	before bolting
GSM2136135	Parti-1 (9615)	9615	Parti-1	leaf	before bolting
GSM2136136	Krazo-1 (9616)	9616	Krazo-1	leaf	before bolting
GSM2136137	Karag-1 (9617)	9617	Karag-1	leaf	before bolting
GSM2136138	Basta-1 (9619)	9619	Basta-1	leaf	before bolting
GSM2136139	Basta-2 (9620)	9620	Basta-2	leaf	before bolting
GSM2136140	Basta-3 (9621)	9621	Basta-3	leaf	before bolting
GSM2136141	Bijisk-4 (9622)	9622	Bijisk-4	leaf	before bolting
GSM2136142	Chaba-1 (9623)	9623	Chaba-1	leaf	before bolting
GSM2136143	Chaba-2 (9624)	9624	Chaba-2	leaf	before bolting
GSM2136144	Kolyv-3 (9626)	9626	Kolyv-3	leaf	before bolting
GSM2136145	Kolyv-5 (9627)	9627	Kolyv-5	leaf	before bolting
GSM2136146	Kolyv-6 (9628)	9628	Kolyv-6	leaf	before bolting
GSM2136147	K-oze-1 (9629)	9629	K-oze-1	leaf	before bolting
GSM2136148	K-oze-3 (9630)	9630	K-oze-3	leaf	before bolting
GSM2136149	Lebja-1 (9631)	9631	Lebja-1	leaf	before bolting
GSM2136150	Lebja-2 (9632)	9632	Lebja-2	leaf	before bolting
GSM2136151	Lebja-4 (9633)	9633	Lebja-4	leaf	before bolting
GSM2136152	Masl-1 (9634)	9634	Masl-1	leaf	before bolting
GSM2136153	Noveg-1 (9636)	9636	Noveg-1	leaf	before bolting
GSM2136154	Noveg-2 (9637)	9637	Noveg-2	leaf	before bolting
GSM2136155	Noveg-3 (9638)	9638	Noveg-3	leaf	before bolting
GSM2136156	Panke-1 (9639)	9639	Panke-1	leaf	before bolting
GSM2136157	Rakit-1 (9640)	9640	Rakit-1	leaf	before bolting
GSM2136158	Rakit-3 (9642)	9642	Rakit-3	leaf	before bolting
GSM2136159	Zupan-1 (9644)	9644	Zupan-1	leaf	before bolting
GSM2136160	Gradi-1 (9645)	9645	Gradi-1	leaf	before bolting
GSM2136161	Aiell-1 (9646)	9646	Aiell-1	leaf	before bolting
GSM2136162	Basen-1 (9647)	9647	Basen-1	leaf	before bolting
GSM2136163	Bisig-1 (9648)	9648	Bisig-1	leaf	before bolting
GSM2136164	Bivio-1 (9649)	9649	Bivio-1	leaf	before bolting
GSM2136165	Corig-1 (9650)	9650	Corig-1	leaf	before bolting
GSM2136166	Filet-1 (9651)	9651	Filet-1	leaf	before bolting
GSM2136167	Fondi-1 (9652)	9652	Fondi-1	leaf	before bolting
GSM2136168	Giffo-1 (9653)	9653	Giffo-1	leaf	before bolting
GSM2136169	Liri-1 (9654)	9654	Liri-1	leaf	before bolting
GSM2136170	Marce-1 (9655)	9655	Marce-1	leaf	before bolting
GSM2136171	Marti-1 (9656)	9656	Marti-1	leaf	before bolting
GSM2136172	Nicas-1 (9658)	9658	Nicas-1	leaf	before bolting
GSM2136173	Pigna-1 (9659)	9659	Pigna-1	leaf	before bolting
GSM2136174	Sarno-1 (9660)	9660	Sarno-1	leaf	before bolting
GSM2136175	Cimin-1 (9661)	9661	Cimin-1	leaf	before bolting
GSM2136176	Stilo-1 (9662)	9662	Stilo-1	leaf	before bolting
GSM2136177	Teano-1 (9663)	9663	Teano-1	leaf	before bolting
GSM2136178	Mitterberg-1-180 (9665)	9665	Mitterberg-1-180	leaf	before bolting
GSM2136179	Mitterberg-1-182 (9666)	9666	Mitterberg-1-182	leaf	before bolting
GSM2136180	Mitterberg-2-184 (9668)	9668	Mitterberg-2-184	leaf	before bolting
GSM2136181	Mitterberg-2-185 (9669)	9669	Mitterberg-2-185	leaf	before bolting
GSM2136182	Mitterberg-3-189 (9673)	9673	Mitterberg-3-189	leaf	before bolting
GSM2136183	Mitterberg-4-194 (9678)	9678	Mitterberg-4-194	leaf	before bolting
GSM2136184	Castelfed-1-195 (9679)	9679	Castelfed-1-195	leaf	before bolting
GSM2136185	Castelfed-1-196 (9680)	9680	Castelfed-1-196	leaf	before bolting
GSM2136186	Castelfed-1-197 (9681)	9681	Castelfed-1-197	leaf	before bolting
GSM2136187	Castelfed-1-198 (9682)	9682	Castelfed-1-198	leaf	before bolting
GSM2136188	Castelfed-1-199 (9683)	9683	Castelfed-1-199	leaf	before bolting
GSM2136189	Castelfed-2-200 (9684)	9684	Castelfed-2-200	leaf	before bolting
GSM2136190	Castelfed-3-206 (9690)	9690	Castelfed-3-206	leaf	before bolting
GSM2136191	Castelfed-3-209 (9693)	9693	Castelfed-3-209	leaf	before bolting
GSM2136192	Castelfed-4-214 (9696)	9696	Castelfed-4-214	leaf	before bolting
GSM2136193	Dolen-1 (9697)	9697	Dolen-1	leaf	before bolting
GSM2136194	Goced-1 (9698)	9698	Goced-1	leaf	before bolting
GSM2136195	Kolar-1 (9699)	9699	Kolar-1	leaf	before bolting
GSM2136196	Ivano-1 (9701)	9701	Ivano-1	leaf	before bolting
GSM2136197	Kolar-2 (9702)	9702	Kolar-2	leaf	before bolting
GSM2136198	Melni-1 (9703)	9703	Melni-1	leaf	before bolting
GSM2136199	Melni-2 (9704)	9704	Melni-2	leaf	before bolting
GSM2136200	Choto-1 (9705)	9705	Choto-1	leaf	before bolting
GSM2136201	Dospa-1 (9706)	9706	Dospa-1	leaf	before bolting
GSM2136202	Podvi-1 (9707)	9707	Podvi-1	leaf	before bolting
GSM2136203	Kardz-1 (9708)	9708	Kardz-1	leaf	before bolting
GSM2136204	Zerev-1 (9709)	9709	Zerev-1	leaf	before bolting
GSM2136205	Zerev-1 (9710)	9710	Zerev-1	leaf	before bolting
GSM2136206	Dolna-1 (9711)	9711	Dolna-1	leaf	before bolting
GSM2136207	Dolna-1 (9712)	9712	Dolna-1	leaf	before bolting
GSM2136208	Stara-1 (9713)	9713	Stara-1	leaf	before bolting
GSM2136209	Grivo-1 (9714)	9714	Grivo-1	leaf	before bolting
GSM2136210	Kardz-2 (9717)	9717	Kardz-2	leaf	before bolting
GSM2136211	Koren-1 (9719)	9719	Koren-1	leaf	before bolting
GSM2136212	Malak-1 (9720)	9720	Malak-1	leaf	before bolting
GSM2136213	Schip-1 (9721)	9721	Schip-1	leaf	before bolting
GSM2136214	Groch-1 (9722)	9722	Groch-1	leaf	before bolting
GSM2136215	Slavi-2 (9723)	9723	Slavi-2	leaf	before bolting
GSM2136216	Epidauros-1 (9725)	9725	Epidauros-1	leaf	before bolting
GSM2136217	Faneronemi-3 (9726)	9726	Faneronemi-3	leaf	before bolting
GSM2136218	Olympia-2 (9727)	9727	Olympia-2	leaf	before bolting
GSM2136219	Stiav-1 (9728)	9728	Stiav-1	leaf	before bolting
GSM2136220	Stiav-2 (9729)	9729	Stiav-2	leaf	before bolting
GSM2136221	Bela-1 (9730)	9730	Bela-1	leaf	before bolting
GSM2136222	Stiav-3 (9731)	9731	Stiav-3	leaf	before bolting
GSM2136223	Halca-1 (9732)	9732	Halca-1	leaf	before bolting
GSM2136224	Bela-2 (9733)	9733	Bela-2	leaf	before bolting
GSM2136225	Bela-3 (9734)	9734	Bela-3	leaf	before bolting
GSM2136226	Bela-4 (9735)	9735	Bela-4	leaf	before bolting
GSM2136227	Teiu-2 (9736)	9736	Teiu-2	leaf	before bolting
GSM2136228	Ulies-1 (9737)	9737	Ulies-1	leaf	before bolting
GSM2136229	Bran-1 (9738)	9738	Bran-1	leaf	before bolting
GSM2136230	Toc-1 (9739)	9739	Toc-1	leaf	before bolting
GSM2136231	Orast-1 (9741)	9741	Orast-1	leaf	before bolting
GSM2136232	Teiu-1 (9742)	9742	Teiu-1	leaf	before bolting
GSM2136233	Furni-1 (9743)	9743	Furni-1	leaf	before bolting
GSM2136234	Iasi-1 (9744)	9744	Iasi-1	leaf	before bolting
GSM2136235	Sij 1/96 (9745)	9745	Sij 1/96	leaf	before bolting
GSM2136236	Malii-1 (9746)	9746	Malii-1	leaf	before bolting
GSM2136237	Zabar-1 (9747)	9747	Zabar-1	leaf	before bolting
GSM2136238	Zagub-1 (9748)	9748	Zagub-1	leaf	before bolting
GSM2136239	Knjas-1 (9749)	9749	Knjas-1	leaf	before bolting
GSM2136240	Sredn-1 (9754)	9754	Sredn-1	leaf	before bolting
GSM2136241	Vajug-1 (9755)	9755	Vajug-1	leaf	before bolting
GSM2136242	Staro-2 (9756)	9756	Staro-2	leaf	before bolting
GSM2136243	Staro-1 (9757)	9757	Staro-1	leaf	before bolting
GSM2136244	Anz-0 (9759)	9759	Anz-0	leaf	before bolting
GSM2136245	Etna-2 (9762)	9762	Etna-2	leaf	before bolting
GSM2136246	Ru4-16 (9768)	9768	Ru4-16	leaf	before bolting
GSM2136247	HE-1 (9769)	9769	HE-1	leaf	before bolting
GSM2136248	KBG2-13 (9770)	9770	KBG2-13	leaf	before bolting
GSM2136249	Pfn-N2.2-6 (9771)	9771	Pfn-N2.2-6	leaf	before bolting
GSM2136250	Hof-1 (9772)	9772	Hof-1	leaf	before bolting
GSM2136251	Alt-1 (9774)	9774	Alt-1	leaf	before bolting
GSM2136252	Berg-1 (9775)	9775	Berg-1	leaf	before bolting
GSM2136253	Fell3-7 (9776)	9776	Fell3-7	leaf	before bolting
GSM2136254	Gn-1 (9777)	9777	Gn-1	leaf	before bolting
GSM2136255	Bach-7 (9778)	9778	Bach-7	leaf	before bolting
GSM2136256	Bai-10 (9779)	9779	Bai-10	leaf	before bolting
GSM2136257	Fell2-4 (9780)	9780	Fell2-4	leaf	before bolting
GSM2136258	Kus2-2 (9781)	9781	Kus2-2	leaf	before bolting
GSM2136259	Lu3-30 (9782)	9782	Lu3-30	leaf	before bolting
GSM2136260	Tu-PK-7 (9783)	9783	Tu-PK-7	leaf	before bolting
GSM2136261	Erg2-6 (9784)	9784	Erg2-6	leaf	before bolting
GSM2136262	Ha-HBT1-2 (9785)	9785	Ha-HBT1-2	leaf	before bolting
GSM2136263	Ha-P-13 (9786)	9786	Ha-P-13	leaf	before bolting
GSM2136264	KBG1-14 (9788)	9788	KBG1-14	leaf	before bolting
GSM2136265	Obh-13 (9789)	9789	Obh-13	leaf	before bolting
GSM2136266	Gn2-3 (9790)	9790	Gn2-3	leaf	before bolting
GSM2136267	Haes-1 (9791)	9791	Haes-1	leaf	before bolting
GSM2136268	Lu4-2 (9792)	9792	Lu4-2	leaf	before bolting
GSM2136269	Ru-N2 (9793)	9793	Ru-N2	leaf	before bolting
GSM2136270	Tu-B1-2 (9794)	9794	Tu-B1-2	leaf	before bolting
GSM2136271	Wank-2 (9795)	9795	Wank-2	leaf	before bolting
GSM2136272	Bach2-1 (9796)	9796	Bach2-1	leaf	before bolting
GSM2136273	Ha-HBT2-10 (9797)	9797	Ha-HBT2-10	leaf	before bolting
GSM2136274	Ha-P2-1 (9798)	9798	Ha-P2-1	leaf	before bolting
GSM2136275	Hart-2 (9799)	9799	Hart-2	leaf	before bolting
GSM2136276	Ha-S-B (9800)	9800	Ha-S-B	leaf	before bolting
GSM2136277	Ha-SP-2 (9801)	9801	Ha-SP-2	leaf	before bolting
GSM2136278	Kus3-1 (9802)	9802	Kus3-1	leaf	before bolting
GSM2136279	Muh-2 (9803)	9803	Muh-2	leaf	before bolting
GSM2136280	Obe1-15 (9804)	9804	Obe1-15	leaf	before bolting
GSM2136281	Pfn-10 (9805)	9805	Pfn-10	leaf	before bolting
GSM2136282	Ru-2 (9806)	9806	Ru-2	leaf	before bolting
GSM2136283	Schl-7 (9807)	9807	Schl-7	leaf	before bolting
GSM2136284	Tu-B2-3 (9808)	9808	Tu-B2-3	leaf	before bolting
GSM2136285	Tu-KB-6 (9809)	9809	Tu-KB-6	leaf	before bolting
GSM2136286	Tu-NK-12 (9811)	9811	Tu-NK-12	leaf	before bolting
GSM2136287	Tu-W1 (9812)	9812	Tu-W1	leaf	before bolting
GSM2136288	BI-4 (9813)	9813	BI-4	leaf	before bolting
GSM2136289	Fell1-10 (9814)	9814	Fell1-10	leaf	before bolting
GSM2136290	Ha-HBT3-11 (9815)	9815	Ha-HBT3-11	leaf	before bolting
GSM2136291	Tu-WH (9816)	9816	Tu-WH	leaf	before bolting
GSM2136292	Ace-0 (9817)	9817	Ace-0	leaf	before bolting
GSM2136293	Amu-0 (9819)	9819	Amu-0	leaf	before bolting
GSM2136294	Aru-0 (9821)	9821	Aru-0	leaf	before bolting
GSM2136295	Bae-0 (9823)	9823	Bae-0	leaf	before bolting
GSM2136296	Bes-5 (9824)	9824	Bes-5	leaf	before bolting
GSM2136297	Boa-0 (9825)	9825	Boa-0	leaf	before bolting
GSM2136298	Bor-0 (9826)	9826	Bor-0	leaf	before bolting
GSM2136299	Bos-0 (9827)	9827	Bos-0	leaf	before bolting
GSM2136300	Bra-0 (9828)	9828	Bra-0	leaf	before bolting
GSM2136301	Bur-0 (9829)	9829	Bur-0	leaf	before bolting
GSM2136302	Bus-0 (9830)	9830	Bus-0	leaf	before bolting
GSM2136303	Cas-0 (9831)	9831	Cas-0	leaf	before bolting
GSM2136304	Cat-0 (9832)	9832	Cat-0	leaf	before bolting
GSM2136305	Cha-0 (9833)	9833	Cha-0	leaf	before bolting
GSM2136306	Cho-0 (9834)	9834	Cho-0	leaf	before bolting
GSM2136307	Cir-0 (9835)	9835	Cir-0	leaf	before bolting
GSM2136308	Cod-0 (9836)	9836	Cod-0	leaf	before bolting
GSM2136309	Cot-0 (9838)	9838	Cot-0	leaf	before bolting
GSM2136310	Coy-0 (9839)	9839	Coy-0	leaf	before bolting
GSM2136311	Dar-0 (9840)	9840	Dar-0	leaf	before bolting
GSM2136312	Ees-0 (9841)	9841	Ees-0	leaf	before bolting
GSM2136313	Elp-0 (9843)	9843	Elp-0	leaf	before bolting
GSM2136314	Esn-2 (9844)	9844	Esn-2	leaf	before bolting
GSM2136315	Evs-0 (9845)	9845	Evs-0	leaf	before bolting
GSM2136316	Ezc-2 (9846)	9846	Ezc-2	leaf	before bolting
GSM2136317	Glo-1 (9848)	9848	Glo-1	leaf	before bolting
GSM2136318	Gud-3 (9849)	9849	Gud-3	leaf	before bolting
GSM2136319	Hec-0 (9850)	9850	Hec-0	leaf	before bolting
GSM2136320	Hue-3 (9851)	9851	Hue-3	leaf	before bolting
GSM2136321	Ini-0 (9852)	9852	Ini-0	leaf	before bolting
GSM2136322	Lac-0 (9853)	9853	Lac-0	leaf	before bolting
GSM2136323	Laf-1 (9854)	9854	Laf-1	leaf	before bolting
GSM2136324	Lam-0 (9855)	9855	Lam-0	leaf	before bolting
GSM2136325	Lch-0 (9856)	9856	Lch-0	leaf	before bolting
GSM2136326	Loz-0 (9858)	9858	Loz-0	leaf	before bolting
GSM2136327	Lro-0 (9859)	9859	Lro-0	leaf	before bolting
GSM2136328	Lum-0 (9860)	9860	Lum-0	leaf	before bolting
GSM2136329	Mac-0 (9861)	9861	Mac-0	leaf	before bolting
GSM2136330	Mad-0 (9862)	9862	Mad-0	leaf	before bolting
GSM2136331	Mat-0 (9864)	9864	Mat-0	leaf	before bolting
GSM2136332	Mdd-0 (9866)	9866	Mdd-0	leaf	before bolting
GSM2136333	Mie-1 (9867)	9867	Mie-1	leaf	before bolting
GSM2136334	Moe-0 (9868)	9868	Moe-0	leaf	before bolting
GSM2136335	Moz-0 (9870)	9870	Moz-0	leaf	before bolting
GSM2136336	Nac-0 (9871)	9871	Nac-0	leaf	before bolting
GSM2136337	Nag-0 (9872)	9872	Nag-0	leaf	before bolting
GSM2136338	Ndc-0 (9873)	9873	Ndc-0	leaf	before bolting
GSM2136339	Oja-0 (9874)	9874	Oja-0	leaf	before bolting
GSM2136340	Ovi-1 (9875)	9875	Ovi-1	leaf	before bolting
GSM2136341	Pad-0 (9876)	9876	Pad-0	leaf	before bolting
GSM2136342	Pdl-0 (9877)	9877	Pdl-0	leaf	before bolting
GSM2136343	Pee-0 (9878)	9878	Pee-0	leaf	before bolting
GSM2136344	Per-0 (9879)	9879	Per-0	leaf	before bolting
GSM2136345	Pib-1 (9880)	9880	Pib-1	leaf	before bolting
GSM2136346	Pie-0 (9881)	9881	Pie-0	leaf	before bolting
GSM2136347	Pil-0 (9882)	9882	Pil-0	leaf	before bolting
GSM2136348	Piq-0 (9883)	9883	Piq-0	leaf	before bolting
GSM2136349	Prd-0 (9885)	9885	Prd-0	leaf	before bolting
GSM2136350	Pru-0 (9886)	9886	Pru-0	leaf	before bolting
GSM2136351	Pva-1 (9888)	9888	Pva-1	leaf	before bolting
GSM2136352	Rib-1 (9890)	9890	Rib-1	leaf	before bolting
GSM2136353	Sal-0 (9891)	9891	Sal-0	leaf	before bolting
GSM2136354	Sam-0 (9892)	9892	Sam-0	leaf	before bolting
GSM2136355	Sca-0 (9893)	9893	Sca-0	leaf	before bolting
GSM2136356	Sen-0 (9894)	9894	Sen-0	leaf	before bolting
GSM2136357	Sfb-6 (9895)	9895	Sfb-6	leaf	before bolting
GSM2136358	Smt-1 (9897)	9897	Smt-1	leaf	before bolting
GSM2136359	Som-0 (9898)	9898	Som-0	leaf	before bolting
GSM2136360	Tau-0 (9899)	9899	Tau-0	leaf	before bolting
GSM2136361	Tri-0 (9900)	9900	Tri-0	leaf	before bolting
GSM2136362	Urd-1 (9901)	9901	Urd-1	leaf	before bolting
GSM2136363	Usa-0 (9902)	9902	Usa-0	leaf	before bolting
GSM2136364	Val-0 (9903)	9903	Val-0	leaf	before bolting
GSM2136365	Vas-0 (9904)	9904	Vas-0	leaf	before bolting
GSM2136366	Ven-0 (9905)	9905	Ven-0	leaf	before bolting
GSM2136367	Mah-6 (9906)	9906	Mah-6	leaf	before bolting
GSM2136368	ENC-2-1 (9907)	9907	ENC-2-1	leaf	before bolting
GSM2136369	ESP-1-11 (9908)	9908	ESP-1-11	leaf	before bolting
GSM2136370	GEN-8 (9909)	9909	GEN-8	leaf	before bolting
GSM2136371	ARGE-1-15 (9911)	9911	ARGE-1-15	leaf	before bolting
GSM2136372	CON-7 (9913)	9913	CON-7	leaf	before bolting
GSM2136373	MAR-4-16 (9915)	9915	MAR-4-16	leaf	before bolting
GSM2136374	SAUL-24 (9918)	9918	SAUL-24	leaf	before bolting
GSM2136375	DIR-9 (9920)	9920	DIR-9	leaf	before bolting
GSM2136376	FOR-23 (9921)	9921	FOR-23	leaf	before bolting
GSM2136377	PLY-20 (9924)	9924	PLY-20	leaf	before bolting
GSM2136378	ARR-17 (9927)	9927	ARR-17	leaf	before bolting
GSM2136379	BEZ-9 (9928)	9928	BEZ-9	leaf	before bolting
GSM2136380	ISS-20 (9929)	9929	ISS-20	leaf	before bolting
GSM2136381	LEC-25 (9930)	9930	LEC-25	leaf	before bolting
GSM2136382	MOU2-25 (9931)	9931	MOU2-25	leaf	before bolting
GSM2136383	VED-10 (9933)	9933	VED-10	leaf	before bolting
GSM2136384	QUI-8 (9934)	9934	QUI-8	leaf	before bolting
GSM2136385	LCL-16 (9936)	9936	LCL-16	leaf	before bolting
GSM2136386	CATS-6 (9937)	9937	CATS-6	leaf	before bolting
GSM2136387	WAV-8 (9938)	9938	WAV-8	leaf	before bolting
GSM2136388	Aitba-2 (9939)	9939	Aitba-2	leaf	before bolting
GSM2136389	Toufl-1 (9940)	9940	Toufl-1	leaf	before bolting
GSM2136390	Fei-0 (9941)	9941	Fei-0	leaf	before bolting
GSM2136391	Agu-1 (9942)	9942	Agu-1	leaf	before bolting
GSM2136392	Cdm-0 (9943)	9943	Cdm-0	leaf	before bolting
GSM2136393	Don-0 (9944)	9944	Don-0	leaf	before bolting
GSM2136394	Leo-1 (9945)	9945	Leo-1	leaf	before bolting
GSM2136395	Mer-6 (9946)	9946	Mer-6	leaf	before bolting
GSM2136396	Ped-0 (9947)	9947	Ped-0	leaf	before bolting
GSM2136397	Pra-6 (9948)	9948	Pra-6	leaf	before bolting
GSM2136398	Qui-0 (9949)	9949	Qui-0	leaf	before bolting
GSM2136399	Vie-0 (9950)	9950	Vie-0	leaf	before bolting
GSM2136400	Kly-1 (9951)	9951	Kly-1	leaf	before bolting
GSM2136401	Kly-4 (9952)	9952	Kly-4	leaf	before bolting
GSM2136402	Koz-2 (9953)	9953	Koz-2	leaf	before bolting
GSM2136403	Leb-3 (9954)	9954	Leb-3	leaf	before bolting
GSM2136404	Borsk-2 (9957)	9957	Borsk-2	leaf	before bolting
GSM2136405	Shigu-1 (9958)	9958	Shigu-1	leaf	before bolting
GSM2136406	Shigu-2 (9959)	9959	Shigu-2	leaf	before bolting
GSM2136407	Kidr-1 (9960)	9960	Kidr-1	leaf	before bolting
GSM2136408	Krazo-2 (9961)	9961	Krazo-2	leaf	before bolting
GSM2136409	Galdo-1 (9962)	9962	Galdo-1	leaf	before bolting
GSM2136410	Lago-1 (9963)	9963	Lago-1	leaf	before bolting
GSM2136411	Mammo-1 (9964)	9964	Mammo-1	leaf	before bolting
GSM2136412	Mammo-2 (9965)	9965	Mammo-2	leaf	before bolting
GSM2136413	Monte-1 (9966)	9966	Monte-1	leaf	before bolting
GSM2136414	Moran-1 (9967)	9967	Moran-1	leaf	before bolting
GSM2136415	Timpo-1 (9968)	9968	Timpo-1	leaf	before bolting
GSM2136416	Valsi-1 (9969)	9969	Valsi-1	leaf	before bolting
GSM2136417	Ale-Stenar-56-14 (997)	997	Ale-Stenar-56-14	leaf	before bolting
GSM2136418	Altenb-2 (9970)	9970	Altenb-2	leaf	before bolting
GSM2136419	Bozen-1.2 (9972)	9972	Bozen-1.2	leaf	before bolting
GSM2136420	Mitterberg-1-181 (9973)	9973	Mitterberg-1-181	leaf	before bolting
GSM2136421	Rovero-1 (9976)	9976	Rovero-1	leaf	before bolting
GSM2136422	Voeran-1 (9979)	9979	Voeran-1	leaf	before bolting
GSM2136423	Angel-1 (9980)	9980	Angel-1	leaf	before bolting
GSM2136424	Angit-1 (9981)	9981	Angit-1	leaf	before bolting
GSM2136425	Apost-1 (9982)	9982	Apost-1	leaf	before bolting
GSM2136426	Ciste-1 (9983)	9983	Ciste-1	leaf	before bolting
GSM2136427	Ciste-2 (9984)	9984	Ciste-2	leaf	before bolting
GSM2136428	Slavi-1 (9985)	9985	Slavi-1	leaf	before bolting
GSM2136429	Lecho-1 (9987)	9987	Lecho-1	leaf	before bolting
GSM2136430	Bak-2 (9988)	9988	Bak-2	leaf	before bolting
GSM2136431	Bak-7 (9989)	9989	Bak-7	leaf	before bolting
GSM2136432	Lag2.2 (9990)	9990	Lag2.2	leaf	before bolting
GSM2136433	Vash-1 (9991)	9991	Vash-1	leaf	before bolting
GSM2136434	Dog-4 (9992)	9992	Dog-4	leaf	before bolting
GSM2136435	Nemrut-1 (9993)	9993	Nemrut-1	leaf	before bolting
GSM2136436	HKT2.4 (9995)	9995	HKT2.4	leaf	before bolting
GSM2136437	Nie1-2 (9996)	9996	Nie1-2	leaf	before bolting
GSM2136438	Rue3.1-31 (9997)	9997	Rue3.1-31	leaf	before bolting
GSM2136439	Star-8 (9998)	9998	Star-8	leaf	before bolting
GSM2136440	TueSB30-3 (9999)	9999	TueSB30-3	leaf	before bolting
GSM2136441	Col-0 (6909)	6909	Col-0	leaf	before bolting
