accession_id	PC1	PC2	PC3	PC4	PC5
88	0.0598135658622	-4.01521290706	0.107154239303	-0.227837995281	0.95470472036
108	0.181237936635	-2.98386193217	-1.30119691076	-0.533689182786	0.796145488652
139	0.100100107452	-2.87889176643	-1.30304512543	-0.423967971781	0.81783411185
159	-0.977941357566	-2.63421801197	0.615944998975	-0.0932139658478	-0.133133086045
265	-1.06230143664	0.476968518423	-3.28375218569	0.0507862448552	0.389692692438
350	-0.612448088471	-3.39291550048	0.472702500449	0.273118175472	0.351338416637
351	-0.453740434268	-3.24255327758	0.912275706473	-0.149851919099	-0.269949628779
403	-2.32042353588	-0.402420047219	3.56030280376	2.55129252558	-3.16665223006
410	-1.77025465474	-1.7144455093	2.59610379119	2.51364012632	-3.6054576808
424	-2.05866986164	-0.597158191652	3.47155869556	2.08933462368	-3.85316487202
428	-1.94066253219	-0.143291703835	3.607876218	1.75945190627	-2.91244593121
430	-1.89770607331	-0.727077219917	3.38030404931	1.93828839718	-2.86662419906
470	15.3208292919	1.40711379611	0.288088310712	-0.209661327554	-0.440222617517
476	15.3758436645	1.47249123054	0.271463293692	-0.166025443968	-0.462000118185
484	15.3666155663	1.48476991808	0.296327459368	-0.217230821133	-0.427427167413
504	15.3138684841	1.44885030351	0.266390650579	-0.173623145857	-0.486035072856
506	15.4388835303	1.48269238939	0.264480600212	-0.216221134643	-0.477504643287
531	14.7192701612	1.30066366874	0.213630764557	-0.118688349365	-0.415799972033
544	15.4947441733	1.51349703882	0.219433075312	-0.176146554342	-0.497955860924
546	15.4614963459	1.47492680857	0.255218607048	-0.144914000458	-0.474071892851
628	0.557570164734	-2.63400975898	-0.965798002281	0.835561938138	2.63388366657
630	0.0364576452504	-2.03141370367	-0.983992208387	-0.0863314952096	2.30670037384
680	15.4988249049	1.50211141511	0.224069830802	-0.105386199034	-0.417929109141
681	15.4377901752	1.4773369786	0.262286747239	-0.238753954495	-0.455259732289
685	15.4648364739	1.499642056	0.212168467122	-0.16471151187	-0.454070566144
687	15.2935588424	1.48419516433	0.324497241638	-0.237673812507	-0.454985343847
728	15.3655415453	1.49479489666	0.32424817136	-0.251262878712	-0.452939216955
742	15.2616890822	1.4713493596	0.232105189161	-0.181004775925	-0.455002779054
763	-2.48468802924	6.63413685664	4.60465194921	-3.51573785553	1.68278993625
765	-2.09320234056	6.88802345576	4.5705546257	-3.86257339558	2.7083095307
766	-2.88822080996	7.76334742778	5.48241061768	-3.5465579563	3.4196060051
768	-2.91401299356	7.70480704128	5.03772220674	-3.7711213444	2.85786794152
772	-3.3222754598	7.95236088109	5.17277029703	-3.83121980935	3.48346646734
801	0.181445993455	-1.44832403414	0.44780629977	-0.227745853135	1.00553355443
853	15.5025421174	1.52449497149	0.223880122935	-0.156621577845	-0.439156507545
854	15.4944833864	1.50481721802	0.173750050902	-0.128346659631	-0.442599697539
867	15.5129662989	1.47346869944	0.256591852518	-0.185403831272	-0.474181572668
868	15.4267607478	1.40598576913	0.265632923664	-0.249969225388	-0.476631742276
870	9.63602851244	-1.00526131695	-0.101597079931	-0.35497129656	1.68842614442
915	-1.44276252114	-2.31505462673	1.96547793989	0.585895914524	-0.797111619028
932	3.79620733707	-2.27783656866	-0.507324191895	-0.00226640405726	2.6313016291
991	-1.1991233418	-0.158640385649	-0.98329189984	2.86631558051	2.60131604025
992	-0.633485608821	-0.286682993888	-0.152152063516	2.88343794982	1.7912689961
997	-1.42545313962	0.00232110598238	-0.581089481019	2.49377737308	2.14210161345
1002	-0.161104109384	-0.0886327319093	-0.21721393654	2.72736386685	1.42614251831
1006	-0.967944452185	-0.855366659809	-1.19907784939	2.71630323681	1.89510002184
1061	-0.869928817706	-0.319377442044	-0.468892399792	2.1157946528	-0.132698792426
1062	-1.42882097521	-1.15699725138	-1.78473799709	4.35814147547	5.99331721186
1063	-2.06480710252	0.204079688737	1.12564698888	2.83742913657	0.210039035094
1066	-1.47222495479	-0.144515670546	0.274790014874	2.65303051704	0.182768642398
1070	-1.56075375527	-0.325002889347	1.09084919049	2.86274986835	-0.335076527784
1158	-1.90928266562	0.334149053893	-0.343330021123	1.67323995185	0.247929484292
1166	-1.40027842064	0.155466352064	-0.728606261275	1.67391870937	-0.366057261876
1254	-1.93488656604	3.82287914774	-4.26094505274	2.46103069879	-1.12604469085
1257	-2.10615616426	2.63841231651	-3.38178855122	2.20176711283	-1.58785053397
1313	-0.893748235122	2.58727872052	-3.75136167924	1.51436188439	-0.673636741421
1317	-1.40157240272	2.89045061422	-3.44996733918	2.00718872456	0.123583193429
1552	-3.0102813064	7.43198016201	-6.32179266685	2.31836695146	-1.65022036739
1612	15.4025281658	1.40780977859	0.179121462984	-0.237709075811	-0.429791518796
1622	15.4664751401	1.49988585715	0.21066153521	-0.184986427127	-0.539117410863
1651	15.4382030409	1.46276101695	0.244631190674	-0.21788012104	-0.518961193173
1652	15.4803689907	1.53103930204	0.228800607136	-0.154045413766	-0.466453909178
1676	15.4699529346	1.51757095903	0.236794206427	-0.2390255526	-0.448710601071
1684	15.4360269626	1.46369260803	0.216303914879	-0.181159444689	-0.482176377571
1739	15.3897873046	1.50423149297	0.251021249878	-0.172266590807	-0.47211499287
1741	15.3659393187	1.51523172945	0.297603148396	-0.18826725899	-0.44119574527
1756	15.4241738431	1.5109861431	0.242051721784	-0.210063003187	-0.497184515315
1757	15.5096500139	1.50733128711	0.19993322529	-0.211484722043	-0.482218831982
1793	15.528332701	1.52419527112	0.17721533688	-0.200186454406	-0.490138160662
1797	15.3679908673	1.44262977135	0.3098533072	-0.232630336232	-0.527597393494
1819	15.3367053735	1.41851213531	0.239836174065	-0.257163464158	-0.499475835525
1820	15.3992824852	1.48686904984	0.269748291951	-0.181015447809	-0.430932624838
1829	7.91312689721	-0.760559643563	0.500413760625	-0.36163118153	0.822054197084
1834	15.3703949436	1.44880067323	0.231977471725	-0.241186956343	-0.450849577144
1835	14.6654344635	1.17091033333	0.114135716411	-0.313897285191	0.0417572771722
1851	14.680823922	1.16826846781	0.0986305276826	-0.259466604466	0.052424080461
1852	12.2899184362	1.10102378323	0.640407182831	-0.0129434498384	-0.504200004706
1853	10.8572743744	0.0377207853896	0.23125154455	-0.0372599542811	-0.0268472426163
1872	10.6758625555	0.245701764132	0.319984250797	-0.226059163746	-0.408937436611
1890	-2.42654387322	7.13747275304	4.82157526878	-2.55138373674	2.11868953851
1925	5.58040733108	1.64718739794	1.37796735869	0.0101748263542	-1.75185643116
1942	15.2072914414	1.40377150778	0.323310485604	-0.208673166776	-0.436238929518
1943	15.3268788335	1.45807635159	0.310587060287	-0.157293125026	-0.460747415929
1954	5.4435222612	0.459997750569	0.448966341894	0.014834537726	-1.55175022015
2016	-1.45263261652	-0.012181098187	0.682007470288	-0.0548016141333	-0.381422006706
2017	15.4709011292	1.5061648466	0.28651483383	-0.184029791291	-0.512537640623
2031	15.4484538397	1.49820519985	0.232654206891	-0.256945418776	-0.491103856254
2053	15.4900234955	1.50426390356	0.179456673618	-0.097695762904	-0.465580313432
2057	10.6902676182	0.0843441701013	0.263496386879	-0.409697808973	0.813371071544
2081	15.3809928087	1.51229036876	0.261801613295	-0.165753679307	-0.459201433064
2091	15.2487400536	1.44453792878	0.254305990441	-0.169791809281	-0.502656945656
2106	15.4189937602	1.51911689749	0.27005983383	-0.153350027567	-0.48013490089
2108	15.4137817777	1.45399237137	0.22991600039	-0.16971005083	-0.422074423366
2141	15.3490417264	1.49948217091	0.279226173731	-0.198995824207	-0.487411792328
2159	15.3939113557	1.46497568059	0.303985212727	-0.176602317007	-0.491688717804
2166	15.4082913923	1.50544954014	0.242536270566	-0.192673584736	-0.459279500089
2171	1.27823150399	-2.27856589238	0.862595972448	0.497065011053	0.46347020326
2191	15.3970107185	1.56099781557	0.222627633806	-0.231019058369	-0.471877584644
2202	-2.42759125591	1.86453652383	2.4307270726	0.598046942375	-1.35903512143
2212	15.4626283219	1.50841316317	0.206756591957	-0.154125553241	-0.487723706499
2239	15.3501301192	1.41651370852	0.193910238298	-0.218157650847	-0.519474759144
2240	15.4591145964	1.49634216806	0.26773492273	-0.198607062167	-0.485968741025
2276	5.45288985096	-2.53054755523	0.58557002646	-0.729083885645	1.97594527542
2278	7.64098236021	-0.643037224079	0.063732676297	-0.369109408038	0.828059878304
2285	15.4501631923	1.47901669328	0.241269602192	-0.217914059337	-0.462336598377
2286	15.4527160926	1.51571973057	0.22130503359	-0.196859893827	-0.46611667316
2317	-0.132529563867	-2.97199845752	0.630234124492	0.23487019987	1.10554360446
2370	15.3629015352	1.47744458957	0.275892535718	-0.215749632235	-0.472730702761
2412	15.4019456355	1.50217918613	0.226938282397	-0.163281447055	-0.495222748668
4779	0.424787554853	-2.67971245844	-1.12076432769	-0.0568311465526	1.32728755558
4807	-0.149712536392	-1.64094767311	-0.561905874715	-0.14968522428	2.22244502217
4826	-0.46788309914	-3.93856400493	0.0427217079544	-0.203313162653	2.2075923349
4840	-0.0810988902475	-3.41956168293	-0.921212744684	-0.895806437271	3.04992697723
4857	-0.0216877953538	-4.48707920112	-0.405479008895	-0.202854910804	3.67170640931
4884	-0.0369273236814	-3.14568596441	-0.694197809541	-0.860575918389	3.03145640156
4900	-0.649767068721	-4.08239332523	-1.03251148963	-0.770827456393	3.93489639912
4939	0.00143666807699	-3.47220781758	-2.00834911003	-0.467350086112	4.18185085813
4958	-0.419538626269	-2.21217830936	-1.08178978842	-1.07436948773	1.14037896795
5023	0.0106653594921	-3.3476386532	-1.12409388028	-0.544591505937	3.59860498421
5104	-1.69059339465	0.603616901795	2.27764488748	0.809027163961	0.360109669742
5151	0.342563864556	-2.17497976377	-1.76061580173	-0.0305933651833	1.00029369496
5165	-0.185956742318	-1.72819357533	3.63820764028e-05	0.316361846777	1.95552022998
5210	-1.42968699377	-2.29235410821	-0.148012166005	-0.0652260525832	1.85421113539
5236	-0.109189031716	-3.48188477364	-1.72861959457	-0.589568429551	3.97480588074
5249	0.0523675096011	-4.41992614104	-0.56191815985	-0.174681829323	3.66523223964
5253	0.112467679578	-3.68191399221	-0.0915635582735	-0.178453463712	2.41230835468
5276	-0.646402209938	-3.60962783426	-0.857215719577	-0.364436831885	2.72743111538
5279	0.669415771855	-2.9409141737	-1.22928000152	-0.157319657473	3.21854399835
5349	-0.0489084109722	-2.43097719186	-0.524891244222	0.223005348786	0.867895006555
5353	-0.215998852083	-3.23848695045	-1.53720065819	-0.373591368537	4.22847239844
5395	-0.0315997049173	-4.53503822542	-0.349740398646	-0.233902379869	3.55410915196
5486	-1.56850984221	0.617242890942	2.38169771051	0.538356520716	0.777400791669
5577	-0.785732896297	-4.34935495632	-1.30406328561	-0.635715516387	3.87952862276
5644	-0.37560379131	-2.42451608445	0.142945091118	-0.142066132243	2.00999337348
5651	0.0980895728688	-4.46922759297	-0.408673473855	-0.196363777854	3.55518960117
5717	0.0666111177678	-4.33570329656	-0.412597662201	-0.181519453728	3.64291118618
5718	-0.0208245763154	-4.4730156326	-0.382494238668	-0.159880591267	3.67353623463
5720	-1.22998859045	0.992174154646	-3.66698702747	0.895654214347	1.70065215357
5726	-0.609386775507	-3.9517156143	-1.21998286043	-0.850938095569	3.84637514479
5741	-0.0603603949056	-2.00041075726	-1.60892411365	-0.0509814416501	1.04181008974
5748	-0.411155673164	-0.743732870058	0.140169434208	1.92943943026	1.58116444782
5757	-1.16423917714	-0.829684573229	1.04787663343	1.07529443069	0.564308670964
5768	0.126477244977	-1.75599829379	-1.23607780425	0.309036620913	1.50652780244
5772	-0.460086644375	-1.80809441233	1.37191177689	0.380379632129	-0.83642644132
5776	-0.0116212591695	-4.6003884828	-0.36434068165	-0.127718602976	3.66459597584
5779	-0.346112679253	-2.28550749404	-1.51818074247	0.468991480399	1.38595277684
5784	-0.941841227486	0.84600317816	-4.59042647491	-0.0875982923811	0.288126926959
5798	-0.0317894606865	-3.46859514208	-1.93273672082	-0.508816857811	4.16316445219
5800	-0.560861347871	-1.6151538258	2.43295777379	0.87855388782	-0.530123704671
5811	-0.130127783863	-1.29133917586	-0.534760019248	0.187806049416	0.710075120444
5822	-0.613404257831	1.86433503275	-5.17728915816	0.558185469157	-0.0309599361509
5830	-1.43217515285	-0.625979499231	0.400589792775	2.48794894743	-0.228763054399
5831	-1.56816082138	0.497574495878	-0.36984987643	2.06113579867	0.895117630457
5832	-1.42704891321	0.74888891357	-1.34803422219	2.70167172739	3.00028188253
5836	-1.04121618528	-1.03669129049	-2.9562930254	4.52942227829	8.24624462678
5837	-1.94527753393	-0.555600401317	3.64069110084	2.33036683564	-2.55726832742
5856	-2.45173390129	6.69168219593	-8.36241738194	2.60391143546	-2.33195037077
5860	-1.74349828533	5.2042795593	-5.35067638497	2.23728890462	-1.26672797749
5865	-1.22989693423	0.947207161398	-0.724926365527	1.97835510349	-0.778434640357
5867	-1.47894259981	1.26986307277	0.356712909301	2.26264175305	-0.6028769313
5874	-2.29113769372	-0.401797488727	3.6147088284	1.83243565758	-3.58092515038
5890	-2.19601962316	-0.723587809102	3.10004457312	2.80286646627	-4.17653306203
5893	-2.03581278536	-0.517014146808	3.09006584381	2.99978394678	-3.82667766606
5907	-1.68157468273	-0.422322732873	2.25152229963	2.32807003552	-3.41465001524
5921	-2.06004532684	-1.16749704257	2.5780859906	2.49155937676	-3.82008494003
5950	-2.39098090462	-0.706674172925	2.88258780194	2.22445075077	-3.1301229864
5984	-2.03603104172	-0.62479161415	2.35782932237	1.66768436941	-2.7833276962
5993	-1.53774276167	-0.0474386797085	3.35656224862	2.35368432171	-3.66874485892
6008	-2.55860088343	-1.05736676814	3.52253458894	2.16091823064	-3.64783689368
6009	-2.01050867586	7.77602577319	-7.02948846498	2.59760567997	-1.49289074715
6010	-2.53137164025	7.4816676058	-7.97847489214	2.8904626455	-1.90613013001
6011	-2.71909454094	7.68019028522	-6.96607777653	1.9659847671	-1.45285082116
6012	-2.45971771433	7.37297504669	-7.93526825551	2.60475375097	-1.52070045936
6013	-2.04093061337	7.45683200205	-6.66924036072	2.59811792332	-2.09277334695
6016	-2.7721658625	7.19653463959	-7.64333096713	2.56332606518	-1.88511244386
6017	-2.71629095255	7.97817185203	-7.38091523774	2.35653956398	-1.68729111298
6019	-1.09296787931	0.298264595111	0.00868379767524	1.90387765446	0.419845583314
6020	-1.5344357429	-0.799508160576	1.43709046871	1.55890729358	-0.0729824701209
6021	-2.00948048896	0.423178589426	0.570244983975	1.88747548072	0.131886215738
6022	-1.91083028076	-0.150295665501	0.241608931913	1.78299604658	0.435592718924
6023	-1.26478648934	-0.226848000599	-2.42210089921	4.6808126269	7.53121020519
6024	-0.923180209638	-0.62092610299	-3.13261055061	4.82539851955	8.6675946983
6025	-2.04332542311	4.45252748611	-5.11517538496	2.03982249213	-2.16202829792
6030	-2.45678333267	5.0152061083	-5.39153150378	2.25293296623	-1.26460299494
6034	-1.12012104921	-0.199598130816	-1.09420813629	3.46227623412	3.70049045553
6035	-0.808123181663	-1.01940583906	-1.24012980602	3.79108306937	3.76824207605
6036	-1.62038440269	-0.850863981672	-0.151497365415	2.01680253931	1.60142278055
6038	-0.947457684247	-0.673999478144	-1.47063627638	2.64897254033	3.46633178931
6039	-0.737098723139	-0.0502227719565	2.30998456587	1.35970565683	0.100267126451
6040	-0.949614513874	-0.709086821838	-3.22273909719	4.39849679074	7.82689566492
6041	-1.0998528317	-1.1196853142	0.911681748318	1.97861132821	0.320979666116
6042	-1.64757289279	-0.77464457767	2.00367758235	2.49630650601	-1.72472432374
6043	-1.64547587305	5.61102248293	-5.93337666895	2.39165078861	-2.45682412293
6046	-1.72139989415	5.67821583635	-5.96391957076	2.487884697	-2.49891381216
6064	-3.00858637949	7.16161100617	-7.30535898841	2.67587417829	-1.99682313441
6069	-3.09677194829	7.32147196708	-7.53820794179	2.78593615898	-2.07647775923
6070	-2.81322026999	8.03895870576	-7.36249596631	3.16371983556	-2.98179762867
6071	-2.58507783114	7.60318321686	-7.68808188028	3.18243368435	-2.63925813545
6073	-0.22083751907	-0.778371024091	0.851532521898	1.44995735647	0.827776076216
6074	-1.49777809344	1.11127285245	-0.998121110195	1.67432630954	0.371242586992
6076	-1.19121400936	-1.08862580594	-0.208043378815	2.61914548175	1.42191003085
6077	-1.08934875119	-0.722287411334	-3.40182801526	4.05149508823	8.58921197895
6085	-1.52488477041	-0.337710042745	-0.133753049361	3.32874715493	0.48267841345
6086	-0.294611703602	1.19264778912	-3.7285138444	1.38843412763	0.790219119745
6087	-0.751389730443	0.310578065718	-0.280842950064	1.47532851482	1.00956119904
6088	-0.91055135444	-0.100019528944	0.266569000755	1.64859397823	0.0496849426061
6090	-1.28899136226	-0.127779907901	0.402040018897	3.72896401335	1.05980511273
6091	-1.34252185656	-0.73197581513	-3.60170920548	4.92448787049	9.43299222368
6092	-0.992672768122	0.306555842298	-0.052980599731	3.3955213671	1.1977561444
6094	-0.656379461675	-0.368658538451	-0.256588246676	2.47138762208	0.777331350599
6095	-1.11205771737	-0.635173206736	0.00219351075979	3.53946428585	1.54331976212
6096	-1.16037938067	-0.593844846025	0.516183032102	2.88936947753	0.840785175891
6097	-1.0966216188	-0.298562681132	0.908465939045	2.72307540503	0.700687495472
6098	-0.820334902641	-1.14491753344	-0.100543539209	1.53986703066	0.781650961026
6099	-0.459588735724	0.123097879148	-1.04335261178	1.69484664309	1.83592848195
6100	-1.33683952473	-0.889081475314	-0.133561569623	3.56831593504	1.15361395891
6101	-0.982036333318	-0.434616553183	-0.760464122639	2.1606296808	1.39604858827
6102	-2.05004807731	-1.2917943541	0.545728660535	3.40502931277	0.35699298326
6104	-0.880030164154	-0.580916580734	-3.68555466519	4.50021300099	7.3604220042
6105	-1.29614758645	-0.43782455306	-0.0622243867905	3.00965550619	0.886953658463
6106	-1.27856568878	-0.37658387129	0.72271494908	2.19090288029	1.37002140437
6107	-0.781113313836	-0.0682071478405	0.0564752907762	3.25255250514	1.74151886275
6108	-0.195910148687	-2.50256841042	-1.07943448101	0.0191215479223	2.1567091028
6109	-1.0065311265	-0.294226507002	-0.123577105417	2.67912788329	1.6842608295
6111	-1.19768988385	-0.952898018728	0.395381185616	2.96017323111	1.2379545412
6112	-0.0976317101214	0.1059035941	0.423027464776	2.8032007472	1.60007099935
6113	-1.58068145022	-1.61651428797	0.24226386172	3.96060531745	1.58325370346
6114	-0.89880448585	-0.167669128559	0.0486430432582	4.10050928146	0.807633984433
6115	-1.22817117501	-0.650978955802	1.13775184153	2.68162816525	1.02086090647
6118	-1.42619574003	-0.323130193135	-3.55568335507	4.69904873041	9.18563250138
6119	-1.07143259309	-0.258814123569	-0.144899818848	2.74593793861	0.653342195443
6122	-0.984423784436	-0.786629329845	-2.38413014273	3.99613003206	6.59499968333
6123	-1.36690114548	-0.191580120731	0.225245635557	3.29178043814	1.20322093517
6124	-0.59046393535	-0.637114891912	-0.188681733047	3.74409548163	2.04942706316
6125	-0.902387773819	-0.999861101963	-2.79848261765	5.07844763926	7.54596517882
6126	-1.6384826887	0.0522352381179	0.0834489277276	3.44497347823	1.60543405217
6128	-0.171446313188	-0.657166068925	0.152684579545	2.57352156084	1.6159912291
6131	-0.407222181556	-0.494508650011	-1.88820517183	4.13505880344	5.80450641931
6132	-1.06077601743	0.696237107887	-2.24392962714	3.84429656204	5.10802026972
6133	-1.58425357218	-1.04881278979	-1.77114447603	4.90761954655	5.23052437266
6134	-0.867805072687	-0.949987289827	0.0280160968917	2.65693599485	1.79099335227
6136	-0.939968857555	-0.674185223429	-3.13310886714	4.73193616705	8.46017045749
6137	-1.12317116538	-0.397994644349	-1.67307704641	4.13832851521	6.01140435155
6138	-1.4384077713	-0.0130571054474	-1.21943732285	4.06115633157	3.84361178636
6140	-0.954776561186	-0.116369420631	-2.67652179761	3.06380702833	7.13033069192
6141	-1.20907917225	-0.578449897502	0.246939109872	2.46126737003	1.46908248604
6142	-1.32605022412	-0.879030926077	-2.94940466905	4.17728164849	7.65205269887
6145	-0.81067527793	-0.706176922325	-2.7052028703	4.03840119962	8.06046672463
6148	-1.01838124325	-1.6745454351	-1.52408394132	3.39452929077	4.37251510804
6149	-0.830827084041	-1.28304788806	-1.97260091399	3.93604294734	7.02739039881
6150	-1.00637201904	-1.2735289098	-2.43930801353	4.1253283867	6.75882192675
6151	-0.465754821268	-0.743150366609	-0.676162802881	1.3920689275	1.68482519669
6153	-2.16660905738	4.40003228519	-5.18649217014	2.26346219072	-2.1079389062
6154	-2.05138623239	4.45490816781	-5.85138832086	2.03106518313	-1.81324939109
6163	-2.04878656064	4.50774875605	-5.51413925956	2.11521893075	-2.05007813439
6166	-2.17057070623	4.23601164571	-5.20839742157	2.11430967398	-1.86825235217
6169	-2.64085185171	7.43551174502	-8.03599906668	2.97641375215	-1.47923244238
6172	-2.39605117053	7.28054248898	-7.03493568816	3.23106120242	-1.85509783061
6173	-2.58323859482	7.46944485299	-7.08649523936	3.14756927825	-1.77692634602
6174	-2.55787445453	7.44800308801	-7.59326295752	3.54424818266	-1.97540967803
6177	-2.47280403152	6.17485648181	-6.2132352506	2.90610005969	-1.02610637526
6180	-1.28248066414	-0.407891466757	1.77856893116	0.7323400064	-0.612629831519
6184	-2.09306199015	6.15832977258	-6.02879902226	1.9023252156	-1.77486321287
6188	-0.957239940288	-0.0435643472267	1.33798588748	2.72845263927	-0.545432232324
6189	-1.98853386097	-0.774411368958	1.17263107703	2.8303955731	-0.485014571331
6191	-0.630977153816	-0.287465108311	0.96553784715	2.77046081548	0.310890403712
6192	-0.868452732149	-0.975212429987	0.91411573904	2.18070406133	-0.589548907046
6193	-1.4461066979	-0.33946293526	0.79267267866	2.27878271998	0.10125665185
6194	-0.36371242077	0.765595928803	-1.11189324893	1.28082431683	0.466228643143
6195	-1.24623662726	-0.229885111744	0.372419181707	2.38577388793	-0.318721374024
6198	-1.04654263894	-0.093233314783	0.747878534313	2.63440279574	-0.714206026614
6201	-1.07806842071	0.346282481209	-1.01380593324	1.57357468646	0.384388321005
6202	-0.499084330843	0.0131935647086	-0.400414232207	1.99389803942	0.27900168069
6203	-1.65139714276	0.266359108637	0.115608238703	2.87356746241	1.25663652964
6209	-1.98573328702	7.22875890913	-7.13096675551	3.0732515915	-1.61674741248
6210	-2.16505079443	7.48891793027	-6.4253473552	2.87254990549	-0.876475509997
6214	-1.91173038332	7.03410176803	-6.43076036276	2.50504409299	-2.13170242231
6216	-1.56950593905	6.6760540628	-6.19104238007	2.36541649345	-1.98006526287
6217	-2.02170210995	7.32610268609	-6.54792682756	2.55864172533	-1.83905666435
6218	-1.56209906564	6.7998909225	-4.7104183629	1.5808994639	-1.0604960372
6220	-2.24154821218	5.54376411393	-5.36402698295	2.22722001707	-1.52692019201
6221	-2.64672728181	7.0723866746	-7.43652128399	3.50863560501	-2.19936574879
6231	-3.33810105222	7.20177813927	-7.40577863194	2.43304675616	-2.2016820282
6235	-2.59186409537	7.89068194986	-7.85128889809	3.34828516483	-2.74492817434
6237	-2.6926960408	7.40378047676	-7.62664923385	3.10160077744	-2.62313574982
6238	-2.52482606165	7.53484675734	-7.62898935887	3.16111121978	-2.65142064733
6240	-2.41886265368	7.53206183131	-7.25170619013	3.14886042054	-3.04089425981
6241	-2.58518311737	7.52703077779	-7.27859593887	3.15563031657	-2.90042113445
6242	-0.0353646354267	-0.638147556952	0.688170629701	2.57121958739	1.16167809539
6243	-1.58402607016	-1.40411202887	3.22004355298	2.47632311738	-2.12590627943
6244	-2.32160236011	7.1353934694	-7.84282275069	3.08513806958	-2.37168096633
6252	-0.508022601235	1.43393648412	-2.20766594539	1.58489817925	0.673702145675
6255	-0.893374640327	1.37748940996	-1.9883075721	1.83507144568	0.662620292377
6258	-0.913266851704	0.972294838374	-1.28158437069	2.38744533144	1.40079874689
6268	-0.526981931949	1.38266741746	-2.22143923632	1.55104699298	0.711856068211
6276	-0.662422320772	1.1968326539	-2.16354662181	1.43283463647	0.460410216266
6284	-0.962058630503	-0.300534801988	0.344378731322	2.98605547507	0.973222866635
6296	-1.75559912195	-0.0914038448468	2.68541827385	2.87729024688	-3.99578004999
6390	-2.31114245708	-0.314958940965	3.37155691056	2.17015252541	-2.86616938714
6396	-2.22427917335	0.117191008542	2.17027137918	2.30577131273	-3.33347961582
6413	-1.65960054159	-0.427380214296	0.356608413294	2.4787645935	0.325176796651
6424	-1.76987567988	-0.927491172423	2.19630245287	1.75060364221	-3.13581421298
6434	-2.03522611946	2.23381366504	1.25113652698	1.96924593164	0.0801443117633
6445	-1.3009590963	-0.604370176987	2.55044734164	3.12014680009	-3.60191377142
6680	-1.0933000301	-3.04223522738	0.515509352934	0.41818251483	0.0172965057377
6739	15.4652804903	1.47484183432	0.253927323518	-0.235496481394	-0.457643771568
6740	15.4398333051	1.49652194242	0.224036618579	-0.201633435954	-0.487943889179
6744	3.52286983717	-0.758797319055	0.0907057986749	0.831906147474	0.187740849711
6749	15.4532311031	1.54048312251	0.224363063615	-0.210345474506	-0.563879962549
6750	15.368259955	1.47287970019	0.283700675221	-0.174263281221	-0.470640321245
6805	15.4176798759	1.54947019964	0.19895543261	-0.204163031018	-0.487809868237
6806	15.4921439502	1.51760170567	0.215356163433	-0.195743552493	-0.445697739076
6814	15.3568766195	1.50940783715	0.169533284742	-0.195905983245	-0.526045068736
6830	-2.42734919031	4.13651775549	2.40736563764	0.0285995289706	1.03733576718
6897	-1.37137647339	-2.89284711306	-0.0569382755391	-0.0722907189326	-0.119696229242
6898	0.420464720165	-1.74651687357	-0.51947027835	0.374031348368	0.445084794704
6900	-1.81076519377	4.51729005455	-4.65103377339	2.42696197634	-1.55450382858
6901	-1.75970254695	4.5561788545	-4.69946325821	2.39911216906	-1.55629675316
6903	-2.29967117784	-0.568923994515	2.94221953737	2.63267136926	-3.67527293082
6904	-0.787218764318	-2.86878100164	0.813651423969	0.29252396093	-0.590588367408
6907	-0.152210916832	-1.15595276677	-0.0295356400436	0.45582641286	1.08471641296
6908	-0.488800956656	-3.59373757633	-0.565302234947	0.0404292677849	2.87996893032
6909	-0.79696177208	-0.93922150727	2.32501665983	0.756184297618	-0.389419495614
6911	-1.53907234436	0.0198693418976	-2.90857285461	-3.46291594045	-0.884141055897
6913	-2.07096663695	7.4172979659	-6.32797206768	2.40917423494	-1.78386891057
6915	-1.67587354932	-2.57097519198	1.60344183686	0.950769857351	0.584968677094
6917	-2.55606852702	7.72320252333	-5.55232648663	1.77026769587	-1.74180250771
6918	-2.13610374015	7.03627296156	-6.05684883131	2.5792044854	-1.40941080725
6919	-0.692917597585	-0.930484578583	2.04019036592	1.79132306993	-1.81373493422
6920	-0.853142337087	0.651720230819	-2.16810630941	1.26358336736	1.05400223074
6922	-0.156591751532	-1.8169502456	1.83672276197	1.2374071981	-0.59510283642
6923	-0.367374605004	-3.88904755959	-1.27463469257	-0.448281612872	2.9476683301
6924	-0.0433356291032	-3.35430653933	-0.845057622694	-0.94260976557	3.07234210247
6926	0.681097459519	-2.99158814219	-0.316829673686	-0.617168459195	2.44250745582
6927	15.3619187085	1.49249033906	0.262072672739	-0.237980775062	-0.472477264139
6929	-2.96938778205	8.16723073815	5.2795671322	-4.4477627994	3.51664603479
6931	-2.35614564536	5.91347194472	4.25236980912	-2.49928592958	2.25633403219
6932	-2.02259424033	2.19603067135	1.0525211192	1.81725008768	0.145966595606
6933	-1.59510457405	-3.01119895018	-0.931707295852	-2.4505387767	-0.827975324082
6938	-2.75156873355	4.11977029068	3.7826167522	-0.720340923606	-0.172323748597
6940	-1.89562310909	-1.69199408291	2.29159610134	1.59259603224	-0.946753757095
6943	-0.216587269893	-3.6634661417	-0.933734794025	-0.0874947866809	2.73800675475
6944	-0.0615903004874	-3.45835545324	-1.03236177701	-0.164138581795	2.91246020898
6945	-0.132035719896	-1.3204869758	0.256259626206	0.472396913913	1.18870101253
6951	-1.86112360236	-0.667347459236	2.61957121014	2.1998107317	-2.45082175412
6956	-2.35079969813	-0.572539352442	3.17176506335	2.68985080666	-2.96764030292
6957	-2.35069900348	-1.1495627813	2.6050755448	2.48940161302	-2.52987786927
6958	-1.00176586259	-2.89785438616	0.277962633862	-0.513909548746	0.213777853947
6959	0.300118891174	-2.01806155629	-0.900319131848	0.182321830831	0.651554977325
6960	-0.0274602331777	-3.21420491925	-0.660318065856	0.157532412597	0.56345589782
6961	-1.73572571267	-3.07593245998	-0.946610499089	-2.58880816664	-0.623110946343
6963	-3.02190354638	7.13320290199	5.20028227438	-3.78561830253	2.64689007731
6966	0.389960830236	-2.47396954579	-0.567887112851	-0.10514126123	2.24677406826
6967	-0.490447018737	-1.79674529798	-0.80785039394	0.562690767456	1.51402178386
6968	-2.89418387493	5.50948863214	-3.71537465577	1.31297334466	0.134516332517
6969	-2.83830491361	5.5403786329	-3.69644856482	0.997783721786	0.154308389806
6970	-1.25890679079	-3.59222381576	-1.60982467151	-2.48825542043	-0.7769617458
6971	-1.30861420267	-2.32634857829	-1.89150966608	-2.86984111374	-1.19191478203
6973	-0.292583406701	-0.209517362557	-0.263297637768	1.22130576879	1.23607370931
6974	-1.26637546782	0.198580439424	-0.303072456791	2.68125039535	0.742927615178
6975	-2.50609954661	-1.10291364689	2.78775949181	1.84723956223	-3.11451721683
6976	-1.67626270887	-0.84479420478	2.80539145751	1.62903031468	-2.85883773348
6979	-0.612588404964	-1.96994839051	1.91514375311	1.21761658141	-0.482440693394
6981	-1.51070830504	0.253755303882	2.2966039872	1.11106848451	-0.338914957408
6982	-0.943384365458	-1.59484059677	0.865275480418	1.11534838316	0.859161565266
6984	-1.63082183076	-0.543697260556	3.3049667223	2.1823625385	-4.41156375408
6986	-0.170696916947	-3.66095156562	-1.82206357072	-0.369194829262	3.72733780706
6987	-0.611273798165	-2.09649902215	1.70312645834	0.499498968706	-0.0673704877539
6989	-0.291235488056	-2.72294893806	-0.866877770302	0.0811395639016	1.96391377427
6990	-1.44533503475	-1.35740118386	1.56275563487	2.11677063902	-0.681908710159
6992	-0.598390493513	-3.12322060683	0.853489497216	-0.615658432865	-1.36220018969
6997	-0.456398757324	-0.752712505096	-1.35779408937	0.811015132548	0.799936353041
7000	-1.20862968079	-1.30775027623	0.74978524546	1.24348425809	0.35399270863
7002	-0.456226609911	-1.25187466873	-0.348245253401	1.08867023955	0.898239432519
7003	-1.71601812109	-2.33934813302	1.51552023215	1.11193140724	-0.824798090309
7008	-0.00274249025042	-1.86559315522	0.710272948131	1.21564886747	0.222070034566
7013	-1.89368072512	0.143274932174	2.05121084437	2.04544991371	0.0669812615
7014	0.112858559778	-2.02922886045	1.009496927	0.75706501354	-0.31478871812
7025	-2.076945195	-1.9500159065	2.7958429811	0.723321865303	-2.15391876011
7026	-0.115360669419	-2.94791600108	-0.384450906867	-0.153924675149	1.65069873229
7028	-1.43686424788	-2.03970370348	0.460797411368	0.905310837123	0.146075825417
7031	-1.18739462102	-2.05123857595	1.71246560529	0.646907524135	-0.492343347657
7033	15.0564754949	1.41310764877	0.362746125295	-0.0751567788147	-0.495546015986
7036	-1.15936241288	-1.23360762266	0.915150974152	1.9266121124	0.609974707906
7058	-0.959033986872	1.0435341025	-3.75031190523	1.02225073418	1.75411339909
7061	-1.06052433918	1.05429330481	-3.74746157505	1.03231525378	1.68760486632
7062	0.218299587881	-2.75834844641	0.608435326434	0.614548138536	-0.0141771366516
7063	-1.09707128891	-0.482427936047	-1.9451290836	-4.19943098704	-0.199526849191
7064	-0.515047183078	-3.93738975353	-1.16388849486	-0.97910894726	3.83401176323
7067	-1.38918633496	-0.399507556019	3.31316191487	2.414982534	-3.31664866549
7068	-1.32983549576	-3.29316817203	1.07552393283	0.263310692214	0.440739703817
7071	-0.66410600029	-2.59156699997	-0.63703920338	-0.824313500275	0.384801698535
7072	-3.12972470039	3.31679801108	3.91789342807	0.0701366702923	-0.179223204908
7077	-2.10027175218	-2.82905052288	0.540704594946	-0.433865231752	-1.3675491715
7081	-1.78328071323	-2.53804882492	-2.03185646662	-4.10349379498	-0.529765407781
7092	-0.376951911508	-2.47605902462	-1.16431463015	0.235934149315	2.27453293048
7094	-0.885442473716	-1.45759568958	2.11801772024	1.91499065968	-0.0724608424177
7096	-1.99633588949	2.12106893073	1.16760551506	1.86747613372	0.180188919207
7102	-0.280026054351	-1.55492813449	1.2000710309	0.797668789509	-0.117166971538
7103	-2.1475324153	-0.572285796187	3.35235503128	3.01968439238	-4.01673361875
7106	-1.5741351993	-1.74761388365	2.49023201969	1.55299728348	-2.71980906715
7107	0.0569947895154	-4.54224731622	-0.357907203518	-0.214129049157	3.51584865524
7109	-0.234423563679	-3.46318235381	-1.82788313762	-0.514245972498	3.98971669786
7111	0.657479730699	-0.908620856715	-1.01923803382	0.69015261407	1.88256931278
7117	-1.01797918845	-2.10033396959	0.408968452946	0.944726542058	0.766698246127
7119	-0.0346517284892	-2.11824578695	2.22231011932	1.15151653575	-0.16847806048
7120	-1.64240461199	-0.519640247421	3.31896257144	2.38342361159	-3.23908807606
7125	-0.295741600986	-2.45163147142	0.582293944033	0.92837340748	0.205288351706
7126	-1.71349281725	2.90375088978	-0.233115767998	1.50520780572	-0.963492571157
7127	-1.57156290536	-0.839808613364	1.66708166154	0.595382186975	-0.666937888387
7130	-1.79885554938	-2.67529174865	0.228784134647	-0.495667286961	0.180642338753
7133	-0.216302450361	-0.639101826585	0.544034569164	0.156169858193	0.614175808435
7138	-0.852749398271	0.64320687519	-2.22059082527	1.08450002569	1.0968752036
7143	0.2216254866	-0.525650018071	0.17579812239	0.489385678975	0.817077017658
7147	-1.55318246824	-0.471058866608	0.17218206612	1.59088519455	1.00935920639
7158	-1.73548797661	-0.789696250379	1.87795453036	0.804780692386	-1.8276847908
7160	15.2256067211	1.46551429061	0.318601416332	-0.140070916038	-0.527999117175
7161	0.214416639003	-1.674449952	1.03337531893	1.60263891931	0.32786095508
7162	-0.174118730581	-0.123205175362	0.0582264402681	0.249829923036	1.6132522611
7163	-0.051570892493	-1.65125164458	1.60656531572	-0.186602645973	0.180789678313
7164	-1.70969070858	0.0804946794515	0.807936017878	2.24652760175	0.968961773203
7165	-1.03414123194	0.288296046157	-0.702239038489	1.04050029023	0.682974916924
7169	-0.712477216865	-1.51624527588	0.26167406228	1.01921897452	0.640881060806
7177	-2.52520274306	-0.517911448853	2.82331711178	1.41861416382	-2.35505578368
7181	-1.80592368661	0.0641277780279	0.709965619515	1.12113667352	-1.37462145979
7183	-2.73644267575	7.01518439781	4.71157711377	-3.3442913191	2.46811600076
7186	-1.9351333182	1.4820886564	2.34269602333	2.10389814977	-1.67286111714
7192	-0.336388150109	-0.695999463615	0.241105108353	1.9214561998	1.69133145601
7199	-1.3869769331	-1.66745578023	1.63026808218	1.08937343058	0.114325055907
7202	-1.31101978223	-1.75921769237	1.66026618447	1.26234712405	0.194179725888
7203	-1.88740044367	-0.507434156439	3.56156450943	2.72887276792	-3.00021877102
7207	-2.2375399924	-0.7651149426	2.97694517577	1.90617818475	-2.96972507454
7208	-0.0148692973315	-1.78646299738	1.65344975303	0.752154124801	0.958586652077
7209	-2.34968290907	1.692671407	1.45514123499	1.41654655309	0.239796666022
7213	-1.99669467766	2.07719859733	1.25877594834	1.82262688725	0.202111684694
7217	-0.695756262954	-2.5763999407	-1.09557646684	-0.00228884383563	1.01153643961
7218	-0.946550180924	-0.868305462064	2.66396433082	0.2982201385	0.17994414822
7223	-2.03677615005	-1.62764242975	3.3073501158	1.71168398773	-3.04371421863
7231	-0.186047219148	-1.93481862469	1.13158850254	0.433510231023	0.317617584764
7236	-2.4202848572	0.923924057051	2.84521292149	1.49050807047	-1.10915076348
7244	-0.113482616601	-1.81883468326	0.0750635499343	0.549263333843	1.59857374474
7248	15.2639482855	1.37193013378	0.335826122847	-0.283082685436	-0.504675008502
7250	-0.974778071147	-1.37606356581	0.655192797275	0.881458387745	1.58889298382
7255	-0.522966599905	-2.09305693959	2.13522660165	0.681015619633	-0.470567398534
7258	-1.08082680565	-1.41429390089	1.67779728979	0.631461771284	-0.377543567787
7268	-1.55233645511	-1.25535107393	1.47476929913	2.26994972943	0.304733320754
7273	-1.17483272291	-0.240899380967	3.13680641632	1.67985508327	-1.69445341429
7276	-0.501915089595	-2.26724684123	1.50653003038	0.655080242976	-0.439381968171
7280	-0.764368312363	-0.146474936442	-0.866308036699	0.767713965195	1.10529775564
7282	-0.44483495558	-2.58938949426	1.35441687376	1.30846877273	-0.305331424378
7287	0.321338803922	-1.05948330814	0.387330232543	1.10751947219	0.204899580585
7288	-1.21542764074	-0.812963691183	1.15078906735	0.963898444564	0.474439478066
7296	-1.34599586881	-0.345713855175	1.74545292063	2.63905167744	-2.81585900851
7298	-1.35058228512	-1.60985639026	1.64203739331	1.86497216154	-2.08321751412
7305	-1.30470895945	-0.435472270061	-0.223714407804	1.39700844869	0.474981177843
7306	-1.38736331702	-3.46601996248	0.304733220513	0.0791256761744	0.977963069844
7307	0.0564119076802	-2.72159052321	-0.449034371187	-0.294271131706	1.88363016207
7314	-1.63697726957	0.2203147119	2.34390927683	1.07705918902	-0.400623998657
7316	-0.754069341234	-1.0200351453	-0.981797465615	0.998326333897	0.459327596288
7319	-0.963548586325	-2.88922108726	1.07277641422	0.81174586683	-0.510536453943
7320	-0.374328229276	-3.38046604018	0.00129925064109	0.136432546222	2.49270189578
7322	-1.56919481516	-2.03214613622	1.53558966627	0.930857962655	-0.0635402800022
7323	-3.16646138349	5.81690510632	3.77022101904	-2.31250139445	2.41328166963
7327	-1.03300182333	-2.63626042286	-1.27462668272	-2.11787717257	0.118555394062
7328	-1.67265392268	-3.60388058253	-0.623412368434	-2.11290227946	-0.330418765428
7332	0.570513682756	-2.91943571717	-0.300842486206	-0.567965517679	2.4047474069
7333	-1.83535377963	0.997435900162	1.20396166788	1.86853454549	-2.84879322246
7337	-0.502236424823	-1.47430917823	0.94205376766	0.754717759694	0.230334759883
7342	0.68972411354	-0.934797631222	-1.07480509979	0.753123213246	1.82674740076
7343	-1.72042266351	-0.613348497359	2.08999862107	2.20888484363	-0.0824395849932
7344	-1.13711063346	-2.81394436575	1.51768692741	0.822661819165	-0.363293484929
7346	-1.73550277309	-0.276079703474	0.811987060579	1.77831100089	-0.208169851585
7347	-2.30394876781	2.47547552768	3.37802948979	0.701276710624	-1.31898853908
7349	-2.63460930159	-0.997488597747	3.8197665026	2.54615832593	-3.73400540302
7350	-2.6951432802	-1.06588496305	3.77622709979	2.52930640507	-3.61030628444
7353	-0.364551828417	-0.538295909889	-1.95227495638	0.509449540559	1.16234299435
7354	-1.62507602992	-0.525966811933	0.5943698429	2.13480094219	-0.596652021683
7356	8.95707788293	-0.677171362283	-0.134639242444	-0.27215038195	0.00201651633756
7358	15.4531676242	1.52289414501	0.169914331378	-0.171263752145	-0.505881162997
7359	15.4551983376	1.4890429852	0.229998851479	-0.219108401751	-0.46608023311
7372	-1.19692480763	-1.25488954063	2.10616247739	1.27139493857	-1.82263897021
7373	-0.677595911683	-2.14591926553	1.37934254642	1.32223003913	-0.704306164376
7377	15.1618846934	1.43885294841	0.220202221633	-0.143971063329	-0.44290319772
7378	-1.08759334198	-3.20865486459	2.18952698702	0.308181708014	-1.33575548949
7382	-1.0313125652	-2.29060428936	0.965014800973	1.42360001121	-1.60659981205
7383	-0.503219048174	-3.1394262219	-0.774834277309	-1.07541184411	1.05688126941
7384	-0.570946884949	-1.38455892711	-0.384912343919	0.674172399229	0.282710048352
7387	-0.0763686289114	-3.64666601262	-0.555422383669	-0.425352060593	2.88120019743
7394	-1.73262603593	1.01541048421	1.91437472353	1.5050738566	0.0196730008052
7396	-1.5665372655	0.339112713456	3.47148324278	1.05056874686	-1.06992990812
7404	-0.858919458749	-0.850417864997	0.475235546012	1.41032507605	0.0549342162393
7411	-1.46516255649	-2.00478864727	2.29877729299	1.41455600026	-1.82188557322
7413	-2.2537684557	1.30251546656	2.76718078912	1.13158843196	-1.47314242067
7415	-0.972249589538	-1.84802375711	1.24297762759	1.02832093836	0.465718683795
7416	7.22969719859	0.0948839285077	-0.425018223457	0.048335707932	0.457185956343
7417	-0.750355346408	-2.59705161352	0.274404579777	-0.0520586729179	0.663256020045
7418	-1.09474918808	-1.59219773649	1.44017896479	0.349396329118	-0.475903009531
7419	-0.916279969089	-2.29143614434	1.28643636254	1.48493253427	0.0630693439263
7424	-2.38012284893	-0.890413771734	3.08951384409	2.04180127649	-2.59436774593
7427	-1.97690961052	1.59687351006	3.02204468572	1.26464948776	-1.27778386621
7430	-0.880004562705	-2.15387944593	1.35434240836	0.0674004367384	-0.184360047342
7460	-2.18059549674	-0.698313640427	3.32144108704	2.95121977457	-3.99874283489
7461	-1.11904009745	0.29472946747	0.93967303961	1.58489070954	-0.228733499349
7471	-2.16042513804	2.14228198679	3.48946436274	-0.120259711347	0.907468171048
7475	15.4733285739	1.49542697693	0.300879282549	-0.178811948088	-0.490965029778
7477	-1.38300830521	-1.90392748412	2.37923329435	1.94607440648	-1.27036362997
7514	-0.495443515623	-2.1006895586	0.812369109837	0.870328413908	-0.8024870889
7515	15.126559998	1.37975637021	0.30421494203	-0.126995875908	-0.522456340406
7516	-0.712545981674	1.0258906559	-1.38497576511	2.05964463024	0.895141433241
7517	-1.08017342307	1.54109637524	-2.57179415697	1.14784942509	0.641867121541
7520	-2.61332433972	-0.438498078501	3.49190031205	2.36693230295	-2.36015001927
7521	-1.380498398	-0.77804443079	2.51760093488	2.46104961423	-2.84825769304
7523	6.97500890037	-0.339188311822	1.12560478084	0.0812307598957	0.0278406396128
7525	5.20288190024	-1.99842609237	-0.489413393105	-0.51890038536	1.63409427214
7529	9.55564919786	-0.7410612603	-0.807406493249	-0.416438184496	1.88662340838
7530	9.7281143374	-0.758952920643	-0.773733982339	-0.343482257571	1.78919499208
7566	13.4811454877	1.12413253587	0.434508885785	-0.141515106293	-0.617245137239
7568	15.4564291077	1.4898165208	0.224813141593	-0.207944047901	-0.496997964445
7717	3.42977906804	-1.58298249496	0.778892426913	0.0509131344559	-0.24095011882
7757	15.4476146593	1.50608150303	0.281996667039	-0.202366178453	-0.443170902146
7767	15.3497181825	1.46674942053	0.191827942614	-0.116931223418	-0.48494489555
7917	5.51865708418	-1.47984963499	1.66217652634	0.758855821847	-1.5508706349
7947	4.38082421311	-2.09574463464	-0.506417310734	-0.510405751503	1.66904315315
8037	15.4447909594	1.50255094854	0.239701898194	-0.173269348325	-0.4446817104
8057	15.4542128524	1.50875933808	0.249407122265	-0.194055649622	-0.465970933652
8077	7.01441073142	-0.468168960832	0.162936271784	-0.549890521808	0.20950249577
8132	8.68718840628	-0.269972489501	-0.157334249135	-0.718430746775	0.783098792717
8171	8.15831705892	-1.38634287487	-0.480914535163	-0.326422884942	2.17391703745
8214	-0.278876542626	-3.18696003863	-1.22749915981	-0.0882692650833	3.02758373836
8222	-1.45537796498	0.428002429219	-0.30483718585	1.72920291394	-1.29289767844
8227	-2.39251386665	5.34973642551	-6.34699531716	2.97174771924	-1.81398375537
8230	-1.72682999552	1.5206462809	-0.147609752461	1.68755113224	0.708492415757
8231	-1.4630433918	0.0205820314676	0.137268190925	1.45777080981	-0.414588353488
8233	14.9581488813	1.33230044188	0.47722908677	-0.143744312611	-0.424746480738
8234	-1.18756334721	0.0378647628004	-0.0356133424009	2.07252819883	0.997068998994
8235	-1.57027336671	0.0184157583335	3.21298030393	2.76536241876	-2.4665133832
8236	-2.49548531099	-0.917527096569	2.91383595708	2.21255003345	-3.52594169062
8237	-0.867790871803	-0.458510631793	0.204044303672	3.33126228379	0.686569686827
8238	-1.58747677447	-2.28645383782	1.59634983856	0.767903939805	-0.0598901118765
8239	-0.863040198797	-2.10969870462	0.760618624654	1.26063114973	0.113619469719
8240	-1.66072179572	-0.0354465537077	-0.209082473557	2.42449711225	1.64659843341
8241	-1.45544089193	-0.531465494395	0.502961856233	1.6770582136	0.628349605868
8242	-0.912881900898	-0.470631929437	-0.115141321992	1.21748580359	-0.0980200843046
8243	-0.948727773317	-3.28299998226	1.41743256199	-0.686350096239	-0.833076701451
8244	0.473442419065	-2.55833551193	-0.390068436847	-0.753212877332	0.74508263159
8246	7.75155700287	0.388116046296	-0.33854159487	-0.684773562326	0.28312185212
8247	0.0493005625614	-0.713856699697	-1.38224654735	2.51631230711	4.97598512561
8249	-1.41141396729	1.87428445921	-0.470078584298	2.36202451705	-0.10279755511
8256	-0.5134486587	-0.958216725117	-0.23162505411	1.82687386864	1.37718683735
8258	-0.70566173706	0.241648054547	-1.52647666209	2.83514268226	1.82687242752
8259	-0.688661787311	0.15074345698	-1.6960483794	2.82781195969	1.794264519
8264	-1.14795627113	-3.18155380261	-0.731365715175	-1.5341723785	-0.0726946445671
8283	-0.643263066546	-0.562045558079	0.0312973123188	1.80179591016	0.268918192911
8284	-2.00608490791	-0.874879524054	2.88205716217	2.900100796	-4.20839565345
8285	-2.21216697095	-0.780748863969	3.01940651473	3.04292305442	-2.7263069187
8290	-1.64950584018	-0.512121072474	3.40321793378	2.28893554368	-3.25244011962
8297	0.024708014925	-2.83188348032	0.299114365382	-1.74008007546	0.826790718345
8306	-1.1522378534	-0.905920731629	0.686686351886	2.62680387461	1.72644687452
8307	-0.461132073069	0.220466145675	-0.109635359633	1.80250563961	1.07970156181
8311	-2.90823823078	-1.3352425171	2.06514815932	0.781612677561	-1.34739321738
8312	-1.13010289295	-1.55394008046	1.61193339329	1.34144173173	0.411798595158
8326	-1.55865848357	0.0811228543567	0.493705089501	3.17718089961	0.625678270587
8334	-1.76101175343	-1.71061307407	0.354877793101	1.92953353503	-1.84927957302
8335	-1.03263410939	-1.06522525261	-3.80802602358	4.80279078637	9.73375750657
8337	-0.467559326162	-3.14885701032	0.193526198944	-0.137526553364	0.22236568879
8343	-0.444583427947	-0.556494962171	0.254744609758	1.29877756454	-0.476583005384
8351	-1.0366293874	3.69118986324	-4.18848934598	1.88297346025	-0.993294275431
8354	-3.37186525491	4.53262745738	4.44462577968	-0.844264367416	0.243093989059
8357	-0.828700351496	-3.44365376832	-2.05805263432	-2.4547545823	0.256872933283
8365	-1.8703841953	-0.739979800487	3.0566116514	2.43530146897	-3.59365292031
8366	-1.44890358179	-0.683794821781	1.96981710552	1.69379303979	0.485348724829
8369	-1.03246296535	-0.820619874989	-3.01751022559	4.1329996128	6.64044365377
8376	-1.87224478127	5.98280057082	-6.58620792947	3.16986467987	-1.78029404997
8386	-2.19614084063	-0.386207133991	2.65356766771	2.38946431573	-3.01854267653
8387	-1.58221182606	-2.3003209054	1.23112084863	1.01917916367	0.451728143775
8419	-1.99264135594	1.08640940512	2.35523317505	1.03939688705	-0.583331180591
8420	-0.986820576642	-1.71253150901	1.54633673007	1.07203669153	-0.524676139139
8422	-0.806048100685	-0.0609461384307	-0.41704283897	2.75015370548	1.94752570224
8424	-2.70194058986	7.07897535783	4.53290059328	-3.3477441526	2.64847948108
8426	-0.713023550588	-0.911246292989	0.00852557731857	2.42283332426	0.364691224628
8427	-1.21829427557	-0.404163513124	0.78233801864	2.18137060065	0.878834104971
8464	15.4332253766	1.4692870202	0.163500295613	-0.229905504524	-0.518095667571
8483	15.4189198698	1.51155539167	0.303091735225	-0.189344733927	-0.525377011472
8699	15.3610545103	1.49958588091	0.234196895925	-0.206318118916	-0.505956369434
8723	15.4050583341	1.53613153573	0.215772609563	-0.205617929744	-0.47810606843
9027	10.3124767246	-0.644467082268	-0.0571810498201	-0.389948929608	1.12285349019
9057	-1.74228186929	-0.143948785302	1.33621065887	2.06150834025	-0.305870751026
9058	-1.59577910774	0.890787690853	-2.17999572164	1.74231393599	0.138559350007
9067	-1.6806578658	-2.64779054342	-0.442341325875	-1.91629466325	-0.680209064804
9069	-1.07718122559	-2.51427046056	-0.126256837051	-2.7761867597	-0.121564203397
9070	-1.9945742441	-2.10791925563	-0.249976293761	-2.49569260216	-0.494157812437
9075	-1.69954623608	-2.16725704397	0.306526343706	-2.19792689443	-0.825643159152
9078	-1.36931886715	-2.4234932826	-0.118898889861	-2.17661752189	-0.521043876289
9079	-1.79917225704	-2.26868121797	-0.391023393623	-2.23953888503	-0.655389912007
9081	-1.21954962594	-2.38449830032	0.290954786483	-2.44031566457	-0.835831082218
9084	-1.3170251446	-2.48991434139	-0.286418873518	-2.21430697666	-0.477211340363
9085	-1.29756741885	-2.51118420523	-0.335884363379	-2.26043285084	-0.358022690292
9089	-1.61830949909	-2.54947814771	0.344999817444	-2.2307511257	-0.146629193218
9091	-1.18499989375	-1.81747230603	0.478618473943	-1.48366988128	-1.22951509077
9095	-1.73350566229	-2.82641239312	0.0552564116765	-2.6849612399	-0.720824790947
9099	-1.32146745796	-2.23799964331	0.471345056818	-1.87581630342	-0.726244049094
9100	-1.32098118516	-2.23446916156	0.728471410679	-0.9641657731	-0.777067445145
9102	-1.29806513922	-2.15113826002	0.606391875644	-1.20561371739	-0.959320022141
9103	-1.49586927124	-2.34110958273	1.01704377474	-1.35379783857	-0.694948777378
9104	-1.23401301857	-2.30537808785	0.815211532289	-0.943119496619	-0.668397850293
9105	-1.31568723557	-2.27165768909	0.672884382011	-1.00944419478	-0.78036726881
9106	-1.88882922167	-1.7744906218	1.11024037272	-0.937659157484	-0.81791743297
9111	-1.79649349896	-2.05853023225	0.871990132289	-1.4268432575	0.0443113897455
9113	-2.04870094006	-2.48989038072	0.824001895431	-1.44597487951	-0.246201730992
9114	-1.48345358536	-2.22688350194	1.07848858469	-0.830788963084	-0.33642407822
9115	-1.50879458572	-2.12447982647	1.11543811341	-1.03878404806	-0.513410939525
9121	-1.28863599521	-1.99238228212	-0.0489531944573	-1.46490347484	-0.594312071485
9125	-2.7082445296	5.32193634239	3.39067760771	-2.60780837182	1.18920286832
9128	-2.60053606644	6.24989837876	3.8235248764	-2.66720876571	1.59654038881
9130	-2.82759208405	6.21722121515	3.89278976559	-2.63494830226	1.44218972405
9131	-2.63878059996	5.97261894972	3.8639582963	-3.00401651851	1.67839143298
9133	-2.45025977704	5.53554015439	3.65201486783	-2.44538552998	1.07630710922
9134	-2.47961665832	5.44874546954	3.59488936098	-2.45173282702	1.15860239754
9298	-0.324793853844	-3.63926587894	-1.70915613335	-0.638871184493	3.9473223912
9312	-0.510663006133	-2.97728761284	0.213578207025	0.588710519518	0.523171156181
9314	0.367685996396	-3.10472715615	-0.760510463641	0.104488900953	3.22294008767
9321	-2.91372295711	7.46036380688	-7.87409119752	3.16127298676	-1.85326185854
9323	-2.68909782799	7.5621756578	-7.52077463194	2.7498254639	-1.4896842076
9332	-2.8187176282	6.96279974531	-7.24695557227	3.26344643618	-1.85884150849
9336	-1.64064006717	2.33323849428	-3.80799827691	1.8728071398	-1.01540170594
9339	-1.86797292434	-0.0861052976328	-1.02076369511	1.79221089977	-0.0673425954274
9343	-1.56505606899	0.574072974811	-1.56959314762	1.61167220723	0.00161189249133
9352	-2.09792589743	0.788575097389	0.377606473112	1.09855295788	-0.664848654889
9353	-2.78673458773	0.776487896418	0.710698623267	1.50665643079	-0.484970729689
9363	-2.53954856395	7.30471838086	-7.93078305318	2.93238460229	-2.2430844284
9369	-1.10730946681	0.462709007507	-0.595932723106	0.909471592907	0.00475722131713
9370	-1.80814896119	1.7845429107	-0.131130055574	0.627435794185	-0.0661390318097
9371	-1.84328681695	6.66078184311	-5.84423819633	2.14901644063	-1.85656170133
9380	-1.05871062953	-0.397381866922	-3.43176256057	4.52714243651	8.6117116613
9381	-1.98311150496	1.93310098491	-2.62971745032	0.823931772254	0.251175926404
9382	-1.60945056653	2.03846997772	-2.48893751739	1.67813967054	0.224913127432
9383	-2.11861429873	1.66296433035	-2.23742561561	1.00309890855	-0.270460573428
9386	-3.03345494134	6.64089817877	-6.95464451465	3.0286691668	-1.71498679095
9388	-2.88578084372	6.98048410641	-6.89694803397	3.52734065114	-1.36580639844
9390	-2.27205212886	1.78679269092	2.3427250913	1.59038388127	-0.373599656778
9391	-2.01510778585	2.19004933633	1.08538894709	1.65829847752	-0.0841824293088
9392	-2.38861384719	1.66623032597	2.36951233249	1.56569289214	-0.334974486124
9394	-1.3388968358	0.171433468784	-1.78312537667	1.66974765737	0.75045518442
9395	-1.23850514605	-0.579901841725	-2.55770775016	2.30152720497	3.20203882334
9399	-1.16619571406	-1.04298848564	-0.323452850034	1.8272906179	1.51561256948
9402	-1.57477821881	1.05425190469	-1.24670189776	1.52636503243	-0.319862356786
9404	-1.56362783401	-0.0312277550398	-1.83465158023	4.11592170089	5.00890644733
9405	-1.54437158315	-0.393887405407	-2.60429868163	4.36748932547	7.11176602567
9407	-1.72844096538	-0.131002452493	-2.06922866895	4.46215129405	5.97605364222
9408	-1.07278533271	-0.589432347635	0.0263644698187	3.62123620759	0.522870627823
9409	-0.952423638361	0.103468377979	-0.27358453829	2.43127592975	0.0669086492003
9412	-2.32046577231	1.64600107488	1.02011275365	2.00113018278	-0.561112001887
9413	-2.29882829122	2.09337746575	0.521806336913	2.17819869861	-0.282384601764
9416	-1.4777318707	1.04931106825	-2.56265046608	1.83477002926	0.71071901381
9421	-1.9879389444	-0.547199184106	0.341931431417	2.75542772574	0.275112027842
9427	-2.49152574204	6.60651546526	-7.1966554282	3.08507807722	-0.86349202727
9433	-3.18820966362	7.54406023486	-7.56658843081	2.46595031528	-2.13139794987
9436	-1.97426176695	-0.59902924649	0.468412234188	2.51970197898	0.668692506505
9437	-1.01795287175	0.508179582931	-0.277312205798	2.72670834353	0.856577971198
9442	-0.501826301388	1.13431492151	-2.31703798508	1.51950149929	0.811566324657
9450	-1.73237735122	-0.284793042363	-0.341126338011	2.14402815311	0.765268149223
9451	-2.3610617163	0.124131356491	-0.682747062103	1.62118702889	-0.0349307594429
9452	-1.25211321078	-0.516332624389	-0.252092563071	1.43365304725	0.0754349111246
9453	-1.63942300386	-0.239089798646	-1.14629012926	1.30969710763	1.54355243933
9454	-1.91587509568	0.0247932577094	-0.843975155697	1.7600583001	1.1220925502
9455	-1.13350667726	0.798220649291	-0.903440515734	1.17577374035	0.916345408122
9470	-0.639413625797	-0.0201019037221	-0.485252170703	2.66231410932	1.27898481049
9471	-1.36282021109	-0.308910798193	-2.86313291338	4.98911414849	7.90709711882
9476	-0.745440388552	1.28844729946	-2.21915015277	1.61332747255	0.767500578123
9481	-0.882392958187	-0.975487327721	-0.527216218538	3.17496236789	0.797619064423
9503	-0.0960661097221	-3.40923527281	-0.786538134685	0.155645332354	2.40439029934
9506	-1.57356399471	-3.06435766267	-1.18715104886	-2.45955803685	-0.277290858125
9507	-0.374580097952	-2.94427294347	-0.855119876688	-2.87109150973	-1.16141091242
9508	-1.72847322246	-1.71378202109	-3.291125237	-5.22338535636	-0.756399334356
9509	-1.73859376949	-2.39230950275	-2.33128298506	-4.32521515197	-0.8184710431
9510	-0.327882221524	-2.3365011882	-1.53534355387	-2.81445912157	-0.989578993017
9511	-0.789218345545	-2.19433979576	-1.84227876696	-3.24794845268	-1.24881680279
9512	-1.47661865963	-2.41090754218	-2.09851856853	-3.87023724346	-0.68408934055
9513	-1.30453752041	-1.9671599281	-2.04053302452	-4.7517753556	-0.933950795599
9514	-1.15106105439	-2.46036483313	-0.683449405447	-3.14197784492	-1.19218761436
9515	-1.59065621892	-3.32650370247	-0.947724138892	-3.52069123624	-1.1916563051
9517	-1.2359574192	-1.91337208077	-1.00231105734	-0.703752766021	0.299598954757
9518	-2.41037692392	-0.474462360101	-5.30015966688	-5.99796351222	-1.62444253511
9519	-0.993235541696	-2.87119152985	-1.01376235756	-1.71745598296	-0.369352991765
9520	-0.87123608465	-3.23682357622	-0.50967084544	-1.83463248707	-0.028416882363
9521	-1.46791061702	-2.97711567932	-2.40048478508	-2.77341807058	0.101862117065
9522	-1.37695013133	-2.75357608529	-0.629649066486	-2.17601188774	-1.71524422563
9523	-0.901154829983	-2.44717452455	-1.17571982237	-2.76938070532	-0.614592677892
9524	-1.36143101625	-2.2172003057	-3.33554149517	-3.22113549392	-0.56891779844
9525	-1.68076280244	-0.458619595547	-4.0932060084	-2.96970829225	-1.48281847531
9526	-1.31200808922	-3.01633227169	-0.757089002849	-2.81300900245	-0.226813528199
9527	-0.789017156929	-2.03473309015	-1.50234268575	-2.79785018625	0.365320382859
9528	-1.80052546877	-0.651301893803	-3.58236387986	-5.10970893401	-0.803589510948
9529	-1.03716354512	-1.95816989551	-1.72459267603	-2.85246229859	-0.335099440769
9530	-1.66685354376	-1.35439784017	-2.30488728063	-5.39756197766	-1.91242732513
9531	-0.882492614533	-1.40942773546	-2.12353444622	-3.30535184167	-0.248361183135
9532	-1.12902444196	-2.71212266175	-0.981658960673	-2.70027303997	-0.783258535194
9533	-1.99492938495	0.95005173417	-4.93202432098	-8.66176616698	-1.76061993688
9534	-1.50824077879	-2.3417528153	-2.7027533099	-4.37716637999	-0.795795728534
9535	-1.85858536768	-1.48880789206	-3.51908751184	-3.35185832391	-1.25108348874
9536	-1.80302555403	-0.289780196453	-3.43950515225	-5.44730152144	-0.69419999018
9537	-0.656051119634	-3.41719010619	-1.13569822729	-3.34864129474	-0.987136097056
9539	-0.779822079423	-3.02450354847	-1.51351966308	-3.08866038035	-0.471134789898
9540	-1.39839017021	-2.59446236433	-1.15793965677	-1.87126830089	-0.662819489616
9541	-1.48128747099	-2.69973968565	-0.217721693429	-2.70357953456	-1.24508301545
9542	-1.95872718937	1.23747206332	-4.88505357426	-7.61618242475	-1.95701501864
9543	-2.57594194352	0.94823354354	-4.56607327506	-8.23330534014	-1.50103256943
9544	-1.08058885299	-3.30504752756	-0.990141283378	-2.50255451241	-1.06546697929
9545	-2.66105082794	0.697507191678	-4.93790992983	-9.60526923966	-2.52887796312
9546	-0.710354243446	-1.4188978639	-2.84546938769	-4.19189554377	-0.374592265934
9547	-1.49549231245	-2.73804037947	-1.86703396021	-3.13092656202	-0.727169356938
9548	-1.63137824887	-1.86104117407	-1.94913613521	-2.81346471091	-0.190679855262
9549	-1.4516409425	0.862245753471	-4.67672299537	-6.66751070061	-2.03177412747
9550	-1.87356630182	1.17413689692	-3.12725684646	-2.95534704024	-0.834340975146
9551	-0.977208120181	-1.83602749413	-1.02686882906	-2.34960034339	-0.120764595177
9552	-1.59151359906	-2.27351156046	-1.77193686757	-3.78730028661	-0.298173289918
9553	-1.12631325025	-2.23705056848	-2.31794174003	-3.96081152504	-0.404591859765
9554	-2.7126244498	0.622231996996	-4.71444243899	-9.10176326759	-2.64448987381
9555	-2.83559278844	1.06360401909	-5.21205025538	-8.91976819497	-2.73794256914
9556	-1.82280595675	-2.16016925725	-2.88009508863	-5.09113102082	-1.14562536406
9557	-1.7446914365	-0.181788597337	-4.285250987	-3.81051436463	-1.40576304548
9558	-0.813234211078	-2.52295312635	-1.78561106038	-3.52430843392	0.155317239355
9559	-0.928695283918	-2.76067221631	-1.25893755727	-2.86734830921	-0.0805058067056
9560	-1.1188917795	-3.34026477674	-0.936298857413	-2.95691701833	-0.934702994508
9561	-0.857251594471	-1.44634413025	-1.56887308927	-3.83718355907	0.107696949099
9562	-1.54217419328	-1.37342562209	-3.90518321627	-4.32889464756	-1.18076512142
9564	-1.84167396879	-0.393477813145	-4.77280564406	-4.05662607455	-0.915384773441
9565	-0.893604615771	-2.52040037156	-2.35469414039	-1.64513656705	-0.18489997997
9567	-1.34998143238	-1.28448746653	-4.81524081176	-4.99946649327	-0.54747123823
9568	-1.66036922378	-1.67208169216	-3.8951134503	-3.7301501971	-0.821750690938
9569	-1.67031828237	-2.47167177306	-0.996835132645	-1.36791953015	0.514416588889
9571	-1.48866262532	-2.27842647886	-2.09946921792	-1.44952404716	1.45428910776
9573	-1.14809435792	-3.16234225617	-1.46483441491	-2.39847195493	-0.3054678572
9574	-0.918116565849	-1.18301457502	-2.56754872439	-5.37362626747	-0.601240835763
9576	-1.39443658044	-3.03459508625	-1.05029847671	-2.3337538545	0.443044007871
9577	-1.05985811237	-1.0844303087	-5.08336849023	-3.79198634252	-0.955529729069
9578	-1.36234594653	-1.76328936718	-0.946369073727	-1.82807814982	0.422485976491
9579	-0.417076004527	-2.69602099057	-0.992706874586	-2.91270236847	-0.467046563649
9581	-1.06786936955	-1.40240332424	-0.54512484727	-1.37230187266	-0.443802460867
9582	-1.12487650788	-2.00656418443	-3.90429334218	-4.27570256438	-0.479361532736
9583	-2.68322757267	1.20496975039	-4.0621381373	-5.93753686071	-1.9592373934
9584	-0.784128226086	-2.76863840096	-0.30114755268	-2.19862599533	0.394378377868
9585	-1.0271455037	-1.22569347341	-1.10981630452	-1.01969603375	0.649749733743
9586	-1.18443592057	-2.6732387792	-2.33720509364	-2.68256522198	0.182831136731
9587	-0.938370811825	-3.01605560686	-1.38754281972	-1.84515237573	0.255643979738
9588	-1.42775598839	-1.13617232846	-5.51096138165	-4.64242688491	-1.18945735202
9589	-0.246349728222	-2.84595438599	-1.11408307729	-2.30475648019	1.04311428717
9590	-0.758511826572	-1.62280146808	-2.65259360994	-0.771178942479	1.43882173606
9591	-1.40661921943	-1.79281512951	-1.69249563231	-1.80120785104	-0.41679055825
9592	-0.254921727805	-3.38724478631	-0.398674304193	-0.82260764334	0.619352416085
9593	-1.66566912898	0.307460854913	-4.59830208973	-3.21942236694	-0.600824361153
9594	-1.33630253699	-1.31531090744	-4.72998684917	-4.36400287535	-0.999082700322
9595	-0.78700889058	-1.82113670502	-1.07980601667	-2.97317297276	-0.0856648216375
9596	-1.82935252888	-1.86462999456	-0.552978357152	-2.46204392662	-0.153309830411
9597	-1.12672815277	-2.59560188053	-1.86086337251	-2.02603819282	0.454172227272
9598	-1.9718442808	0.944919132446	-5.20300927509	-8.49839255686	-2.20393150023
9599	-1.61290188494	-2.57208090994	-0.090595826317	-1.93851842653	0.285919352316
9600	-2.76526118355	1.211515111	-4.9347712537	-8.34757332934	-2.19918201894
9601	-0.790042525708	-3.14140359294	-0.760397248997	-1.38774332188	0.583041739824
9602	-1.33231695143	-2.12623697166	-2.6829399756	-4.36138105911	-0.811053687113
9606	-2.10060846504	0.645606746173	-2.69941506975	-2.15424378233	-0.849099736321
9607	-3.24778629163	7.13835124046	4.1348743316	-3.08480624959	1.88906020812
9608	-2.69424198327	6.35833441971	4.70019138646	-2.48614116406	1.80653000553
9609	-2.8442028946	6.45243055158	4.62767079152	-2.5543786012	1.37696817879
9610	-2.55475111036	7.3975324932	4.71946200906	-3.34314277517	1.95967904936
9611	-2.52609631765	7.7232857274	4.33724393496	-3.09696398283	2.14035153752
9612	-2.58809126075	7.55518898806	4.40623343725	-3.04360993457	1.99084636062
9613	-1.32584876037	-0.105740336633	1.34646789461	-1.39932805423	0.024489617537
9615	-3.07593167163	7.07984678603	4.3049615588	-3.1309431476	2.29666939433
9616	-2.90491316891	7.04604125298	4.28904058516	-3.07088439402	2.38323460679
9617	-2.62904643586	6.60241426793	4.75051161803	-2.70361637055	1.93248623447
9619	-2.76662610991	8.67225159241	5.76794085811	-4.17409767129	3.14525914755
9620	-2.95360390345	8.12215805392	5.73291581389	-4.3256971806	2.89584481798
9621	-3.03271978203	8.2789293525	5.80573407611	-4.46838420571	3.02390777049
9622	-2.37130306937	2.31078371431	3.49427232147	-0.531073405037	0.493697858264
9624	-3.09434883596	7.58901164732	5.41965055574	-3.55012152711	2.81208753057
9625	-2.82129686205	8.50540700245	5.28045331253	-3.93970905867	2.83808155907
9626	-3.22971016363	7.26752413455	5.28508596378	-3.62780005697	2.48364664675
9627	-3.14851686596	7.88325636915	5.32892312118	-3.57906501773	3.05855952182
9628	-2.70257066472	7.48844815484	5.34097644817	-3.66034809631	2.71918991296
9629	-3.14631677725	7.45082467225	4.85045190167	-3.52461216363	2.82444108618
9630	-2.5383637314	8.15579636472	5.15629014474	-3.98454286474	2.9973208133
9631	-2.69344262854	8.10229028222	5.70920809493	-4.16916994214	3.23376270579
9632	-2.87840311781	7.98607777707	5.5334424744	-4.55010765395	3.37891321553
9633	-3.23181601618	7.3509307638	5.62410847709	-3.92549969825	3.08779282035
9634	-3.16734715883	8.07371732194	5.68380928286	-3.93872074009	3.05880863923
9635	-3.44875704127	8.12143222606	5.7569801307	-4.40296897126	3.75738925102
9636	-3.273487874	7.54927497894	5.97712352437	-4.54931383738	3.01332728439
9637	-2.86777178557	7.96979462324	5.66566041258	-4.43868772755	3.60706178552
9638	-3.36366406515	8.13255435245	5.36490072547	-4.43918252993	3.03511317696
9639	-2.98855716793	8.22458374481	5.43628771624	-3.56805656863	3.02769739519
9640	-2.95447115892	8.1339663705	6.09442892309	-4.39372715685	3.50294327651
9641	-3.13315512514	7.67927725694	5.52424301155	-3.89976349677	3.18162643936
9642	-3.00732068372	7.71681492215	5.63875132161	-4.28345829736	3.06794238871
9643	-3.05933992284	8.43730734188	6.04668382963	-4.42213166698	3.34432293738
9644	-1.77184288771	-1.34059795724	2.42160316997	0.760775094328	-1.30822795049
9645	-1.58138451876	-1.04279610046	2.82117901069	0.776283718566	-2.34026974645
9646	-0.684050989489	-3.13997773785	0.952746285068	-0.98725097436	-0.760636366484
9647	-0.569649632225	-3.01556186061	0.282794237028	-0.954515332632	-0.988580872428
9648	-1.63277868107	-3.36316203097	1.08869645718	0.155631526966	-0.795970812851
9649	-0.896440193259	-2.66043705875	1.25682120204	-0.0845481176099	-0.807022765686
9651	-1.15652097329	-3.15758600914	0.427363186391	-0.45356489135	-0.0538792218794
9653	-1.34723727391	-3.39093466572	0.692820416965	-0.0845188455606	-0.558730017749
9655	-1.146688194	-2.89662244812	0.792179830641	-0.0658857603974	-0.145539006706
9656	-1.56382817061	-1.62643778492	1.02561240098	-0.325200870927	-0.471353162303
9657	-1.34852177467	-3.06647721615	0.664927411649	-0.604755873014	-0.937347306677
9658	-1.49078780238	-2.60099880235	1.84111288366	-0.480286421068	-0.794062263948
9659	-1.84658348886	-2.97553324625	0.873871977971	-0.880805064075	-0.132480438521
9660	-0.680623066693	-2.74623948487	1.47251346746	-0.0875628811722	-0.806886196161
9661	-1.60466788825	-2.93386351272	1.53558225902	-0.148790018453	-0.479476119344
9663	-0.474781843965	-2.34372816235	1.07612601633	0.155763060987	-0.239228376636
9664	-1.77370842583	1.24315628814	1.38077987987	2.55899395667	-5.16007835787
9665	-1.57534329795	0.778681002248	1.00874594608	2.62227538877	-4.59812336583
9666	-2.21350993986	1.67342855385	1.78584598767	2.64319127014	-4.50296573153
9667	-2.63679555781	1.17185945117	1.1678843136	2.54352525462	-4.7227557092
9668	-2.45706505302	1.43295949478	1.91022695512	2.765685311	-4.36530391329
9669	-1.9320319541	1.13136656771	1.66779721984	1.69669740279	-3.70885750422
9670	-1.87721815614	1.42512579903	1.28147782728	1.72492560376	-4.49353418057
9671	-2.14759699413	1.43725521869	1.16049555808	1.84725880422	-4.00699048503
9672	-2.26296145146	1.02247761032	0.957572871437	2.01929549924	-3.82130014591
9673	-2.3052413587	1.31406024169	1.35611695865	1.96559285417	-4.04224956122
9676	-1.51429181923	1.89347573313	1.72650302844	2.15566475435	-4.22201825332
9677	-1.66814625299	1.63240263937	1.81803196205	1.74122421086	-4.2876714763
9678	-1.58840786124	1.29069647629	2.08581255677	1.98647658499	-4.02228806631
9679	-2.02704888585	1.34736982038	2.02047886461	1.72537289516	-3.90525259648
9680	-2.10419813096	1.20108830388	1.9026948847	1.83211862313	-3.84581268462
9681	-2.01313754641	1.28391364739	2.18451885345	1.76774398871	-3.90211229911
9682	-2.08901752191	1.16315418995	1.97778466536	1.69239156965	-3.94779090284
9683	-2.24000227912	1.16221053623	1.910928274	1.68579848129	-3.88749111638
9684	-1.56594435322	0.510957482444	1.20849133769	2.05294878586	-2.98886495164
9685	-1.56949322545	0.538405770931	1.13361849386	2.0892920506	-2.83054641758
9686	-2.02684203816	1.31078250309	1.43524987066	1.80020586347	-3.22197041062
9687	-1.48564978432	0.621887444951	1.08811630951	2.02401939079	-2.80739057612
9689	-1.87263189241	0.245576007179	0.953393826938	1.85220876157	-2.99383464474
9690	-1.72119827991	0.387182587263	0.93606556097	1.85975764836	-2.99303637335
9691	-1.4008609586	1.60093599119	2.8695403343	-1.53543319751	-0.141467820227
9692	-1.45081910501	0.138251419627	1.01741962651	2.24752549871	-2.82153607427
9693	-1.55427009078	0.0393348315006	1.11553940367	2.25134868632	-2.91544598925
9694	-1.8889333069	1.05834619099	1.70700114235	2.06461247922	-2.61653426581
9695	-1.95924859974	1.05216836328	1.7613881423	2.14471758685	-2.59594260346
9696	-1.94952941466	1.16556308653	1.79107646085	1.81400461775	-2.3639301072
9697	-1.52039700259	0.315903318545	2.06970860274	-0.362026619551	-0.0147274903315
9698	-1.44051814764	-0.228148063943	1.95956329427	-0.64160515381	-0.110258514852
9699	-0.96847101167	-0.983160171505	2.14784033573	-0.485464712538	0.401450961239
9700	-1.11990598058	-0.981579387046	1.70421038496	0.0401232237203	-0.260655118532
9701	-2.50770187235	0.758016969566	1.95438228355	-0.940870516848	-0.0762449910326
9703	-1.69962034875	-0.708768589585	2.35253876253	-0.0900941162134	-0.17310920693
9704	-1.36719711023	-1.23820052959	1.96057847314	-1.12703101175	-0.581934942272
9705	-1.44285986875	-1.09083311982	2.15787974558	-0.728670034822	-0.691188697824
9706	-2.09112690076	0.753862402542	2.79806295805	-0.490621730305	-0.221789395755
9707	-0.99552417692	-0.637463881609	1.25013364208	-1.28382959506	-0.0271576541172
9708	-1.11820738681	-1.07662043562	0.409140573851	-1.71596845383	-0.552575583037
9709	-1.58795700159	-1.08603486557	1.27114465665	-0.673855309349	-0.380958097166
9710	-1.54473894644	-1.35600445062	1.54591277462	-0.240892149209	0.545765470943
9711	-0.999836810933	-0.168837384626	1.09122329331	-1.3060329456	-0.0544545788088
9712	-1.21335565887	-0.966499821443	1.65281907809	-0.0413435042262	-0.148779194708
9713	-1.55615089139	-0.439627689292	2.53401011312	-0.561730346042	-0.417014741311
9714	-0.895154980784	-1.03521985535	1.15173508997	-1.04097234566	-0.47578247178
9716	-1.81062302564	-0.837422119514	1.06520604308	-0.931183417119	-0.940736876139
9717	-1.63613743884	0.0588463269907	0.98677241116	-1.33936003984	-0.738073311114
9718	-1.45146488783	-1.36918560915	2.14151959919	-0.419644856772	0.0095011956897
9719	-1.87058030557	-1.28747550688	0.627549592355	0.0117922626576	-0.59307158289
9720	-1.70293376239	-1.07207510326	0.985419041661	-0.331479254854	-0.665864426109
9721	-1.43685921713	-0.308400038509	1.39184665372	-1.20181176005	0.0919965851855
9722	-1.78302823386	0.531256564555	1.87155309759	-1.04718771971	-0.340332332639
9723	-1.90670363609	1.16452317506	2.38799462747	-0.839950622888	-0.206087776185
9725	-1.73129780175	-1.56360315596	0.316625251351	-1.24646562797	-0.964332234396
9726	-1.36071005052	-1.86180204458	0.869197636471	-0.321060553153	-0.440882798056
9727	-2.43361223623	1.05966360234	1.27408389103	2.64461771789	-4.67087271047
9728	-1.97133966259	-0.0505655325138	3.27379453833	2.466142003	-2.56571991205
9729	-2.26410371069	0.145750059554	3.62449083415	1.72443580773	-1.57127630207
9730	-2.28742110757	0.581863500854	3.63805540029	1.20818762449	-1.8433959695
9731	-1.85631123585	-0.496866955305	4.19651280281	1.29155303944	-2.55051521058
9732	-1.61102745783	0.506353563482	3.44386459717	1.32976474713	-1.49648736598
9733	-1.79051811581	0.0485266790352	3.70757337303	1.25097718305	-2.03013638313
9735	-2.12537514563	-0.130153802344	3.57005414744	1.95793623302	-1.73226219639
9736	-2.41169775478	1.02181058127	3.32985154039	-0.363196341747	-0.417790654449
9737	-3.37978282144	8.5430445803	5.8755704205	-4.70347103834	3.31911777023
9738	-1.14548454703	-2.03909837291	2.23500852665	0.110473084828	-0.379065123189
9739	-2.15638427621	-0.170425459214	2.37532671138	0.839610972656	-1.67244554301
9741	-2.14066050854	0.534340847642	2.06899369317	0.681321800549	-0.675988042376
9743	-2.02485399351	0.875776040339	2.34683761558	-1.18968858412	-0.114683699851
9744	-2.08100880766	1.52872497294	2.51084146563	0.919183270126	-0.787712689149
9745	-2.92124718611	7.06292369147	5.25201792867	-4.05942845074	3.30568152232
9747	-1.18427079867	-0.334845031644	2.38642993255	1.57346611379	-1.33966919855
9748	-1.75250073357	-0.596517474539	2.41974524296	0.352304415274	-0.595944035616
9749	-1.5215344763	-0.386823118781	1.92304979743	-1.0684835079	0.162959687173
9754	-1.84400772795	0.39303780032	3.30328459472	0.191674506859	-1.83972781057
9755	-1.10485087691	0.556262452038	1.82077498409	0.00212972381209	-0.585813699782
9756	-1.4668489283	-1.05331229322	2.44028826854	1.39831177067	-2.60948971369
9757	-2.0806947106	-0.86537781291	1.73998057207	0.447772925572	-0.158001556704
9758	-3.32012325941	6.95785516958	4.30003028988	-3.09821604414	2.30710021394
9759	-1.48758016714	-2.91034933751	-0.0654438541539	-1.75414846409	-0.548715520972
9761	-1.1679780998	-1.57079468191	2.81680287928	1.82933548568	-1.64598038169
9762	-2.0987487265	-0.563741942382	-2.64673611839	-2.6431124813	-1.09868349534
9764	-2.17359554588	-0.833402465477	-2.91414360763	-3.94611549958	-1.28960568296
9766	-2.73987666482	7.39173383227	5.199474921	-3.89081869502	2.14952577978
9768	-1.44491835783	-1.82642729561	1.91760286864	1.4859343678	-0.5490096628
9769	-1.55835088248	-2.21032718306	1.73048076936	0.73311244532	-2.19074554063
9770	-0.907527155245	-2.2618235256	2.63135508397	1.82930860597	-1.23523998283
9771	-1.37741627196	-2.91579856456	2.19720119902	1.16423681342	-2.02204199886
9772	-1.1766633603	-2.1656727228	2.25030755815	1.38092563081	-1.11231325006
9774	-0.778659982754	-1.74677654024	2.05434267348	1.8623523391	-1.52970966417
9775	-1.74530933825	-1.82799389175	2.36923931981	1.61683182348	-2.23214471101
9776	-1.2179469184	-2.71780070062	1.60075545131	0.238659777169	-1.50613008225
9777	-1.08770422	-1.81765009631	2.16834874594	1.22403287591	-0.951255973778
9778	-1.75024027069	-1.64076694246	2.17378981918	1.8091602	-1.5036232807
9779	-1.22416181309	-2.75229109059	2.64793157727	1.3229569077	-1.18983776878
9780	-1.09564008692	-1.8682152404	2.71786302274	1.10999467175	-1.52843353378
9781	-1.11268373597	-3.20677762157	2.39108635946	0.856484755251	-1.34883799717
9782	-1.85381947458	-2.63237884317	2.59219813521	1.83541489602	-1.23804127134
9783	-1.58828153294	0.311952903531	-3.29234932073	1.95204691433	2.4903308209
9784	-0.978196532524	-2.67721486448	1.93692519156	1.1763377603	-1.73254362201
9785	-0.642245098008	-2.4397969843	1.87469608174	0.938918962171	-1.31815349054
9786	-0.434672949324	-1.56490853113	2.10582535789	1.56032794599	-1.76736451305
9787	-1.61311402647	-2.36318442131	1.65332856841	1.03222278488	-1.16965987228
9788	-1.17730676258	-3.2039643444	2.19715105173	1.08789497344	-1.8815979256
9789	-1.37315123243	-1.66409535228	1.68035703799	1.03534297425	-1.25772636648
9790	-0.764388907812	-1.62746963429	2.59079505099	0.570330377615	-1.1755167615
9791	-1.47325282554	-2.37286136906	2.47545692836	1.29183311558	-1.71880794511
9792	-1.92226740687	-2.47936489584	3.17717735661	1.42695716593	-1.43616605842
9793	-1.5492910408	-2.65343515639	2.13120125115	0.544377466569	-1.51366563017
9794	-1.76524107959	-2.78518358768	2.12124541541	1.70029702536	-1.12285185291
9795	-0.672998565912	-1.87569794672	1.63119035428	1.71281962137	-1.28098877708
9796	-1.26923873978	-3.12326161823	2.52410364586	2.02685215144	-0.869553854914
9797	-1.56582977639	-2.2540767671	2.31103241559	1.68156507093	-1.12042079248
9798	-1.10011954058	-2.88906457619	2.30442423197	1.26580632032	-2.10410734276
9799	-1.38299874392	-2.99449025574	2.31085130245	0.901439918505	-0.697760948835
9800	-0.99011423792	-2.38795667362	1.77302542847	0.790661240295	-0.636565416443
9801	-1.87103879183	-2.84272544982	2.16805573818	1.30440236261	-2.07144727197
9802	-0.927313637797	-3.78911305835	2.36320265688	1.80117588683	-1.94633591686
9803	-0.892068254912	-2.66434799035	2.97690160893	0.756600683715	-1.61954328449
9804	-0.99480090749	-2.03606241155	2.51904369704	1.41972069261	-1.69576210661
9805	-0.781728259195	-1.93132816005	1.84667685125	0.656342675988	-1.12737652403
9806	-1.22468708902	-2.09087317962	1.35288795958	0.181732613317	-0.637652964286
9807	-1.0065812196	-2.84809183765	1.93757838705	1.20368042456	-1.13740973662
9808	-1.28311689749	-2.84026091328	1.99896272405	0.646266503197	-1.31647437888
9809	-0.483364483716	-1.59589117341	-1.13973650227	0.689224005538	2.47356356186
9810	-0.823237802939	-2.20593029569	2.36855470116	1.47539672446	-2.03076143479
9811	-0.96844673174	-2.0195907081	2.05702401977	1.3211368263	-1.80838096281
9812	-0.814015411788	-2.06406564094	2.56938029878	1.92433915764	-2.17791121328
9813	-1.55824917303	-2.40182112537	1.47364560941	0.942193162954	-1.45232016059
9814	-1.39535446412	-2.95663804704	1.92948191904	1.42597883287	-2.06107290119
9815	-1.00988008487	-2.16469279158	2.26501304601	0.474908430687	-1.41422350875
9816	-1.31008330366	-2.698320771	2.28426967119	0.965555633796	-1.82899989216
9817	-1.29420194428	-2.45958038841	-1.74375762978	-3.59589801344	-1.40714913924
9819	-0.607979794086	-2.68286805571	-1.49644557653	-2.04549259834	-0.0854235586038
9820	-0.889083778794	-2.0089179258	-2.11234610351	-3.80815753325	-0.21476728126
9821	-1.19340397783	-2.50052441936	-2.09196048244	-1.80775802262	0.331851362691
9822	-1.09433494976	-2.22828522432	-3.12367840296	-4.18129703729	-0.765063806153
9823	-1.25215646436	-1.81666072008	-1.22218789492	-0.659546172215	1.64873416626
9824	-1.21326101555	-0.812246923102	-1.78803144874	-2.43300178382	-0.748857497264
9825	-0.904818196004	-2.31299257868	-2.85969488465	-4.60935657395	-1.03321591589
9826	-2.25561763289	-1.96712316318	0.247395439913	-2.02259272462	0.195412921857
9827	-0.591371062328	-2.76155814772	-0.529967103651	-0.147099756718	1.15931833981
9828	-1.27539724424	-1.62635515935	-1.03175824139	-1.41719415421	1.18779065217
9830	-0.801206614699	-2.21263133624	-1.16260504678	-0.987589409047	-0.45305442326
9831	-1.10101421099	-2.79646268604	-1.95513066428	-3.98492272794	-0.0376757308154
9832	-2.78535413137	0.921345534122	-4.72137484561	-9.22737944905	-2.76696324499
9833	-1.00396587478	-1.85779757499	-2.66269518342	-4.18570775245	-0.737632582185
9834	-1.20481397686	-2.33308663585	-3.3275686072	-4.78969314269	-1.13429882248
9835	-0.510290224518	-2.5642813223	-0.304952056157	-2.71599942846	0.248204779178
9836	-1.54181363502	-1.62926928613	-3.97057524723	-4.08179568489	-0.308897039392
9837	-1.98773956987	0.263035694522	-3.44198806184	-7.56430912938	-2.28597000999
9838	-0.79569606941	-2.06064068397	-1.34661288104	-2.30549004745	-0.0971357872897
9839	-0.479819243481	-2.27355170532	-1.63405655209	-3.16601312506	-0.506768761987
9840	-1.71110067647	-1.35710571404	-3.76480677305	-4.75656374981	-0.845476585957
9841	-0.905038088748	-2.80239514239	-2.72111606263	-4.32741027273	-0.383960936063
9843	-0.974281442916	-2.90679148793	-3.22449034916	-4.6151729091	-0.656224870274
9844	-1.80292677305	-1.27652996666	-4.74421430493	-4.55371066809	-1.23759671903
9845	-1.02710653914	-2.7795020527	-3.40552396276	-4.69989508047	-0.643662345721
9846	-0.366403933819	-2.80427103931	-0.450975103117	-1.79746152534	0.565771080547
9847	-0.618573137042	-2.47095507626	-1.58766800602	0.259764390093	1.71078654553
9848	-1.74081986141	-2.86628072185	-1.28529024507	-2.90473495366	0.238518405701
9849	-0.861461394281	-2.29703684419	-0.505124956806	-1.96516304166	0.314433719546
9850	-1.50294994366	-2.22753132243	-3.1661377448	-3.61295020578	-0.785819489898
9851	-1.37483594767	-2.082895263	-0.625950814279	-1.10330015671	0.0227478423406
9852	-1.18676571318	-2.69763785489	-2.95010637563	-4.98383106527	-0.687867416659
9853	-0.284739106922	-1.78921050116	-0.719065883705	-0.672193127798	1.64899692043
9854	-0.669631680815	-2.03653229303	-1.60840355264	-0.032430253919	1.57747820871
9855	-1.47549697265	-2.48961349083	-3.23626074018	-4.47074665834	-0.145650057961
9856	-1.29401047754	-2.16390023386	-3.02866678487	-4.09488184254	-0.515282588426
9857	-1.42300321195	-1.91560875316	-3.06409942342	-4.13602454966	-0.644578416806
9858	-0.904454947796	-1.2875133573	-2.90609926133	-2.98358358066	-0.503048822538
9859	-1.55276629779	-2.50358339879	-2.8994580814	-4.72260322678	-0.593448063113
9860	-1.47624312333	-2.71143291616	-1.59842564863	-1.56185360399	0.523930834421
9861	-1.28520810758	-2.1819825917	-3.07409161422	-3.70644045236	-0.340891280144
9862	-0.662047941272	-2.15620216985	-1.5130473757	0.16041200613	0.353644594277
9864	-1.1283260577	-3.00599243043	-1.47735626281	-2.13480269901	-0.212677243557
9866	-1.12205669199	-2.14210364136	-1.09983879125	-2.71167055348	0.65239709031
9867	-1.16666329232	-2.46907554526	-2.93482402268	-2.65443527126	0.214543085242
9868	-1.36306797345	-2.88550464743	-3.04088408332	-3.22278361128	-0.43792931126
9869	-2.61701994724	1.47442394638	-4.35538386371	-8.07386834681	-1.75637213975
9870	-1.90216579772	-1.23502698013	-3.89773398864	-4.27167462303	-0.549443046207
9871	-2.49942226327	1.38868185677	-4.82271854163	-8.54714806569	-2.39605385746
9873	-0.998122148514	-2.89984472843	-1.44548170857	-3.06772935488	-1.34286714207
9874	-0.592271788583	-2.9257953663	-1.44160139602	-2.12287863522	1.01353401
9875	-0.792237040896	-2.13610193319	-1.94964401673	-0.932794770083	1.31416699143
9876	-2.15036347206	-1.19718001673	-4.86418075437	-3.60668866676	-0.835077361714
9877	-0.937855699916	-2.28988095141	-0.986271145159	-1.93284706967	0.187763627324
9878	-1.1202211997	-1.64488419871	-2.90033507943	-4.51448137435	-0.619621705524
9879	-2.22529971445	0.461456004914	-4.74971592051	-8.73797314918	-1.93249421281
9880	-1.43318715106	-1.276529011	-2.62142248659	-3.32736782533	-0.975465602041
9881	-1.25920373053	-2.30573736625	-0.8145139498	-3.19290451155	-0.0884996378574
9882	-1.68167600018	-2.29775405739	-3.58184190964	-5.86519002344	-0.675745831199
9883	-1.64260542096	-2.29837261756	-1.22234552576	-1.36567148763	0.233660122091
9885	-1.31509835401	-3.10333895016	-1.42292664787	-2.6021355942	0.584680937892
9886	-0.994613056437	-1.8569191108	-4.69623163977	-3.56231300818	-0.925082788352
9887	-2.73350477558	1.11410963793	-5.04058126775	-8.15546738069	-2.01030708096
9888	-0.89467156166	-2.05559894075	-2.91856041431	-4.94766396743	-0.798296237604
9890	-1.3888830682	-2.48674333706	-1.64881057732	-1.75155149234	0.574595022175
9891	-1.62563512274	-3.42643706732	-1.66612686568	-2.60491228409	-0.260862264651
9892	-0.41932680013	-2.39699806941	-1.21136991996	-3.60769418937	-0.00982842081446
9894	-1.05649128429	-1.18271751311	-1.48061818151	-1.47661943398	0.101136660327
9895	-1.17540924937	-3.08079005925	-1.41365665902	-1.70236337935	0.293441298376
9897	-1.71221480202	-2.61536432095	-0.247683698837	-3.45030857922	-0.314650715461
9898	-1.460647268	-1.42653210766	-1.83827364677	-2.10922713088	-0.042485406032
9899	-1.87623417978	-0.372702650926	-3.81678941193	-3.22180851054	-1.37128984309
9900	-1.16991166217	-2.46339574187	-0.548113325989	-2.72549739009	-1.42699784717
9901	-0.803764913395	-2.24355442202	-2.34984368436	-1.87801759827	0.111065785537
9902	-1.28904980265	-2.42563219129	-2.89367115552	-4.20454450141	0.267729750931
9903	-0.817711658003	-2.97660792465	-1.36800560719	-1.81875972293	0.270185221213
9904	-1.0271389787	-2.44989390894	-2.27276223202	-2.78248436526	-0.232048000714
9905	-2.31891758216	1.41516376988	-4.23375442401	-7.43081752161	-2.29768814332
9906	-1.71002342661	-2.51635783898	-1.27218835036	-2.21332148603	-0.520906959093
9908	-0.459215060647	-2.92583614976	-0.0791422944456	-1.0882053896	0.290088228533
9909	-0.00769002459753	-3.29834066294	-0.14878972471	-0.0858353592243	2.58851565232
9910	-0.0537588639916	-2.43564053944	-0.657696281665	0.0771248962028	1.79578491078
9911	-0.355568638555	-2.8713084003	-0.240245624484	-1.14181378646	0.308552906228
9912	-0.00258303857553	-3.08609336839	-0.541521617472	-0.835138564352	1.60107336182
9914	-1.57746793516	-0.556122131515	3.19455145188	2.38321511178	-3.31409821097
9915	-2.50482897811	-0.169988764485	3.18358063545	1.51844222795	-3.37576128784
9917	-0.473612212031	-2.93697492669	0.221308704742	0.508939629291	0.628695162819
9918	-0.660103872683	-2.79112606972	-0.215064722972	0.310287716234	0.235475503698
9920	6.30127893544	-1.94857908812	0.0912436725645	-0.0775001809239	1.00233788228
9921	-0.579810742725	-3.54610530537	-0.570625991579	-0.0709720187059	2.88089916567
9924	-0.162210291002	-1.6058345988	-1.35810457242	1.93246186979	1.35195738995
9925	-0.535162677234	-1.47569529832	-0.641441603822	0.98700215519	1.39661048691
9926	-0.0912873201502	-3.33386254149	-0.883171165852	-0.68703007906	-0.18495361577
9927	-1.03863162474	-2.6074113474	-1.00273106789	-0.792825265937	0.588348592739
9928	-0.575416829127	-2.95624704633	0.29917173183	-0.613070177837	0.296009101544
9929	-0.128593709367	-2.89256818148	0.470674557255	-1.84009873429	0.812626404826
9930	-2.04512823357	-0.860582183553	2.75027111291	2.57951911168	-4.20534007319
9932	4.76207585544	-1.38325268542	-0.95831650347	-0.655635576149	1.89931073523
9933	-2.08328147969	2.2010278691	3.11262706524	-0.246251487941	-0.22442991727
9935	-0.622791165435	-2.82909926604	0.723548270005	-0.103208551924	0.953830128065
9937	-0.195601613938	-3.98061854104	-1.4987238292	-0.517601390699	4.13164504024
9938	-0.942252038057	-2.79067382395	-1.10444918914	0.691968248787	3.67099061532
9939	-2.62084162861	0.664166098691	-1.79845424873	-2.20164731669	-0.498066468428
9941	-0.883417532066	-2.81856394489	-0.353117492961	-0.00100820210623	2.2922384632
9942	-2.08519497361	-1.12437818446	-3.15422385748	-3.06991995177	-0.113516909649
9943	-0.789916009404	-2.80629865617	-1.22518067997	-2.89859681808	-1.11509885593
9944	-2.52111226725	1.67445194671	-4.5497671442	-8.28398519211	-1.86519166371
9945	-0.20179774391	-3.12611984545	-0.131451785471	-0.764347432491	0.649796963001
9946	-1.14249191995	-2.81185685485	-0.870470130939	-3.14949286677	-1.08860188903
9947	-2.39878649167	0.922944714525	-4.68880248204	-7.39488529046	-2.48345147298
9948	-1.33919009665	-1.30447659612	-3.02056671406	-2.82953636777	-0.780338225525
9949	-1.97810137962	-2.30423715466	-0.413501998428	-1.38752371832	0.345434301306
9950	-1.48498064316	-1.76665322057	-3.52966434088	-3.63404571505	-0.874628170321
9951	-3.01044558818	8.04442147602	5.48164089828	-3.27390587516	2.80325547838
9952	-3.1051391147	7.78278784697	5.09127662015	-3.15387203233	3.12450793652
9953	-2.98226588777	8.42516872458	5.17731290118	-3.31672849133	3.03500453159
9955	-2.83380922793	6.8106041637	3.424124088	-2.57064016883	1.65953719614
9956	-2.93800919109	7.04768380624	4.58385355733	-2.1096405624	2.22786302608
9957	-3.08461672391	7.56781026679	4.73775008389	-3.35196898109	2.22627393728
9958	-2.56075204782	6.61921582028	4.04934983353	-2.03333599938	1.55694688569
9959	-2.73907447198	7.08324731874	4.48792066249	-2.24702032719	1.78640935939
9960	-2.32283523752	4.47537984133	3.80092425774	-1.63014244964	1.24489199493
9962	-0.637099756632	-3.69754612427	1.40417462264	-0.0759039559912	0.627494336809
9963	-1.6174416128	-2.65866664449	1.12737910839	-0.310708108647	-0.833380217509
9964	-1.50233732211	-2.79215847527	1.76702775595	-0.167123143526	-1.23904225835
9965	-1.2302880048	-2.55234316906	0.594781001686	-0.744583137158	-0.100671730082
9966	-0.739466256507	-2.80123374291	1.08857453066	-0.0899048768064	0.084796053404
9968	-1.53887165125	-3.0611362064	1.39829920319	-0.277288552644	-0.0647799508417
9969	-1.69062125277	-2.48940872324	0.114508528462	-0.0271689692559	-0.0927299260993
9970	-1.45738824615	0.0697984092245	2.65146605861	1.86959133991	-1.70736281187
9971	-1.8410524777	0.171557798928	2.07339648277	0.994425433841	-1.43011181572
9972	-1.71551480218	-0.0144766273377	2.01815152215	1.11182178956	-1.41341183944
9973	-1.99799250268	1.71951666392	1.52936920662	2.2389446807	-4.57135825963
9974	-2.01632145692	1.06296867537	2.05043656212	2.09172130164	-2.5515336761
9975	-1.94947475538	1.02366354718	1.65225712329	1.89200742143	-2.39537668343
9976	-2.47507530768	-1.14724469326	2.38093936791	-0.189849672423	-1.2100340125
9978	-1.84781263543	1.30576802895	1.15063507732	1.50368981331	-1.94639604209
9979	-1.54712491532	0.44039447349	1.48452248299	1.17666674957	-1.53250801134
9980	-1.1495660865	-2.17491826999	1.49252528865	-0.335722830585	-0.168139160622
9981	-1.75074157092	-2.52894511062	1.00398044435	-0.210620300799	-0.443622825417
9982	-1.42942574621	-2.50047371941	0.86321228998	-0.19377224249	-0.0454515317119
9983	-0.88689208263	-3.16358405817	1.13435769621	-0.858620802917	-0.361034107449
9984	-0.560606780215	-3.34239475943	1.11417019866	-0.259855732308	0.169485237764
9985	-0.814123234131	-0.248408236128	2.1615455016	-0.267082458529	0.333154853191
9986	-1.64916475132	-0.538685852905	1.17748716452	-0.892873074386	-0.88173405965
9987	-0.627624372647	-1.44455765617	2.72002468344	-0.110636783581	-0.207224864885
9988	-2.19175318438	-0.913592945545	1.19777554149	-1.29554815081	-0.341806399871
9990	-1.98661613474	-2.53919747864	0.900597708869	-1.29364557566	-0.231420626629
9991	-2.00537477139	-1.35836044911	0.959973942475	-1.48451282997	-0.537703322139
9993	-2.02479376479	1.50859220375	2.11327383793	-1.65090595915	0.667866722567
9995	-1.17734754075	-1.88194223756	1.71229513994	0.901628408275	-1.55909727677
9996	-0.442439511192	-2.01054907598	1.37130621157	0.854796839293	-1.65349463506
9997	-1.08383976317	-2.17659010424	1.86378097102	1.12864642061	-1.39480400021
9998	0.15810002624	-2.0959671635	1.68985733774	1.20478271965	-1.15286899448
9999	-1.34007154365	-1.9169318835	2.73011651276	1.49346431124	-1.25501019065
10001	-0.512573362295	-1.49952527775	-0.82331610974	0.639282742928	2.50790887041
10002	0.686904002109	-3.63194512962	-0.528203934766	-0.0613303358895	2.08606788958
10004	-2.29720532234	1.20465810498	2.13339685213	-0.769257800599	-0.23316296255
10005	-1.73477840346	1.04214883149	3.03923718894	0.36556096518	-1.14419090502
10006	-1.36191655101	-0.676729353316	1.1706639774	-0.695330258719	-0.716472650075
10008	-2.85304201478	6.87441975939	5.19326255273	-3.94572516346	3.27435500426
10009	-2.94825052281	7.20019670721	5.26976594806	-3.88986190851	3.36075834237
10010	-2.75457809953	6.94605242621	5.05212136763	-3.66579567554	3.22156355788
10011	-2.56999243526	5.86770184722	4.14262829062	-2.65491989467	1.68820088283
10012	-1.96384776549	-2.76679466535	0.348455842384	-1.49099407326	-0.488980339201
10013	-1.64667179395	-2.17117798719	0.0646471620892	-1.68886867891	-0.597668833865
10014	-1.64654322916	-2.66739746996	-0.407141444525	-1.9770689111	-0.690813968683
10015	-3.12274368621	8.5553378266	5.7474416763	-3.35763040513	3.31089587721
10017	-1.95970515506	-0.225892828731	3.34501369715	1.44025532061	-1.3288863709
10018	-2.09647632983	-0.446556360122	2.98939518116	1.68583999432	-1.0697251944
10020	-2.09720213982	-0.0371158299061	3.11713002457	2.01146476609	-3.19179061161
10022	0.104233671951	-2.10152419289	1.55611011674	1.122990251	-1.24111370493
10023	-2.02613475594	0.529073480442	-1.78483917635	1.59229760924	-1.05743674454
10027	-1.39858353499	-2.11035473064	1.67374260342	1.5331541963	-1.1472952798
14312	-2.74320845155	5.22441500109	1.86669857555	-2.46833002934	1.11546981966
14313	-2.67462864622	5.54663406151	2.11313117455	-2.84313039461	1.41183085456
14314	-2.60809695176	5.04895152167	1.99762129844	-2.11521405089	0.513351453883
14315	-2.77066302397	4.94462611425	1.86387002794	-2.57120784352	0.550515914883
14318	-2.38848175064	4.46720705422	3.48061552369	-1.50999070826	1.92207992746
14319	-1.59214387378	4.13685093297	1.69179877242	-1.64414492133	0.83390030496
15560	-3.00678916498	5.64571822638	1.57636633793	-1.91547569395	1.81788750619
15591	-1.45194594045	-1.10408660219	3.13663071453	0.859195996494	-2.58576185716
15592	-2.14993182301	-0.88736475364	2.41615250031	1.31833616815	-3.21821588421
15593	-1.8719767622	-0.750672351349	2.92909453699	1.05184220406	-1.95274582394
18694	-2.85687248896	5.29614008112	2.0603963351	-2.55803654728	0.965642555659
18696	-2.73009810177	6.40451024502	2.93707750107	-2.90260833402	2.25553721103
19949	-2.19286645302	-1.15243932135	3.06124066221	0.935690863444	-3.72440226501
19950	-2.18810646611	-1.10521750742	3.07127413503	0.918613928999	-3.71304876694
19951	-2.14525509206	-1.10402259199	2.98777602483	0.920798917499	-3.78883879999
