GSM	sample_title	accession_number	accession_name	growth_temperature	tissue	developmental_stage	processed_file	AT1G11430_raw_counts	AT1G11430_RPKM	AT1G11475_raw_counts	AT1G11475_RPKM	AT1G11260_raw_counts	AT1G11260_RPKM	AT1G11530_raw_counts	AT1G11530_RPKM
GSM1321737	"s991_10C"	991	Ale-Stenar-41-1	10C	whole rosette	9-leaf stage	"https://ftp.ncbi.nlm.nih.gov/geo/samples/GSM1321nnn/GSM1321737/suppl/GSM1321737_s991_10C_expression_table.txt.gz"	550.0	0.149550874524	253.0	0.130352577735	608.0	0.0944271637489	92.0	0.0841199733397
GSM1321738	"s991_16C"	991	Ale-Stenar-41-1	16C	whole rosette	9-leaf stage	"https://ftp.ncbi.nlm.nih.gov/geo/samples/GSM1321nnn/GSM1321738/suppl/GSM1321738_s991_16C_expression_table.txt.gz"	441.0	0.164306607172	79.0	0.0557720187619	388.0	0.0825686649274	41.0	0.051367132987
GSM1321739	"s992_10C"	992	Ale-Stenar-44-4	10C	whole rosette	9-leaf stage	"https://ftp.ncbi.nlm.nih.gov/geo/samples/GSM1321nnn/GSM1321739/suppl/GSM1321739_s992_10C_expression_table.txt.gz"	357.0	0.152325926332	91.0	0.0735732327811	635.0	0.154755622136	95.0	0.136305772541
GSM1321740	"s992_16C"	992	Ale-Stenar-44-4	16C	whole rosette	9-leaf stage	"https://ftp.ncbi.nlm.nih.gov/geo/samples/GSM1321nnn/GSM1321740/suppl/GSM1321740_s992_16C_expression_table.txt.gz"	402.0	0.0909442380189	357.0	0.153034795215	894.0	0.115519088311	94.0	0.0715092166541
GSM1321741	"s1061_10C"	1061	Brösarp-11-135	10C	whole rosette	9-leaf stage	"https://ftp.ncbi.nlm.nih.gov/geo/samples/GSM1321nnn/GSM1321741/suppl/GSM1321741_s1061_10C_expression_table.txt.gz"	299.0	0.111936634431	42.0	0.0297936136793	415.0	0.0887393517482	75.0	0.0944163813781
GSM1321742	"s1061_16C"	1061	Brösarp-11-135	16C	whole rosette	9-leaf stage	"https://ftp.ncbi.nlm.nih.gov/geo/samples/GSM1321nnn/GSM1321742/suppl/GSM1321742_s1061_16C_expression_table.txt.gz"	857.0	0.157182134506	320.0	0.111210341318	497.0	0.052064996965	126.0	0.0777101839248
GSM1321743	"s1062_10C"	1062	Brösarp-15-138	10C	whole rosette	9-leaf stage	"https://ftp.ncbi.nlm.nih.gov/geo/samples/GSM1321nnn/GSM1321743/suppl/GSM1321743_s1062_10C_expression_table.txt.gz"	308.5	0.095770435912	113.0	0.0664702901356	684.5	0.121371535617	44.0	0.0459318569752
GSM1321744	"s1062_16C"	1062	Brösarp-15-138	16C	whole rosette	9-leaf stage	"https://ftp.ncbi.nlm.nih.gov/geo/samples/GSM1321nnn/GSM1321744/suppl/GSM1321744_s1062_16C_expression_table.txt.gz"	342.0	0.192604423769	82.0	0.0875037850723	183.0	0.0588651615182	24.0	0.0454502655545
GSM1321745	"s1063_10C"	1063	Brösarp-21-140	10C	whole rosette	9-leaf stage	"https://ftp.ncbi.nlm.nih.gov/geo/samples/GSM1321nnn/GSM1321745/suppl/GSM1321745_s1063_10C_expression_table.txt.gz"	386.0	0.180208142178	126.0	0.111462937682	170.0	0.0453318167604	55.0	0.0863445291899
GSM1321746	"s1063_16C"	1063	Brösarp-21-140	16C	whole rosette	9-leaf stage	"https://ftp.ncbi.nlm.nih.gov/geo/samples/GSM1321nnn/GSM1321746/suppl/GSM1321746_s1063_16C_expression_table.txt.gz"	224.0	0.129507745079	110.0	0.120507268819	264.0	0.0871803782077	45.0	0.0874873513704
GSM1321747	"s1070_10C"	1070	Brösarp-45-153	10C	whole rosette	9-leaf stage	"https://ftp.ncbi.nlm.nih.gov/geo/samples/GSM1321nnn/GSM1321747/suppl/GSM1321747_s1070_10C_expression_table.txt.gz"	389.0	0.139415736817	95.0	0.0645146933667	280.0	0.0573175115079	46.0	0.0554376816536
GSM1321748	"s1074_10C"	1074	Brösarp-61-162	10C	whole rosette	9-leaf stage	"https://ftp.ncbi.nlm.nih.gov/geo/samples/GSM1321nnn/GSM1321748/suppl/GSM1321748_s1074_10C_expression_table.txt.gz"	539.0	0.167780472456	106.0	0.062521782058	498.0	0.0885419513536	101.0	0.105720462194
GSM1321749	"s1074_16C"	1074	Brösarp-61-162	16C	whole rosette	9-leaf stage	"https://ftp.ncbi.nlm.nih.gov/geo/samples/GSM1321nnn/GSM1321749/suppl/GSM1321749_s1074_16C_expression_table.txt.gz"	350.0	0.146653114774	71.0	0.0563708301997	404.0	0.0966878071462	21.0	0.0295888150582
GSM1321750	"s1137_10C"	1137	Gårdby-22-213	10C	whole rosette	9-leaf stage	"https://ftp.ncbi.nlm.nih.gov/geo/samples/GSM1321nnn/GSM1321750/suppl/GSM1321750_s1137_10C_expression_table.txt.gz"	436.0	0.125609760844	72.0	0.0393044959391	429.0	0.0705929433643	31.0	0.0300319564042
GSM1321751	"s1137_16C"	1137	Gårdby-22-213	16C	whole rosette	9-leaf stage	"https://ftp.ncbi.nlm.nih.gov/geo/samples/GSM1321nnn/GSM1321751/suppl/GSM1321751_s1137_16C_expression_table.txt.gz"	446.0	0.17118760497	100.0	0.0727294481576	253.0	0.0554657738844	27.0	0.0348486736102
GSM1321752	"s1158_10C"	1158	Aledal-6-49	10C	whole rosette	9-leaf stage	"https://ftp.ncbi.nlm.nih.gov/geo/samples/GSM1321nnn/GSM1321752/suppl/GSM1321752_s1158_10C_expression_table.txt.gz"	492.0	0.161583078287	116.0	0.0721874331068	366.0	0.0686560729491	47.0	0.0519055341013
GSM1321753	"s1158_16C"	1158	Aledal-6-49	16C	whole rosette	9-leaf stage	"https://ftp.ncbi.nlm.nih.gov/geo/samples/GSM1321nnn/GSM1321753/suppl/GSM1321753_s1158_16C_expression_table.txt.gz"	686.0	0.227646055415	189.0	0.11884219183	242.0	0.045868916145	43.0	0.0479832323822
GSM1321754	"s1254_10C"	1254	Tos-82-387	10C	whole rosette	9-leaf stage	"https://ftp.ncbi.nlm.nih.gov/geo/samples/GSM1321nnn/GSM1321754/suppl/GSM1321754_s1254_10C_expression_table.txt.gz"	500.0	0.145650289062	134.0	0.073963759886	323.0	0.0537416464301	38.0	0.0372228802117
GSM1321755	"s1254_16C"	1254	Tos-82-387	16C	whole rosette	9-leaf stage	"https://ftp.ncbi.nlm.nih.gov/geo/samples/GSM1321nnn/GSM1321755/suppl/GSM1321755_s1254_16C_expression_table.txt.gz"	392.0	0.221307148527	168.5	0.180252839899	293.5	0.0946421460438	22.0	0.0417654425712
GSM1321756	"s1257_10C"	1257	Tos-95-393	10C	whole rosette	9-leaf stage	"https://ftp.ncbi.nlm.nih.gov/geo/samples/GSM1321nnn/GSM1321756/suppl/GSM1321756_s1257_10C_expression_table.txt.gz"	464.0	0.189351148115	146.0	0.112895245714	315.0	0.0734222373728	14.0	0.0192115776037
GSM1321757	"s1257_16C"	1257	Tos-95-393	16C	whole rosette	9-leaf stage	"https://ftp.ncbi.nlm.nih.gov/geo/samples/GSM1321nnn/GSM1321757/suppl/GSM1321757_s1257_16C_expression_table.txt.gz"	279.0	0.177298702703	136.0	0.163761986595	339.0	0.123046184482	12.0	0.0256429291354
GSM1321758	"s1317_10C"	1317	Ängsö-74-430	10C	whole rosette	9-leaf stage	"https://ftp.ncbi.nlm.nih.gov/geo/samples/GSM1321nnn/GSM1321758/suppl/GSM1321758_s1317_10C_expression_table.txt.gz"	196.0	0.17261194457	54.0	0.0901117385558	109.0	0.0548287532042	14.0	0.0414598609318
GSM1321759	"s1317_16C"	1317	Ängsö-74-430	16C	whole rosette	9-leaf stage	"https://ftp.ncbi.nlm.nih.gov/geo/samples/GSM1321nnn/GSM1321759/suppl/GSM1321759_s1317_16C_expression_table.txt.gz"	293.0	0.0980321073252	25.0	0.015849426854	649.0	0.124025936035	33.0	0.037127840484
GSM1321760	"s1552_10C"	1552	Sku-30	10C	whole rosette	9-leaf stage	"https://ftp.ncbi.nlm.nih.gov/geo/samples/GSM1321nnn/GSM1321760/suppl/GSM1321760_s1552_10C_expression_table.txt.gz"	449.0	0.18107199947	107.0	0.0817638944825	186.0	0.0428435055916	42.0	0.0569559733581
GSM1321761	"s1552_16C"	1552	Sku-30	16C	whole rosette	9-leaf stage	"https://ftp.ncbi.nlm.nih.gov/geo/samples/GSM1321nnn/GSM1321761/suppl/GSM1321761_s1552_16C_expression_table.txt.gz"	472.0	0.120280988826	94.0	0.0453895293873	436.0	0.0634612436735	25.0	0.0214229873494
GSM1321762	"s5832_10C"	5832	App1-16	10C	whole rosette	9-leaf stage	"https://ftp.ncbi.nlm.nih.gov/geo/samples/GSM1321nnn/GSM1321762/suppl/GSM1321762_s5832_10C_expression_table.txt.gz"	106.0	0.0624799544707	128.0	0.14296102191	298.0	0.100327086772	69.0	0.136763107888
GSM1321763	"s5832_16C"	5832	App1-16	16C	whole rosette	9-leaf stage	"https://ftp.ncbi.nlm.nih.gov/geo/samples/GSM1321nnn/GSM1321763/suppl/GSM1321763_s5832_16C_expression_table.txt.gz"	247.0	0.105755337557	90.0	0.0730164454648	280.0	0.0684747526847	31.0	0.0446325877912
GSM1321764	"s5856_10C"	5856	Dör-10	10C	whole rosette	9-leaf stage	"https://ftp.ncbi.nlm.nih.gov/geo/samples/GSM1321nnn/GSM1321764/suppl/GSM1321764_s5856_10C_expression_table.txt.gz"	434.0	0.168723535177	78.0	0.0574583796691	449.0	0.099700968329	55.0	0.0719007892934
GSM1321765	"s5856_16C"	5856	Dör-10	16C	whole rosette	9-leaf stage	"https://ftp.ncbi.nlm.nih.gov/geo/samples/GSM1321nnn/GSM1321765/suppl/GSM1321765_s5856_16C_expression_table.txt.gz"	846.0	0.18855725877	250.0	0.105580991621	582.0	0.0740905768189	63.0	0.047217009098
GSM1321766	"s5865_10C"	5865	Dra1-4	10C	whole rosette	9-leaf stage	"https://ftp.ncbi.nlm.nih.gov/geo/samples/GSM1321nnn/GSM1321766/suppl/GSM1321766_s5865_10C_expression_table.txt.gz"	1074.0	0.187305251915	447.0	0.147715487393	480.0	0.0478138824353	59.0	0.0346005272482
GSM1321767	"s5865_16C"	5865	Dra1-4	16C	whole rosette	9-leaf stage	"https://ftp.ncbi.nlm.nih.gov/geo/samples/GSM1321nnn/GSM1321767/suppl/GSM1321767_s5865_16C_expression_table.txt.gz"	445.0	0.209406390106	116.0	0.103433386374	193.0	0.0518745481324	34.0	0.0538014360401
GSM1321768	"s5867_10C"	5867	Dra2-1	10C	whole rosette	9-leaf stage	"https://ftp.ncbi.nlm.nih.gov/geo/samples/GSM1321nnn/GSM1321768/suppl/GSM1321768_s5867_10C_expression_table.txt.gz"	311.0	0.175538967211	139.0	0.148662278635	144.0	0.0464240195442	16.0	0.0303681379804
GSM1321769	"s5867_16C"	5867	Dra2-1	16C	whole rosette	9-leaf stage	"https://ftp.ncbi.nlm.nih.gov/geo/samples/GSM1321nnn/GSM1321769/suppl/GSM1321769_s5867_16C_expression_table.txt.gz"	2015.0	0.324373880456	589.0	0.179663127622	1079.0	0.0992108953325	234.0	0.126669400387
GSM1321770	"s6011_10C"	6011	Eden-6	10C	whole rosette	9-leaf stage	"https://ftp.ncbi.nlm.nih.gov/geo/samples/GSM1321nnn/GSM1321770/suppl/GSM1321770_s6011_10C_expression_table.txt.gz"	343.0	0.174846313659	74.0	0.0714770985831	342.0	0.0995762036772	32.0	0.05485261924
GSM1321771	"s6011_16C"	6011	Eden-6	16C	whole rosette	9-leaf stage	"https://ftp.ncbi.nlm.nih.gov/geo/samples/GSM1321nnn/GSM1321771/suppl/GSM1321771_s6011_16C_expression_table.txt.gz"	1071.0	0.209568883932	257.0	0.0952891138454	654.0	0.0730940753385	69.0	0.0454016307213
GSM1321772	"s6012_10C"	6012	Eden-7	10C	whole rosette	9-leaf stage	"https://ftp.ncbi.nlm.nih.gov/geo/samples/GSM1321nnn/GSM1321772/suppl/GSM1321772_s6012_10C_expression_table.txt.gz"	518.0	0.157167248104	260.0	0.149478410953	448.0	0.0776385474922	28.0	0.0285677049751
GSM1321773	"s6012_16C"	6012	Eden-7	16C	whole rosette	9-leaf stage	"https://ftp.ncbi.nlm.nih.gov/geo/samples/GSM1321nnn/GSM1321773/suppl/GSM1321773_s6012_16C_expression_table.txt.gz"	155.0	0.0911349867464	61.0	0.0679604282247	350.0	0.117540782991	14.0	0.0276800266424
GSM1321774	"s6013_10C"	6013	Eden-9	10C	whole rosette	9-leaf stage	"https://ftp.ncbi.nlm.nih.gov/geo/samples/GSM1321nnn/GSM1321774/suppl/GSM1321774_s6013_10C_expression_table.txt.gz"	263.0	0.135253388378	125.0	0.121807843243	257.0	0.0754905565532	42.0	0.0726317866415
GSM1321775	"s6013_16C"	6013	Eden-9	16C	whole rosette	9-leaf stage	"https://ftp.ncbi.nlm.nih.gov/geo/samples/GSM1321nnn/GSM1321775/suppl/GSM1321775_s6013_16C_expression_table.txt.gz"	273.0	0.158183429836	66.0	0.0724628000358	207.0	0.0685071317433	28.0	0.0545558596941
GSM1321776	"s6016_10C"	6016	Eds-1	10C	whole rosette	9-leaf stage	"https://ftp.ncbi.nlm.nih.gov/geo/samples/GSM1321nnn/GSM1321776/suppl/GSM1321776_s6016_10C_expression_table.txt.gz"	428.0	0.116241164699	86.3333333333	0.0444291012746	681.666666667	0.105743903913	44.3333333333	0.0404884919876
GSM1321777	"s6016_16C"	6016	Eds-1	16C	whole rosette	9-leaf stage	"https://ftp.ncbi.nlm.nih.gov/geo/samples/GSM1321nnn/GSM1321777/suppl/GSM1321777_s6016_16C_expression_table.txt.gz"	169.666666667	0.151028595456	46.3333333333	0.0781500097601	196.333333333	0.0998214316949	7.0	0.0209529765757
GSM1321778	"s6021_10C"	6021	Fjä2-4	10C	whole rosette	9-leaf stage	"https://ftp.ncbi.nlm.nih.gov/geo/samples/GSM1321nnn/GSM1321778/suppl/GSM1321778_s6021_10C_expression_table.txt.gz"	715.0	0.167317088643	156.0	0.0691722163004	815.0	0.108932874676	70.0	0.0550829674765
GSM1321779	"s6021_16C"	6021	Fjä2-4	16C	whole rosette	9-leaf stage	"https://ftp.ncbi.nlm.nih.gov/geo/samples/GSM1321nnn/GSM1321779/suppl/GSM1321779_s6021_16C_expression_table.txt.gz"	1037.0	0.238413249698	265.0	0.115443727264	297.0	0.0390009493698	60.0	0.0463861056667
GSM1321780	"s6023_10C"	6023	Fly2-1	10C	whole rosette	9-leaf stage	"https://ftp.ncbi.nlm.nih.gov/geo/samples/GSM1321nnn/GSM1321780/suppl/GSM1321780_s6023_10C_expression_table.txt.gz"	633.5	0.192468588528	257.0	0.14795144143	498.5	0.0865058550783	54.5	0.0556794294019
GSM1321781	"s6023_16C"	6023	Fly2-1	16C	whole rosette	9-leaf stage	"https://ftp.ncbi.nlm.nih.gov/geo/samples/GSM1321nnn/GSM1321781/suppl/GSM1321781_s6023_16C_expression_table.txt.gz"	1590.0	0.250245856127	496.0	0.147919108927	713.0	0.0640953315897	132.0	0.0698600244117
GSM1321782	"s6030_10C"	6030	Grön-5	10C	whole rosette	9-leaf stage	"https://ftp.ncbi.nlm.nih.gov/geo/samples/GSM1321nnn/GSM1321782/suppl/GSM1321782_s6030_10C_expression_table.txt.gz"	559.0	0.133750219448	251.0	0.113796590968	846.0	0.115616590202	131.0	0.105399614528
GSM1321783	"s6030_16C"	6030	Grön-5	16C	whole rosette	9-leaf stage	"https://ftp.ncbi.nlm.nih.gov/geo/samples/GSM1321nnn/GSM1321783/suppl/GSM1321783_s6030_16C_expression_table.txt.gz"	231.0	0.111576817667	52.0	0.0475924617377	293.0	0.0808344912787	22.0	0.0357330184011
GSM1321784	"s6034_10C"	6034	Hov1-7	10C	whole rosette	9-leaf stage	"https://ftp.ncbi.nlm.nih.gov/geo/samples/GSM1321nnn/GSM1321784/suppl/GSM1321784_s6034_10C_expression_table.txt.gz"	287.0	0.0927954276621	40.0	0.0245062865487	690.0	0.127426827305	17.0	0.0184832626011
GSM1321785	"s6034_16C"	6034	Hov1-7	16C	whole rosette	9-leaf stage	"https://ftp.ncbi.nlm.nih.gov/geo/samples/GSM1321nnn/GSM1321785/suppl/GSM1321785_s6034_16C_expression_table.txt.gz"	353.0	0.0798576148229	252.0	0.108022694272	623.0	0.0805001657073	51.0	0.038796883154
GSM1321786	"s6036_10C"	6036	Hov3-2	10C	whole rosette	9-leaf stage	"https://ftp.ncbi.nlm.nih.gov/geo/samples/GSM1321nnn/GSM1321786/suppl/GSM1321786_s6036_10C_expression_table.txt.gz"	372.0	0.114679476397	127.0	0.0741855494475	932.0	0.164106495926	114.0	0.118176913859
GSM1321787	"s6036_16C"	6036	Hov3-2	16C	whole rosette	9-leaf stage	"https://ftp.ncbi.nlm.nih.gov/geo/samples/GSM1321nnn/GSM1321787/suppl/GSM1321787_s6036_16C_expression_table.txt.gz"	722.0	0.253266644671	299.0	0.198739788211	335.0	0.06712011698	45.0	0.053080908152
GSM1321788	"s6039_10C"	6039	Hovdala-2	10C	whole rosette	9-leaf stage	"https://ftp.ncbi.nlm.nih.gov/geo/samples/GSM1321nnn/GSM1321788/suppl/GSM1321788_s6039_10C_expression_table.txt.gz"	305.5	0.151586941987	207.0	0.194622818608	329.5	0.0933841337882	122.5	0.204395672941
GSM1321789	"s6039_16C"	6039	Hovdala-2	16C	whole rosette	9-leaf stage	"https://ftp.ncbi.nlm.nih.gov/geo/samples/GSM1321nnn/GSM1321789/suppl/GSM1321789_s6039_16C_expression_table.txt.gz"	391.0	0.159509889994	156.0	0.120589166013	272.0	0.0633792157037	34.0	0.0466417467679
GSM1321790	"s6040_10C"	6040	Kni-1	10C	whole rosette	9-leaf stage	"https://ftp.ncbi.nlm.nih.gov/geo/samples/GSM1321nnn/GSM1321790/suppl/GSM1321790_s6040_10C_expression_table.txt.gz"	483.0	0.09720393358	264.0	0.100673106799	2243.0	0.257829781945	174.0	0.117752731191
GSM1321791	"s6040_16C"	6040	Kni-1	16C	whole rosette	9-leaf stage	"https://ftp.ncbi.nlm.nih.gov/geo/samples/GSM1321nnn/GSM1321791/suppl/GSM1321791_s6040_16C_expression_table.txt.gz"	314.5	0.171624106285	202.5	0.209389790132	303.5	0.094598321985	17.5	0.0321129881579
GSM1321792	"s6042_10C"	6042	Lom1-1	10C	whole rosette	9-leaf stage	"https://ftp.ncbi.nlm.nih.gov/geo/samples/GSM1321nnn/GSM1321792/suppl/GSM1321792_s6042_10C_expression_table.txt.gz"	134.0	0.0787801901121	89.0	0.0991459704244	239.0	0.0802559473512	38.0	0.0751243719563
GSM1321793	"s6042_16C"	6042	Lom1-1	16C	whole rosette	9-leaf stage	"https://ftp.ncbi.nlm.nih.gov/geo/samples/GSM1321nnn/GSM1321793/suppl/GSM1321793_s6042_16C_expression_table.txt.gz"	300.5	0.111275402073	141.0	0.0989342449497	382.5	0.0809008777928	65.5	0.0815607155698
GSM1321794	"s6043_10C"	6043	Löv-1	10C	whole rosette	9-leaf stage	"https://ftp.ncbi.nlm.nih.gov/geo/samples/GSM1321nnn/GSM1321794/suppl/GSM1321794_s6043_10C_expression_table.txt.gz"	271.0	0.127282748878	66.3333333333	0.0590343671553	360.0	0.0965761424646	37.6666666667	0.0594897954248
GSM1321795	"s6043_16C"	6043	Löv-1	16C	whole rosette	9-leaf stage	"https://ftp.ncbi.nlm.nih.gov/geo/samples/GSM1321nnn/GSM1321795/suppl/GSM1321795_s6043_16C_expression_table.txt.gz"	573.0	0.169875232304	194.5	0.109261682153	601.5	0.101854019369	77.5	0.0772613292464
GSM1321796	"s6046_10C"	6046	Löv-5	10C	whole rosette	9-leaf stage	"https://ftp.ncbi.nlm.nih.gov/geo/samples/GSM1321nnn/GSM1321796/suppl/GSM1321796_s6046_10C_expression_table.txt.gz"	480.0	0.17012069738	73.0	0.0490243238172	536.333333333	0.108571991706	33.3333333333	0.0397264441505
GSM1321797	"s6046_16C"	6046	Löv-5	16C	whole rosette	9-leaf stage	"https://ftp.ncbi.nlm.nih.gov/geo/samples/GSM1321nnn/GSM1321797/suppl/GSM1321797_s6046_16C_expression_table.txt.gz"	167.666666667	0.172332621804	78.6666666667	0.153209024828	175.0	0.102736771069	11.6666666667	0.0403229768138
GSM1321798	"s6069_10C"	6069	Nyl-7	10C	whole rosette	9-leaf stage	"https://ftp.ncbi.nlm.nih.gov/geo/samples/GSM1321nnn/GSM1321798/suppl/GSM1321798_s6069_10C_expression_table.txt.gz"	488.0	0.207406797654	130.0	0.104693411433	189.0	0.0458809146092	61.0	0.0871802340491
GSM1321799	"s6069_16C"	6069	Nyl-7	16C	whole rosette	9-leaf stage	"https://ftp.ncbi.nlm.nih.gov/geo/samples/GSM1321nnn/GSM1321799/suppl/GSM1321799_s6069_16C_expression_table.txt.gz"	769.0	0.194218516584	86.0	0.0411562294029	516.0	0.0744356684894	39.0	0.0331218000795
GSM1321800	"s6070_10C"	6070	Omn-1	10C	whole rosette	9-leaf stage	"https://ftp.ncbi.nlm.nih.gov/geo/samples/GSM1321nnn/GSM1321800/suppl/GSM1321800_s6070_10C_expression_table.txt.gz"	415.0	0.0902247513884	83.0	0.0341923164984	1074.0	0.133367182736	135.0	0.0986952831559
GSM1321801	"s6070_16C"	6070	Omn-1	16C	whole rosette	9-leaf stage	"https://ftp.ncbi.nlm.nih.gov/geo/samples/GSM1321nnn/GSM1321801/suppl/GSM1321801_s6070_16C_expression_table.txt.gz"	469.0	0.219161880715	178.0	0.15761045158	271.0	0.0723316821631	44.0	0.0691400809908
GSM1321802	"s6071_10C"	6071	Omn-5	10C	whole rosette	9-leaf stage	"https://ftp.ncbi.nlm.nih.gov/geo/samples/GSM1321nnn/GSM1321802/suppl/GSM1321802_s6071_10C_expression_table.txt.gz"	88.0	0.0441710712461	98.0	0.0932082106314	410.0	0.117545556128	25.0	0.0421968760404
GSM1321803	"s6071_16C"	6071	Omn-5	16C	whole rosette	9-leaf stage	"https://ftp.ncbi.nlm.nih.gov/geo/samples/GSM1321nnn/GSM1321803/suppl/GSM1321803_s6071_16C_expression_table.txt.gz"	392.0	0.203945544552	41.0	0.0404189332126	243.0	0.0722106953613	13.0	0.0227434601863
GSM1321804	"s6073_16C"	6073	ÖMö1-7	16C	whole rosette	9-leaf stage	"https://ftp.ncbi.nlm.nih.gov/geo/samples/GSM1321nnn/GSM1321804/suppl/GSM1321804_s6073_16C_expression_table.txt.gz"	306.0	0.155985265112	92.0	0.0888633765998	418.0	0.121704189691	49.0	0.083993032322
GSM1321805	"s6073_10C"	6073	ÖMö1-7	10C	whole rosette	9-leaf stage	"https://ftp.ncbi.nlm.nih.gov/geo/samples/GSM1321nnn/GSM1321805/suppl/GSM1321805_s6073_10C_expression_table.txt.gz"	235.0	0.182891439016	77.0	0.113550506316	156.5	0.0695675894499	22.5	0.05888342517
GSM1321806	"s6074_10C"	6074	Ör-1	10C	whole rosette	9-leaf stage	"https://ftp.ncbi.nlm.nih.gov/geo/samples/GSM1321nnn/GSM1321806/suppl/GSM1321806_s6074_10C_expression_table.txt.gz"	210.0	0.149230326205	178.5	0.240352613685	392.0	0.159107612549	128.5	0.307061914086
GSM1321807	"s6074_16C"	6074	Ör-1	16C	whole rosette	9-leaf stage	"https://ftp.ncbi.nlm.nih.gov/geo/samples/GSM1321nnn/GSM1321807/suppl/GSM1321807_s6074_16C_expression_table.txt.gz"	270.0	0.168922832604	173.5	0.205682293072	286.5	0.102380280706	18.5	0.0389207634981
GSM1321808	"s6076_10C"	6076	Rev-2	10C	whole rosette	9-leaf stage	"https://ftp.ncbi.nlm.nih.gov/geo/samples/GSM1321nnn/GSM1321808/suppl/GSM1321808_s6076_10C_expression_table.txt.gz"	401.0	0.119573916805	206.0	0.11639441403	437.0	0.0744287316547	77.0	0.0772089843374
GSM1321809	"s6076_16C"	6076	Rev-2	16C	whole rosette	9-leaf stage	"https://ftp.ncbi.nlm.nih.gov/geo/samples/GSM1321nnn/GSM1321809/suppl/GSM1321809_s6076_16C_expression_table.txt.gz"	163.0	0.094852555209	79.0	0.0871086647646	287.0	0.0953916642002	25.0	0.0489200024975
GSM1321810	"s6085_10C"	6085	Sparta-1	10C	whole rosette	9-leaf stage	"https://ftp.ncbi.nlm.nih.gov/geo/samples/GSM1321nnn/GSM1321810/suppl/GSM1321810_s6085_10C_expression_table.txt.gz"	145.0	0.100400797039	97.5	0.127922403042	357.0	0.14119017381	97.5	0.2270172223
GSM1321811	"s6085_16C"	6085	Sparta-1	16C	whole rosette	9-leaf stage	"https://ftp.ncbi.nlm.nih.gov/geo/samples/GSM1321nnn/GSM1321811/suppl/GSM1321811_s6085_16C_expression_table.txt.gz"	146.0	0.0920755548921	98.0	0.117109034333	231.0	0.0832090507103	27.0	0.0572585419374
GSM1321812	"s6088_10C"	6088	Stu1-1	10C	whole rosette	9-leaf stage	"https://ftp.ncbi.nlm.nih.gov/geo/samples/GSM1321nnn/GSM1321812/suppl/GSM1321812_s6088_10C_expression_table.txt.gz"	290.333333333	0.153302927097	94.0	0.0940490115733	163.333333333	0.0492601205889	32.0	0.0568183420233
GSM1321813	"s6088_16C"	6088	Stu1-1	16C	whole rosette	9-leaf stage	"https://ftp.ncbi.nlm.nih.gov/geo/samples/GSM1321nnn/GSM1321813/suppl/GSM1321813_s6088_16C_expression_table.txt.gz"	237.5	0.122407863855	37.5	0.0366226535031	224.0	0.0659418036664	16.5	0.0285966184537
GSM1321814	"s6090_10C"	6090	T1000	10C	whole rosette	9-leaf stage	"https://ftp.ncbi.nlm.nih.gov/geo/samples/GSM1321nnn/GSM1321814/suppl/GSM1321814_s6090_10C_expression_table.txt.gz"	559.0	0.190381412839	223.5	0.14423248967	215.0	0.0418232998852	45.5	0.0521085712752
GSM1321815	"s6090_16C"	6090	T1000	16C	whole rosette	9-leaf stage	"https://ftp.ncbi.nlm.nih.gov/geo/samples/GSM1321nnn/GSM1321815/suppl/GSM1321815_s6090_16C_expression_table.txt.gz"	653.0	0.18454200042	92.0	0.0492654784904	699.0	0.112830449151	31.0	0.0294597304017
GSM1321816	"s6092_10C"	6092	T1020	10C	whole rosette	9-leaf stage	"https://ftp.ncbi.nlm.nih.gov/geo/samples/GSM1321nnn/GSM1321816/suppl/GSM1321816_s6092_10C_expression_table.txt.gz"	713.666666667	0.314713134032	447.666666667	0.374064977378	177.333333333	0.0446659866036	185.666666667	0.275320422455
GSM1321817	"s6092_16C"	6092	T1020	16C	whole rosette	9-leaf stage	"https://ftp.ncbi.nlm.nih.gov/geo/samples/GSM1321nnn/GSM1321817/suppl/GSM1321817_s6092_16C_expression_table.txt.gz"	746.0	0.142215589053	156.0	0.0563515427709	808.0	0.0879805831557	80.0	0.051284177603
GSM1321818	"s6094_10C"	6094	T1040	10C	whole rosette	9-leaf stage	"https://ftp.ncbi.nlm.nih.gov/geo/samples/GSM1321nnn/GSM1321818/suppl/GSM1321818_s6094_10C_expression_table.txt.gz"	334.0	0.168883865746	114.0	0.109224327914	462.0	0.133429165125	82.0	0.139424976033
GSM1321819	"s6094_16C"	6094	T1040	16C	whole rosette	9-leaf stage	"https://ftp.ncbi.nlm.nih.gov/geo/samples/GSM1321nnn/GSM1321819/suppl/GSM1321819_s6094_16C_expression_table.txt.gz"	430.0	0.231166057909	124.0	0.126313605471	247.0	0.075843726452	109.0	0.197045781183
GSM1321820	"s6098_10C"	6098	T1080	10C	whole rosette	9-leaf stage	"https://ftp.ncbi.nlm.nih.gov/geo/samples/GSM1321nnn/GSM1321820/suppl/GSM1321820_s6098_10C_expression_table.txt.gz"	99.0	0.159435437505	18.5	0.0564539360295	135.0	0.124179678244	25.5	0.138094020908
GSM1321821	"s6098_16C"	6098	T1080	16C	whole rosette	9-leaf stage	"https://ftp.ncbi.nlm.nih.gov/geo/samples/GSM1321nnn/GSM1321821/suppl/GSM1321821_s6098_16C_expression_table.txt.gz"	207.0	0.162025091347	129.0	0.191326212795	237.0	0.105956443872	18.0	0.047377208278
GSM1321822	"s6100_10C"	6100	T1110	10C	whole rosette	9-leaf stage	"https://ftp.ncbi.nlm.nih.gov/geo/samples/GSM1321nnn/GSM1321822/suppl/GSM1321822_s6100_10C_expression_table.txt.gz"	924.0	0.261510174702	188.5	0.101088280497	366.0	0.0591649910958	127.5	0.121342191967
GSM1321823	"s6100_16C"	6100	T1110	16C	whole rosette	9-leaf stage	"https://ftp.ncbi.nlm.nih.gov/geo/samples/GSM1321nnn/GSM1321823/suppl/GSM1321823_s6100_16C_expression_table.txt.gz"	606.0	0.111129436771	267.0	0.0927770556179	481.0	0.0503812181493	118.0	0.0727651665837
GSM1321824	"s6102_10C"	6102	T1130	10C	whole rosette	9-leaf stage	"https://ftp.ncbi.nlm.nih.gov/geo/samples/GSM1321nnn/GSM1321824/suppl/GSM1321824_s6102_10C_expression_table.txt.gz"	862.0	0.221050899492	173.0	0.0840628207738	677.0	0.0991609748824	122.0	0.105203425949
GSM1321825	"s6102_16C"	6102	T1130	16C	whole rosette	9-leaf stage	"https://ftp.ncbi.nlm.nih.gov/geo/samples/GSM1321nnn/GSM1321825/suppl/GSM1321825_s6102_16C_expression_table.txt.gz"	480.0	0.20538501627	60.0	0.0486465006295	268.0	0.0654982070677	22.0	0.0316544835082
GSM1321826	"s6104_10C"	6104	T1160	10C	whole rosette	9-leaf stage	"https://ftp.ncbi.nlm.nih.gov/geo/samples/GSM1321nnn/GSM1321826/suppl/GSM1321826_s6104_10C_expression_table.txt.gz"	247.333333333	0.127211338746	76.3333333333	0.0743926852756	342.0	0.100469994167	47.6666666667	0.0824409498306
GSM1321827	"s6104_16C"	6104	T1160	16C	whole rosette	9-leaf stage	"https://ftp.ncbi.nlm.nih.gov/geo/samples/GSM1321nnn/GSM1321827/suppl/GSM1321827_s6104_16C_expression_table.txt.gz"	577.0	0.224134783798	229.0	0.168555048495	326.0	0.0723299468458	41.0	0.0535552851051
GSM1321828	"s6105_10C"	6105	T450	10C	whole rosette	9-leaf stage	"https://ftp.ncbi.nlm.nih.gov/geo/samples/GSM1321nnn/GSM1321828/suppl/GSM1321828_s6105_10C_expression_table.txt.gz"	826.0	0.172384876501	312.0	0.123380505117	462.0	0.0550716627092	74.0	0.051932097766
GSM1321829	"s6105_16C"	6105	T450	16C	whole rosette	9-leaf stage	"https://ftp.ncbi.nlm.nih.gov/geo/samples/GSM1321nnn/GSM1321829/suppl/GSM1321829_s6105_16C_expression_table.txt.gz"	738.0	0.242085558823	159.0	0.098828563039	334.0	0.0625786351138	71.0	0.0783169744837
GSM1321830	"s6108_10C"	6108	T480	10C	whole rosette	9-leaf stage	"https://ftp.ncbi.nlm.nih.gov/geo/samples/GSM1321nnn/GSM1321830/suppl/GSM1321830_s6108_10C_expression_table.txt.gz"	185.5	0.081333214847	25.0	0.0207700178034	473.5	0.118579907384	63.0	0.0928858599003
GSM1321831	"s6108_16C"	6108	T480	16C	whole rosette	9-leaf stage	"https://ftp.ncbi.nlm.nih.gov/geo/samples/GSM1321nnn/GSM1321831/suppl/GSM1321831_s6108_16C_expression_table.txt.gz"	362.0	0.132098369277	98.0	0.0677622466708	852.0	0.177580624563	69.0	0.0846687227014
GSM1321832	"s6109_10C"	6109	T510	10C	whole rosette	9-leaf stage	"https://ftp.ncbi.nlm.nih.gov/geo/samples/GSM1321nnn/GSM1321832/suppl/GSM1321832_s6109_10C_expression_table.txt.gz"	1060.0	0.204220168554	203.0	0.0741074104835	983.0	0.108171631834	241.0	0.156133048411
GSM1321833	"s6109_16C"	6109	T510	16C	whole rosette	9-leaf stage	"https://ftp.ncbi.nlm.nih.gov/geo/samples/GSM1321nnn/GSM1321833/suppl/GSM1321833_s6109_16C_expression_table.txt.gz"	254.0	0.177466431788	16.0	0.0211824074937	167.0	0.06664476951	11.0	0.0258440288612
GSM1321834	"s6112_10C"	6112	T540	10C	whole rosette	9-leaf stage	"https://ftp.ncbi.nlm.nih.gov/geo/samples/GSM1321nnn/GSM1321834/suppl/GSM1321834_s6112_10C_expression_table.txt.gz"	943.0	0.187090161072	262.0	0.098494818129	768.0	0.0870297176733	173.0	0.115417161895
GSM1321835	"s6112_16C"	6112	T540	16C	whole rosette	9-leaf stage	"https://ftp.ncbi.nlm.nih.gov/geo/samples/GSM1321nnn/GSM1321835/suppl/GSM1321835_s6112_16C_expression_table.txt.gz"	791.0	0.166273453073	331.0	0.131840020377	529.0	0.0635139617385	98.0	0.0692719701977
GSM1321836	"s6113_10C"	6113	T550	10C	whole rosette	9-leaf stage	"https://ftp.ncbi.nlm.nih.gov/geo/samples/GSM1321nnn/GSM1321836/suppl/GSM1321836_s6113_10C_expression_table.txt.gz"	335.0	0.180404440827	110.0	0.112245241109	176.5	0.0542892978908	113.0	0.204628392178
GSM1321837	"s6113_16C"	6113	T550	16C	whole rosette	9-leaf stage	"https://ftp.ncbi.nlm.nih.gov/geo/samples/GSM1321nnn/GSM1321837/suppl/GSM1321837_s6113_16C_expression_table.txt.gz"	455.0	0.168427319492	84.0	0.0589187143277	395.0	0.0835151632515	37.0	0.0460561781012
GSM1321838	"s6114_10C"	6114	T570	10C	whole rosette	9-leaf stage	"https://ftp.ncbi.nlm.nih.gov/geo/samples/GSM1321nnn/GSM1321838/suppl/GSM1321838_s6114_10C_expression_table.txt.gz"	346.5	0.20033301215	115.0	0.125985324099	160.0	0.0528367824804	33.5	0.0651297064325
GSM1321839	"s6114_16C"	6114	T570	16C	whole rosette	9-leaf stage	"https://ftp.ncbi.nlm.nih.gov/geo/samples/GSM1321nnn/GSM1321839/suppl/GSM1321839_s6114_16C_expression_table.txt.gz"	184.0	0.173240849334	78.0	0.139155353551	187.0	0.100563686675	15.0	0.0474907219593
GSM1321840	"s6115_10C"	6115	T580	10C	whole rosette	9-leaf stage	"https://ftp.ncbi.nlm.nih.gov/geo/samples/GSM1321nnn/GSM1321840/suppl/GSM1321840_s6115_10C_expression_table.txt.gz"	780.0	0.134773338769	303.0	0.0992030096991	576.0	0.0568458764186	58.0	0.033699418718
GSM1321841	"s6115_16C"	6115	T580	16C	whole rosette	9-leaf stage	"https://ftp.ncbi.nlm.nih.gov/geo/samples/GSM1321nnn/GSM1321841/suppl/GSM1321841_s6115_16C_expression_table.txt.gz"	388.0	0.219371921961	85.0	0.0910628158503	199.0	0.0642642568148	28.0	0.05323440171
GSM1321842	"s6118_10C"	6118	T610	10C	whole rosette	9-leaf stage	"https://ftp.ncbi.nlm.nih.gov/geo/samples/GSM1321nnn/GSM1321842/suppl/GSM1321842_s6118_10C_expression_table.txt.gz"	82.0	0.0813030188946	52.0	0.0976942488944	161.0	0.0911771040243	16.0	0.0533455053551
GSM1321843	"s6118_16C"	6118	T610	16C	whole rosette	9-leaf stage	"https://ftp.ncbi.nlm.nih.gov/geo/samples/GSM1321nnn/GSM1321843/suppl/GSM1321843_s6118_16C_expression_table.txt.gz"	270.0	0.217424834513	53.0	0.0808712374992	225.0	0.103489193062	25.0	0.0676971560251
GSM1321844	"s6122_10C"	6122	T670	10C	whole rosette	9-leaf stage	"https://ftp.ncbi.nlm.nih.gov/geo/samples/GSM1321nnn/GSM1321844/suppl/GSM1321844_s6122_10C_expression_table.txt.gz"	335.0	0.112979717762	90.3333333333	0.0577266758578	1091.33333333	0.210222984442	118.333333333	0.134198545352
GSM1321845	"s6122_16C"	6122	T670	16C	whole rosette	9-leaf stage	"https://ftp.ncbi.nlm.nih.gov/geo/samples/GSM1321nnn/GSM1321845/suppl/GSM1321845_s6122_16C_expression_table.txt.gz"	173.0	0.11028641452	81.0	0.097843903055	219.0	0.0797420007354	12.0	0.0257242186436
GSM1321846	"s6124_10C"	6124	T690	10C	whole rosette	9-leaf stage	"https://ftp.ncbi.nlm.nih.gov/geo/samples/GSM1321nnn/GSM1321846/suppl/GSM1321846_s6124_10C_expression_table.txt.gz"	152.0	0.176674255911	35.0	0.0770851217082	171.0	0.113525361061	23.0	0.0898964517949
GSM1321847	"s6124_16C"	6124	T690	16C	whole rosette	9-leaf stage	"https://ftp.ncbi.nlm.nih.gov/geo/samples/GSM1321nnn/GSM1321847/suppl/GSM1321847_s6124_16C_expression_table.txt.gz"	128.0	0.159644640011	48.0	0.113437969651	121.0	0.0861979308861	19.0	0.0796861793851
GSM1321848	"s6125_16C"	6125	T710	16C	whole rosette	9-leaf stage	"https://ftp.ncbi.nlm.nih.gov/geo/samples/GSM1321nnn/GSM1321848/suppl/GSM1321848_s6125_16C_expression_table.txt.gz"	523.0	0.270008391014	91.0	0.089020452901	193.0	0.0569114930766	39.0	0.0677056965726
GSM1321849	"s6125_10C"	6125	T710	10C	whole rosette	9-leaf stage	"https://ftp.ncbi.nlm.nih.gov/geo/samples/GSM1321nnn/GSM1321849/suppl/GSM1321849_s6125_10C_expression_table.txt.gz"	197.0	0.19060278445	37.0	0.0678324610079	119.0	0.0657623121914	23.0	0.0748300236014
GSM1321850	"s6126_10C"	6126	T720	10C	whole rosette	9-leaf stage	"https://ftp.ncbi.nlm.nih.gov/geo/samples/GSM1321nnn/GSM1321850/suppl/GSM1321850_s6126_10C_expression_table.txt.gz"	394.5	0.147755954475	60.0	0.0425816091869	472.5	0.10108038688	52.0	0.0654917144115
GSM1321851	"s6126_16C"	6126	T720	16C	whole rosette	9-leaf stage	"https://ftp.ncbi.nlm.nih.gov/geo/samples/GSM1321nnn/GSM1321851/suppl/GSM1321851_s6126_16C_expression_table.txt.gz"	797.0	0.147439461286	94.0	0.0329500518801	977.0	0.10323265007	67.0	0.0416788040113
GSM1321852	"s6127_10C"	6127	T730	10C	whole rosette	9-leaf stage	"https://ftp.ncbi.nlm.nih.gov/geo/samples/GSM1321nnn/GSM1321852/suppl/GSM1321852_s6127_10C_expression_table.txt.gz"	282.5	0.248813298733	85.0	0.141855734827	125.5	0.0631343860068	35.5	0.105140132872
GSM1321853	"s6127_16C"	6127	T730	16C	whole rosette	9-leaf stage	"https://ftp.ncbi.nlm.nih.gov/geo/samples/GSM1321nnn/GSM1321853/suppl/GSM1321853_s6127_16C_expression_table.txt.gz"	428.0	0.174985197908	137.0	0.106133123648	302.0	0.0705231310209	71.0	0.0976114859826
GSM1321854	"s6128_16C"	6128	T740	16C	whole rosette	9-leaf stage	"https://ftp.ncbi.nlm.nih.gov/geo/samples/GSM1321nnn/GSM1321854/suppl/GSM1321854_s6128_16C_expression_table.txt.gz"	860.0	0.196888168306	256.5	0.11127084138	484.0	0.0632897860481	58.5	0.045036233798
GSM1321855	"s6128_10C"	6128	T740	10C	whole rosette	9-leaf stage	"https://ftp.ncbi.nlm.nih.gov/geo/samples/GSM1321nnn/GSM1321855/suppl/GSM1321855_s6128_10C_expression_table.txt.gz"	233.0	0.107241373402	47.0	0.0409899264692	287.0	0.0754493393555	26.0	0.0402406350354
GSM1321856	"s6131_10C"	6131	T780	10C	whole rosette	9-leaf stage	"https://ftp.ncbi.nlm.nih.gov/geo/samples/GSM1321nnn/GSM1321856/suppl/GSM1321856_s6131_10C_expression_table.txt.gz"	299.666666667	0.180330047173	72.0	0.0820984562453	354.0	0.121674625942	61.0	0.123436763439
GSM1321857	"s6131_16C"	6131	T780	16C	whole rosette	9-leaf stage	"https://ftp.ncbi.nlm.nih.gov/geo/samples/GSM1321nnn/GSM1321857/suppl/GSM1321857_s6131_16C_expression_table.txt.gz"	297.0	0.0967316483282	128.0	0.078994152448	807.0	0.150124914197	55.0	0.0602365180969
GSM1321858	"s6132_10C"	6132	T790	10C	whole rosette	9-leaf stage	"https://ftp.ncbi.nlm.nih.gov/geo/samples/GSM1321nnn/GSM1321858/suppl/GSM1321858_s6132_10C_expression_table.txt.gz"	449.0	0.138822244077	173.0	0.101351844731	581.0	0.10260202928	106.0	0.110205588067
GSM1321859	"s6132_16C"	6132	T790	16C	whole rosette	9-leaf stage	"https://ftp.ncbi.nlm.nih.gov/geo/samples/GSM1321nnn/GSM1321859/suppl/GSM1321859_s6132_16C_expression_table.txt.gz"	782.0	0.174806421504	278.0	0.117751991345	624.0	0.0796713759212	111.0	0.083436992145
GSM1321860	"s6136_10C"	6136	T840	10C	whole rosette	9-leaf stage	"https://ftp.ncbi.nlm.nih.gov/geo/samples/GSM1321nnn/GSM1321860/suppl/GSM1321860_s6136_10C_expression_table.txt.gz"	431.666666667	0.161428124274	149.333333333	0.105818178418	381.0	0.0813809510602	39.3333333333	0.0494625464258
GSM1321861	"s6136_16C"	6136	T840	16C	whole rosette	9-leaf stage	"https://ftp.ncbi.nlm.nih.gov/geo/samples/GSM1321nnn/GSM1321861/suppl/GSM1321861_s6136_16C_expression_table.txt.gz"	171.0	0.172866882816	48.0	0.0919453484205	90.0	0.0519667190534	9.0	0.0305944909357
GSM1321862	"s6142_10C"	6142	T900	10C	whole rosette	9-leaf stage	"https://ftp.ncbi.nlm.nih.gov/geo/samples/GSM1321nnn/GSM1321862/suppl/GSM1321862_s6142_10C_expression_table.txt.gz"	306.0	0.141537699939	106.5	0.0933411506416	314.0	0.0829559333284	36.0	0.0559935805475
GSM1321863	"s6142_16C"	6142	T900	16C	whole rosette	9-leaf stage	"https://ftp.ncbi.nlm.nih.gov/geo/samples/GSM1321nnn/GSM1321863/suppl/GSM1321863_s6142_16C_expression_table.txt.gz"	132.0	0.168427748911	53.0	0.128141091136	115.0	0.0838117003956	19.0	0.0815226606909
GSM1321864	"s6147_10C"	6147	T950	10C	whole rosette	9-leaf stage	"https://ftp.ncbi.nlm.nih.gov/geo/samples/GSM1321nnn/GSM1321864/suppl/GSM1321864_s6147_10C_expression_table.txt.gz"	325.333333333	0.170587811025	75.3333333333	0.0748478712381	198.666666667	0.0594992562401	41.3333333333	0.0728794179374
GSM1321865	"s6147_16C"	6147	T950	16C	whole rosette	9-leaf stage	"https://ftp.ncbi.nlm.nih.gov/geo/samples/GSM1321nnn/GSM1321865/suppl/GSM1321865_s6147_16C_expression_table.txt.gz"	160.0	0.195032399239	31.0	0.071601366313	106.0	0.0738005748168	16.0	0.0655830779132
GSM1321866	"s6149_10C"	6149	T970	10C	whole rosette	9-leaf stage	"https://ftp.ncbi.nlm.nih.gov/geo/samples/GSM1321nnn/GSM1321866/suppl/GSM1321866_s6149_10C_expression_table.txt.gz"	156.5	0.0966471035535	105.0	0.1228673907	301.0	0.106171534739	48.0	0.0996783338634
GSM1321867	"s6149_16C"	6149	T970	16C	whole rosette	9-leaf stage	"https://ftp.ncbi.nlm.nih.gov/geo/samples/GSM1321nnn/GSM1321867/suppl/GSM1321867_s6149_16C_expression_table.txt.gz"	267.0	0.104780914733	106.0	0.0788223946142	359.0	0.0804697164842	53.0	0.069940998038
GSM1321868	"s6150_10C"	6150	T980	10C	whole rosette	9-leaf stage	"https://ftp.ncbi.nlm.nih.gov/geo/samples/GSM1321nnn/GSM1321868/suppl/GSM1321868_s6150_10C_expression_table.txt.gz"	304.0	0.167621754563	86.0	0.0898520696421	364.0	0.11463712368	47.0	0.0871444409467
GSM1321869	"s6150_16C"	6150	T980	16C	whole rosette	9-leaf stage	"https://ftp.ncbi.nlm.nih.gov/geo/samples/GSM1321nnn/GSM1321869/suppl/GSM1321869_s6150_16C_expression_table.txt.gz"	425.0	0.153839195303	166.0	0.113856805001	507.0	0.104822165462	48.0	0.0584257556973
GSM1321870	"s6151_10C"	6151	T990	10C	whole rosette	9-leaf stage	"https://ftp.ncbi.nlm.nih.gov/geo/samples/GSM1321nnn/GSM1321870/suppl/GSM1321870_s6151_10C_expression_table.txt.gz"	324.0	0.15652024198	57.0	0.0521762895123	458.0	0.12637410036	35.0	0.0568562976894
GSM1321871	"s6151_16C"	6151	T990	16C	whole rosette	9-leaf stage	"https://ftp.ncbi.nlm.nih.gov/geo/samples/GSM1321nnn/GSM1321871/suppl/GSM1321871_s6151_16C_expression_table.txt.gz"	183.333333333	0.108386807927	155.0	0.173635900903	381.333333333	0.128767676595	19.0	0.0377723168344
GSM1321872	"s6153_10C"	6153	TAA 03	10C	whole rosette	9-leaf stage	"https://ftp.ncbi.nlm.nih.gov/geo/samples/GSM1321nnn/GSM1321872/suppl/GSM1321872_s6153_10C_expression_table.txt.gz"	165.0	0.0943799537482	63.0	0.0682824665375	198.0	0.0646886525092	15.0	0.0288517464243
GSM1321873	"s6153_16C"	6153	TAA 03	16C	whole rosette	9-leaf stage	"https://ftp.ncbi.nlm.nih.gov/geo/samples/GSM1321nnn/GSM1321873/suppl/GSM1321873_s6153_16C_expression_table.txt.gz"	516.0	0.19165043709	92.0	0.0647471676309	371.0	0.0787047820386	26.0	0.0324727068523
GSM1321874	"s6172_10C"	6172	TÅD 04	10C	whole rosette	9-leaf stage	"https://ftp.ncbi.nlm.nih.gov/geo/samples/GSM1321nnn/GSM1321874/suppl/GSM1321874_s6172_10C_expression_table.txt.gz"	173.0	0.128914511977	30.0	0.0423593995796	248.0	0.105553948809	15.0	0.0375865094861
GSM1321875	"s6172_16C"	6172	TÅD 04	16C	whole rosette	9-leaf stage	"https://ftp.ncbi.nlm.nih.gov/geo/samples/GSM1321nnn/GSM1321875/suppl/GSM1321875_s6172_16C_expression_table.txt.gz"	118.0	0.084129880508	91.5	0.123612444234	429.0	0.174699899617	14.5	0.0347633241924
GSM1321876	"s6173_10C"	6173	TÅD 05	10C	whole rosette	9-leaf stage	"https://ftp.ncbi.nlm.nih.gov/geo/samples/GSM1321nnn/GSM1321876/suppl/GSM1321876_s6173_10C_expression_table.txt.gz"	73.0	0.119730231224	23.5	0.0730334234137	224.0	0.209843768953	28.0	0.154427280673
GSM1321877	"s6173_16C"	6173	TÅD 05	16C	whole rosette	9-leaf stage	"https://ftp.ncbi.nlm.nih.gov/geo/samples/GSM1321nnn/GSM1321877/suppl/GSM1321877_s6173_16C_expression_table.txt.gz"	238.0	0.0829653851907	109.0	0.0719978138874	774.0	0.15410901193	61.0	0.0715047418967
GSM1321878	"s6180_10C"	6180	TÄL 07	10C	whole rosette	9-leaf stage	"https://ftp.ncbi.nlm.nih.gov/geo/samples/GSM1321nnn/GSM1321878/suppl/GSM1321878_s6180_10C_expression_table.txt.gz"	347.0	0.179851518422	61.0	0.0599083425144	101.0	0.0299001320432	28.0	0.0488008848744
GSM1321879	"s6180_16C"	6180	TÄL 07	16C	whole rosette	9-leaf stage	"https://ftp.ncbi.nlm.nih.gov/geo/samples/GSM1321nnn/GSM1321879/suppl/GSM1321879_s6180_16C_expression_table.txt.gz"	479.0	0.170768897848	226.666666667	0.153120646881	179.0	0.0364496524391	21.0	0.0251754700693
GSM1321880	"s6184_10C"	6184	TBÖ 01	10C	whole rosette	9-leaf stage	"https://ftp.ncbi.nlm.nih.gov/geo/samples/GSM1321nnn/GSM1321880/suppl/GSM1321880_s6184_10C_expression_table.txt.gz"	293.0	0.12495470392	124.0	0.100202719799	264.0	0.0643066690732	19.0	0.0272473093139
GSM1321881	"s6184_16C"	6184	TBÖ 01	16C	whole rosette	9-leaf stage	"https://ftp.ncbi.nlm.nih.gov/geo/samples/GSM1321nnn/GSM1321881/suppl/GSM1321881_s6184_16C_expression_table.txt.gz"	1144.0	0.261264997019	205.0	0.0887119040533	566.0	0.0738309971929	61.0	0.046845736486
GSM1321882	"s6188_10C"	6188	TDr-1	10C	whole rosette	9-leaf stage	"https://ftp.ncbi.nlm.nih.gov/geo/samples/GSM1321nnn/GSM1321882/suppl/GSM1321882_s6188_10C_expression_table.txt.gz"	156.0	0.149879056248	47.0	0.0855632051246	130.0	0.0713389646717	23.0	0.0743069129311
GSM1321883	"s6188_16C"	6188	TDr-1	16C	whole rosette	9-leaf stage	"https://ftp.ncbi.nlm.nih.gov/geo/samples/GSM1321nnn/GSM1321883/suppl/GSM1321883_s6188_16C_expression_table.txt.gz"	676.0	0.121289291714	338.0	0.114911977765	535.0	0.0548272728769	62.0	0.0374069660097
GSM1321884	"s6189_10C"	6189	TDr-2	10C	whole rosette	9-leaf stage	"https://ftp.ncbi.nlm.nih.gov/geo/samples/GSM1321nnn/GSM1321884/suppl/GSM1321884_s6189_10C_expression_table.txt.gz"	218.0	0.191960923096	34.0	0.0567293866766	191.0	0.0960631452124	31.0	0.0917916256664
GSM1321885	"s6189_16C"	6189	TDr-2	16C	whole rosette	9-leaf stage	"https://ftp.ncbi.nlm.nih.gov/geo/samples/GSM1321nnn/GSM1321885/suppl/GSM1321885_s6189_16C_expression_table.txt.gz"	279.0	0.126152603834	50.0	0.0428385591475	384.0	0.0991722892723	28.0	0.0425730807528
GSM1321886	"s6191_10C"	6191	TDr-4	10C	whole rosette	9-leaf stage	"https://ftp.ncbi.nlm.nih.gov/geo/samples/GSM1321nnn/GSM1321886/suppl/GSM1321886_s6191_10C_expression_table.txt.gz"	554.0	0.184370173922	123.0	0.0775637588097	344.0	0.0653892628826	85.0	0.0951228508933
GSM1321887	"s6191_16C"	6191	TDr-4	16C	whole rosette	9-leaf stage	"https://ftp.ncbi.nlm.nih.gov/geo/samples/GSM1321nnn/GSM1321887/suppl/GSM1321887_s6191_16C_expression_table.txt.gz"	320.0	0.252253970022	125.0	0.186711419094	95.0	0.0427738887378	10.0	0.0265077620347
GSM1321888	"s6192_10C"	6192	TDr-5	10C	whole rosette	9-leaf stage	"https://ftp.ncbi.nlm.nih.gov/geo/samples/GSM1321nnn/GSM1321888/suppl/GSM1321888_s6192_10C_expression_table.txt.gz"	131.666666667	0.121074369324	78.6666666667	0.137069225228	113.666666667	0.0597003115232	17.0	0.0525666532176
GSM1321889	"s6192_16C"	6192	TDr-5	16C	whole rosette	9-leaf stage	"https://ftp.ncbi.nlm.nih.gov/geo/samples/GSM1321nnn/GSM1321889/suppl/GSM1321889_s6192_16C_expression_table.txt.gz"	233.0	0.176333224386	73.0	0.104682460812	143.0	0.0618132194702	22.0	0.0559868380034
GSM1321890	"s6193_10C"	6193	TDr-7	10C	whole rosette	9-leaf stage	"https://ftp.ncbi.nlm.nih.gov/geo/samples/GSM1321nnn/GSM1321890/suppl/GSM1321890_s6193_10C_expression_table.txt.gz"	524.0	0.181689043273	94.0	0.0617586991648	354.0	0.0701080377061	58.0	0.0676254979767
GSM1321891	"s6193_16C"	6193	TDr-7	16C	whole rosette	9-leaf stage	"https://ftp.ncbi.nlm.nih.gov/geo/samples/GSM1321nnn/GSM1321891/suppl/GSM1321891_s6193_16C_expression_table.txt.gz"	254.5	0.106680602912	143.5	0.113978361903	480.5	0.115042461442	18.5	0.0260768083227
GSM1321892	"s6194_16C"	6194	TDr-8	16C	whole rosette	9-leaf stage	"https://ftp.ncbi.nlm.nih.gov/geo/samples/GSM1321nnn/GSM1321892/suppl/GSM1321892_s6194_16C_expression_table.txt.gz"	402.0	0.27640680328	48.0	0.0625369573875	228.0	0.0895415526231	22.0	0.0508663280159
GSM1321893	"s6195_10C"	6195	TDr-9	10C	whole rosette	9-leaf stage	"https://ftp.ncbi.nlm.nih.gov/geo/samples/GSM1321nnn/GSM1321893/suppl/GSM1321893_s6195_10C_expression_table.txt.gz"	377.5	0.170792273938	123.5	0.105874423257	643.0	0.166161091441	160.0	0.243420011731
GSM1321894	"s6195_16C"	6195	TDr-9	16C	whole rosette	9-leaf stage	"https://ftp.ncbi.nlm.nih.gov/geo/samples/GSM1321nnn/GSM1321894/suppl/GSM1321894_s6195_16C_expression_table.txt.gz"	105.0	0.137848099272	35.0	0.087066755823	92.0	0.0689868649009	13.0	0.0573904813031
GSM1321895	"s6202_10C"	6202	TDr-17	10C	whole rosette	9-leaf stage	"https://ftp.ncbi.nlm.nih.gov/geo/samples/GSM1321nnn/GSM1321895/suppl/GSM1321895_s6202_10C_expression_table.txt.gz"	342.0	0.174123116621	184.0	0.177509247962	444.0	0.129116098502	63.0	0.107858880153
GSM1321896	"s6202_16C"	6202	TDr-17	16C	whole rosette	9-leaf stage	"https://ftp.ncbi.nlm.nih.gov/geo/samples/GSM1321nnn/GSM1321896/suppl/GSM1321896_s6202_16C_expression_table.txt.gz"	624.0	0.168239055209	280.0	0.143045136863	416.0	0.0640623196669	66.0	0.059837191054
GSM1321897	"s6203_10C"	6203	TDr-18	10C	whole rosette	9-leaf stage	"https://ftp.ncbi.nlm.nih.gov/geo/samples/GSM1321nnn/GSM1321897/suppl/GSM1321897_s6203_10C_expression_table.txt.gz"	805.0	0.152716791502	258.0	0.0927434936859	697.0	0.0755250092957	81.0	0.0516726769603
GSM1321898	"s6203_16C"	6203	TDr-18	16C	whole rosette	9-leaf stage	"https://ftp.ncbi.nlm.nih.gov/geo/samples/GSM1321nnn/GSM1321898/suppl/GSM1321898_s6203_16C_expression_table.txt.gz"	60.5	0.142603741732	15.5	0.069227728158	87.5	0.11780146673	1.0	0.00792611880773
GSM1321899	"s6209_10C"	6209	TEDEN 02	10C	whole rosette	9-leaf stage	"https://ftp.ncbi.nlm.nih.gov/geo/samples/GSM1321nnn/GSM1321899/suppl/GSM1321899_s6209_10C_expression_table.txt.gz"	1135.0	0.215007263575	612.0	0.219675451488	1469.0	0.158944741602	805.0	0.512788388208
GSM1321900	"s6209_16C"	6209	TEDEN 02	16C	whole rosette	9-leaf stage	"https://ftp.ncbi.nlm.nih.gov/geo/samples/GSM1321nnn/GSM1321900/suppl/GSM1321900_s6209_16C_expression_table.txt.gz"	351.0	0.103762511438	202.0	0.113150782806	472.0	0.0796970883871	32.0	0.0318103441832
GSM1321901	"s6210_10C"	6210	TEDEN 03	10C	whole rosette	9-leaf stage	"https://ftp.ncbi.nlm.nih.gov/geo/samples/GSM1321nnn/GSM1321901/suppl/GSM1321901_s6210_10C_expression_table.txt.gz"	97.0	0.0839071374106	3.0	0.00491723835463	226.0	0.111661307326	6.0	0.017452733315
GSM1321902	"s6210_16C"	6210	TEDEN 03	16C	whole rosette	9-leaf stage	"https://ftp.ncbi.nlm.nih.gov/geo/samples/GSM1321nnn/GSM1321902/suppl/GSM1321902_s6210_16C_expression_table.txt.gz"	684.0	0.242992338532	293.0	0.197231798264	363.0	0.0736563514622	26.0	0.0310595284868
GSM1321903	"s6216_16C"	6216	TFÄ 06	16C	whole rosette	9-leaf stage	"https://ftp.ncbi.nlm.nih.gov/geo/samples/GSM1321nnn/GSM1321903/suppl/GSM1321903_s6216_16C_expression_table.txt.gz"	498.0	0.174234868088	166.0	0.110049139566	426.0	0.0851299592919	70.0	0.0823547777849
GSM1321904	"s6216_10C"	6216	TFÄ 06	10C	whole rosette	9-leaf stage	"https://ftp.ncbi.nlm.nih.gov/geo/samples/GSM1321nnn/GSM1321904/suppl/GSM1321904_s6216_10C_expression_table.txt.gz"	337.0	0.0871493526401	209.0	0.10241259856	635.0	0.0937940066709	58.0	0.0504367727122
GSM1321905	"s6221_10C"	6221	TGR 02	10C	whole rosette	9-leaf stage	"https://ftp.ncbi.nlm.nih.gov/geo/samples/GSM1321nnn/GSM1321905/suppl/GSM1321905_s6221_10C_expression_table.txt.gz"	994.0	0.170714375791	224.0	0.0728961452628	2096.0	0.205608983887	148.0	0.0854732970863
GSM1321906	"s6221_16C"	6221	TGR 02	16C	whole rosette	9-leaf stage	"https://ftp.ncbi.nlm.nih.gov/geo/samples/GSM1321nnn/GSM1321906/suppl/GSM1321906_s6221_16C_expression_table.txt.gz"	225.0	0.101472105213	64.0	0.0546911381891	305.0	0.0785653573792	18.0	0.027297425487
GSM1321907	"s6231_10C"	6231	TNY 04	10C	whole rosette	9-leaf stage	"https://ftp.ncbi.nlm.nih.gov/geo/samples/GSM1321nnn/GSM1321907/suppl/GSM1321907_s6231_10C_expression_table.txt.gz"	382.0	0.194642276692	58.0	0.0559982740482	174.0	0.0506395875364	33.0	0.0565422106587
GSM1321908	"s6231_16C"	6231	TNY 04	16C	whole rosette	9-leaf stage	"https://ftp.ncbi.nlm.nih.gov/geo/samples/GSM1321nnn/GSM1321908/suppl/GSM1321908_s6231_16C_expression_table.txt.gz"	402.0	0.237207448756	81.0	0.0905649441214	124.0	0.0417917977126	13.0	0.0257947102192
GSM1321909	"s6235_10C"	6235	TOM 01	10C	whole rosette	9-leaf stage	"https://ftp.ncbi.nlm.nih.gov/geo/samples/GSM1321nnn/GSM1321909/suppl/GSM1321909_s6235_10C_expression_table.txt.gz"	662.0	0.11478262178	142.0	0.0466529736115	1200.0	0.118841054149	130.0	0.0757960432213
GSM1321910	"s6235_16C"	6235	TOM 01	16C	whole rosette	9-leaf stage	"https://ftp.ncbi.nlm.nih.gov/geo/samples/GSM1321nnn/GSM1321910/suppl/GSM1321910_s6235_16C_expression_table.txt.gz"	161.0	0.170671480917	87.5	0.175758350884	131.5	0.0796210557975	10.5	0.0374291023291
GSM1321911	"s6237_10C"	6237	TOM 03	10C	whole rosette	9-leaf stage	"https://ftp.ncbi.nlm.nih.gov/geo/samples/GSM1321nnn/GSM1321911/suppl/GSM1321911_s6237_10C_expression_table.txt.gz"	761.0	0.109901016198	407.0	0.111374122607	870.0	0.0717634654324	90.0	0.0437063553435
GSM1321912	"s6237_16C"	6237	TOM 03	16C	whole rosette	9-leaf stage	"https://ftp.ncbi.nlm.nih.gov/geo/samples/GSM1321nnn/GSM1321912/suppl/GSM1321912_s6237_16C_expression_table.txt.gz"	218.0	0.148098619401	42.0	0.0540650541007	329.0	0.12766078564	21.0	0.047973217019
GSM1321913	"s6238_10C"	6238	TOM 04	10C	whole rosette	9-leaf stage	"https://ftp.ncbi.nlm.nih.gov/geo/samples/GSM1321nnn/GSM1321913/suppl/GSM1321913_s6238_10C_expression_table.txt.gz"	320.0	0.135005002186	138.25	0.110519231661	478.25	0.115244964661	46.75	0.0663233613429
GSM1321914	"s6238_16C"	6238	TOM 04	16C	whole rosette	9-leaf stage	"https://ftp.ncbi.nlm.nih.gov/geo/samples/GSM1321nnn/GSM1321914/suppl/GSM1321914_s6238_16C_expression_table.txt.gz"	476.0	0.163676958445	223.0	0.145297550083	446.5	0.0876938536072	33.5	0.0387356128909
GSM1321915	"s6240_16C"	6240	TOM 06	16C	whole rosette	9-leaf stage	"https://ftp.ncbi.nlm.nih.gov/geo/samples/GSM1321nnn/GSM1321915/suppl/GSM1321915_s6240_16C_expression_table.txt.gz"	589.0	0.149485409105	70.0	0.0336631215091	672.0	0.0974136645392	34.0	0.0290166624839
GSM1321916	"s6242_10C"	6242	Tomegap-2	10C	whole rosette	9-leaf stage	"https://ftp.ncbi.nlm.nih.gov/geo/samples/GSM1321nnn/GSM1321916/suppl/GSM1321916_s6242_10C_expression_table.txt.gz"	203.0	0.200792574782	80.0	0.149938938867	70.0	0.03954729189	7.0	0.0232827718451
GSM1321917	"s6242_16C"	6242	Tomegap-2	16C	whole rosette	9-leaf stage	"https://ftp.ncbi.nlm.nih.gov/geo/samples/GSM1321nnn/GSM1321917/suppl/GSM1321917_s6242_16C_expression_table.txt.gz"	535.0	0.191954436116	130.0	0.0883813352761	246.0	0.0504134683146	46.0	0.0554992653586
GSM1321918	"s6243_10C"	6243	Tottarp-2	10C	whole rosette	9-leaf stage	"https://ftp.ncbi.nlm.nih.gov/geo/samples/GSM1321nnn/GSM1321918/suppl/GSM1321918_s6243_10C_expression_table.txt.gz"	204.666666667	0.164296031249	51.3333333333	0.078082238883	246.0	0.112793003623	64.0	0.172760702676
GSM1321919	"s6243_16C"	6243	Tottarp-2	16C	whole rosette	9-leaf stage	"https://ftp.ncbi.nlm.nih.gov/geo/samples/GSM1321nnn/GSM1321919/suppl/GSM1321919_s6243_16C_expression_table.txt.gz"	1025.0	0.172028316566	757.0	0.240738077887	532.0	0.0509981949553	75.0	0.0423274756923
GSM1321920	"s6244_10C"	6244	TRÄ 01	10C	whole rosette	9-leaf stage	"https://ftp.ncbi.nlm.nih.gov/geo/samples/GSM1321nnn/GSM1321920/suppl/GSM1321920_s6244_10C_expression_table.txt.gz"	151.333333333	0.134381036366	151.333333333	0.25463073359	140.666666667	0.0713446945095	23.0	0.0686777811576
GSM1321921	"s6244_16C"	6244	TRÄ 01	16C	whole rosette	9-leaf stage	"https://ftp.ncbi.nlm.nih.gov/geo/samples/GSM1321nnn/GSM1321921/suppl/GSM1321921_s6244_16C_expression_table.txt.gz"	140.5	0.143141096369	56.0	0.108105770686	160.5	0.0933964029641	21.5	0.0736565726329
GSM1321922	"s6252_10C"	6252	TV-4	10C	whole rosette	9-leaf stage	"https://ftp.ncbi.nlm.nih.gov/geo/samples/GSM1321nnn/GSM1321922/suppl/GSM1321922_s6252_10C_expression_table.txt.gz"	866.0	0.169770259954	212.0	0.0787503364088	640.0	0.0716623084771	101.0	0.0665809713751
GSM1321923	"s6252_16C"	6252	TV-4	16C	whole rosette	9-leaf stage	"https://ftp.ncbi.nlm.nih.gov/geo/samples/GSM1321nnn/GSM1321923/suppl/GSM1321923_s6252_16C_expression_table.txt.gz"	938.0	0.231475124735	196.0	0.0916495622398	479.0	0.0675155951496	55.0	0.0456403755621
GSM1321924	"s6258_10C"	6258	TV-10	10C	whole rosette	9-leaf stage	"https://ftp.ncbi.nlm.nih.gov/geo/samples/GSM1321nnn/GSM1321924/suppl/GSM1321924_s6258_10C_expression_table.txt.gz"	494.0	0.174190260179	80.0	0.053451480776	327.0	0.0658584901595	45.0	0.0533573760563
GSM1321925	"s6258_16C"	6258	TV-10	16C	whole rosette	9-leaf stage	"https://ftp.ncbi.nlm.nih.gov/geo/samples/GSM1321nnn/GSM1321925/suppl/GSM1321925_s6258_16C_expression_table.txt.gz"	551.0	0.16666816421	86.0	0.0492915346072	551.0	0.0951962301558	34.0	0.0345831860886
GSM1321926	"s6276_10C"	6276	TV-30	10C	whole rosette	9-leaf stage	"https://ftp.ncbi.nlm.nih.gov/geo/samples/GSM1321nnn/GSM1321926/suppl/GSM1321926_s6276_10C_expression_table.txt.gz"	663.0	0.137580718924	84.0	0.0330290564537	1054.0	0.124925689601	50.0	0.0348898483665
GSM1321927	"s6276_16C"	6276	TV-30	16C	whole rosette	9-leaf stage	"https://ftp.ncbi.nlm.nih.gov/geo/samples/GSM1321nnn/GSM1321927/suppl/GSM1321927_s6276_16C_expression_table.txt.gz"	208.0	0.154850462751	39.0	0.0550156964014	188.0	0.0799418363609	23.0	0.0575787245111
GSM1321928	"s6413_10C"	6413	Ull3-4	10C	whole rosette	9-leaf stage	"https://ftp.ncbi.nlm.nih.gov/geo/samples/GSM1321nnn/GSM1321928/suppl/GSM1321928_s6413_10C_expression_table.txt.gz"	157.0	0.153980652664	87.0	0.161680852879	230.0	0.128843180895	54.0	0.178092362472
GSM1321929	"s6413_16C"	6413	Ull3-4	16C	whole rosette	9-leaf stage	"https://ftp.ncbi.nlm.nih.gov/geo/samples/GSM1321nnn/GSM1321929/suppl/GSM1321929_s6413_16C_expression_table.txt.gz"	193.0	0.131190413828	75.0	0.0966003926149	197.0	0.0764853252149	27.0	0.0617154057607
GSM1321930	"s6901_10C"	6901	Bil-7	10C	whole rosette	9-leaf stage	"https://ftp.ncbi.nlm.nih.gov/geo/samples/GSM1321nnn/GSM1321930/suppl/GSM1321930_s6901_10C_expression_table.txt.gz"	272.25	0.121770020164	63.0	0.0533931906596	261.0	0.0666776208716	37.25	0.0560252493541
GSM1321931	"s6901_16C"	6901	Bil-7	16C	whole rosette	9-leaf stage	"https://ftp.ncbi.nlm.nih.gov/geo/samples/GSM1321nnn/GSM1321931/suppl/GSM1321931_s6901_16C_expression_table.txt.gz"	519.5	0.163787915266	134.5	0.0803510252766	470.0	0.0846371945871	41.0	0.0434675529168
GSM1321932	"s6909_10C"	6909	Col-0	10C	whole rosette	9-leaf stage	"https://ftp.ncbi.nlm.nih.gov/geo/samples/GSM1321nnn/GSM1321932/suppl/GSM1321932_s6909_10C_expression_table.txt.gz"	253.0	0.135045081054	39.8571428571	0.0403122693455	208.0	0.0634145160009	16.7142857143	0.0300006802308
GSM1321933	"s6909_16C"	6909	Col-0	16C	whole rosette	9-leaf stage	"https://ftp.ncbi.nlm.nih.gov/geo/samples/GSM1321nnn/GSM1321933/suppl/GSM1321933_s6909_16C_expression_table.txt.gz"	635.0	0.169382202282	139.666666667	0.0705926773029	352.333333333	0.0536802934108	61.3333333333	0.0550143073915
GSM1321934	"s6913_10C"	6913	Eden-2	10C	whole rosette	9-leaf stage	"https://ftp.ncbi.nlm.nih.gov/geo/samples/GSM1321nnn/GSM1321934/suppl/GSM1321934_s6913_10C_expression_table.txt.gz"	223.0	0.16129949839	44.3333333333	0.0607619041333	234.666666667	0.096949741775	22.0	0.0535101127578
GSM1321935	"s6913_16C"	6913	Eden-2	16C	whole rosette	9-leaf stage	"https://ftp.ncbi.nlm.nih.gov/geo/samples/GSM1321nnn/GSM1321935/suppl/GSM1321935_s6913_16C_expression_table.txt.gz"	273.5	0.129023051067	58.5	0.0522924124771	714.0	0.192386807185	49.0	0.0777304332813
GSM1321936	"s6917_10C"	6917	Fäb-2	10C	whole rosette	9-leaf stage	"https://ftp.ncbi.nlm.nih.gov/geo/samples/GSM1321nnn/GSM1321936/suppl/GSM1321936_s6917_10C_expression_table.txt.gz"	612.333333333	0.182623139011	143.666666667	0.0811889177626	449.333333333	0.0765426753413	51.6666666667	0.051815939476
GSM1321937	"s6917_16C"	6917	Fäb-2	16C	whole rosette	9-leaf stage	"https://ftp.ncbi.nlm.nih.gov/geo/samples/GSM1321nnn/GSM1321937/suppl/GSM1321937_s6917_16C_expression_table.txt.gz"	537.0	0.191431452266	136.0	0.0918651422522	399.0	0.0812416999997	52.0	0.0623343425887
GSM1321938	"s6973_10C"	6973	Ull2-3	10C	whole rosette	9-leaf stage	"https://ftp.ncbi.nlm.nih.gov/geo/samples/GSM1321nnn/GSM1321938/suppl/GSM1321938_s6973_10C_expression_table.txt.gz"	547.666666667	0.181927016613	82.3333333333	0.0518238200469	538.666666667	0.102204046091	36.6666666667	0.0409578688401
GSM1321939	"s6973_16C"	6973	Ull2-3	16C	whole rosette	9-leaf stage	"https://ftp.ncbi.nlm.nih.gov/geo/samples/GSM1321nnn/GSM1321939/suppl/GSM1321939_s6973_16C_expression_table.txt.gz"	440.0	0.192854385603	158.5	0.131637293528	212.5	0.0531989273574	28.5	0.042005555699
GSM1321940	"s6974_10C"	6974	Ull2-5	10C	whole rosette	9-leaf stage	"https://ftp.ncbi.nlm.nih.gov/geo/samples/GSM1321nnn/GSM1321940/suppl/GSM1321940_s6974_10C_expression_table.txt.gz"	471.0	0.124469060837	56.0	0.028041508162	379.0	0.057206689199	26.0	0.0231046229222
GSM1321941	"s6974_16C"	6974	Ull2-5	16C	whole rosette	9-leaf stage	"https://ftp.ncbi.nlm.nih.gov/geo/samples/GSM1321nnn/GSM1321941/suppl/GSM1321941_s6974_16C_expression_table.txt.gz"	530.5	0.219066304722	153.5	0.120107854506	272.0	0.0641543629448	44.0	0.061098127759
GSM1321942	"s7516_10C"	7516	Vår2-1	10C	whole rosette	9-leaf stage	"https://ftp.ncbi.nlm.nih.gov/geo/samples/GSM1321nnn/GSM1321942/suppl/GSM1321942_s7516_10C_expression_table.txt.gz"	587.0	0.147121614117	134.666666667	0.0639545320105	439.666666667	0.0629403305045	63.3333333333	0.0533771962185
GSM1321943	"s7516_16C"	7516	Vår2-1	16C	whole rosette	9-leaf stage	"https://ftp.ncbi.nlm.nih.gov/geo/samples/GSM1321nnn/GSM1321943/suppl/GSM1321943_s7516_16C_expression_table.txt.gz"	238.0	0.138062829676	66.0	0.0725465198953	215.0	0.0712369589663	18.5	0.0360874814076
GSM1321944	"s7517_16C"	7517	Vår2-6	16C	whole rosette	9-leaf stage	"https://ftp.ncbi.nlm.nih.gov/geo/samples/GSM1321nnn/GSM1321944/suppl/GSM1321944_s7517_16C_expression_table.txt.gz"	222.0	0.182220385937	43.0	0.0668783082055	146.0	0.0684485010431	30.0	0.0828038011847
GSM1321945	"s7517_10C"	7517	Vår2-6	10C	whole rosette	9-leaf stage	"https://ftp.ncbi.nlm.nih.gov/geo/samples/GSM1321nnn/GSM1321945/suppl/GSM1321945_s7517_10C_expression_table.txt.gz"	211.666666667	0.132468619352	157.333333333	0.186575287024	239.0	0.0854329767474	36.6666666667	0.0771644031438
GSM1321946	"s7519_10C"	7519	ÖMö2-3	10C	whole rosette	9-leaf stage	"https://ftp.ncbi.nlm.nih.gov/geo/samples/GSM1321nnn/GSM1321946/suppl/GSM1321946_s7519_10C_expression_table.txt.gz"	313.333333333	0.147475385197	36.3333333333	0.0324034325863	320.333333333	0.0861156674016	24.6666666667	0.0390398766553
GSM1321947	"s7519_16C"	7519	ÖMö2-3	16C	whole rosette	9-leaf stage	"https://ftp.ncbi.nlm.nih.gov/geo/samples/GSM1321nnn/GSM1321947/suppl/GSM1321947_s7519_16C_expression_table.txt.gz"	450.5	0.167065564752	98.0	0.0688638118367	247.0	0.0523186102915	36.0	0.0448931087225
GSM1321948	"s8222_10C"	8222	Lis-2	10C	whole rosette	9-leaf stage	"https://ftp.ncbi.nlm.nih.gov/geo/samples/GSM1321nnn/GSM1321948/suppl/GSM1321948_s8222_10C_expression_table.txt.gz"	481.666666667	0.19049264761	98.0	0.0734396395196	385.0	0.086967994168	38.0	0.0505359290055
GSM1321949	"s8222_16C"	8222	Lis-2	16C	whole rosette	9-leaf stage	"https://ftp.ncbi.nlm.nih.gov/geo/samples/GSM1321nnn/GSM1321949/suppl/GSM1321949_s8222_16C_expression_table.txt.gz"	579.0	0.178929791251	166.0	0.0972041965043	373.0	0.0658385142576	37.0	0.0384495133296
GSM1321950	"s8227_10C"	8227	THÖ 03	10C	whole rosette	9-leaf stage	"https://ftp.ncbi.nlm.nih.gov/geo/samples/GSM1321nnn/GSM1321950/suppl/GSM1321950_s8227_10C_expression_table.txt.gz"	283.0	0.0856431299347	95.0	0.0544756643904	891.0	0.154010701044	86.0	0.0875164268842
GSM1321951	"s8227_16C"	8227	THÖ 03	16C	whole rosette	9-leaf stage	"https://ftp.ncbi.nlm.nih.gov/geo/samples/GSM1321nnn/GSM1321951/suppl/GSM1321951_s8227_16C_expression_table.txt.gz"	429.0	0.154853869078	176.0	0.120378872584	292.0	0.0602025266436	22.0	0.0267037639888
GSM1321952	"s8230_16C"	8230	Algutsrum	16C	whole rosette	9-leaf stage	"https://ftp.ncbi.nlm.nih.gov/geo/samples/GSM1321nnn/GSM1321952/suppl/GSM1321952_s8230_16C_expression_table.txt.gz"	285.0	0.151444375222	78.0	0.078537256407	375.0	0.113816874164	27.0	0.0482455302089
GSM1321953	"s8234_10C"	8234	Gul1-2	10C	whole rosette	9-leaf stage	"https://ftp.ncbi.nlm.nih.gov/geo/samples/GSM1321nnn/GSM1321953/suppl/GSM1321953_s8234_10C_expression_table.txt.gz"	287.0	0.165515221549	126.666666667	0.138417569779	159.333333333	0.0524843452067	20.3333333333	0.039432077143
GSM1321954	"s8234_16C"	8234	Gul1-2	16C	whole rosette	9-leaf stage	"https://ftp.ncbi.nlm.nih.gov/geo/samples/GSM1321nnn/GSM1321954/suppl/GSM1321954_s8234_16C_expression_table.txt.gz"	278.0	0.293340598613	78.0	0.155953388651	52.0	0.0313399154227	5.0	0.0177411763904
GSM1321955	"s8237_10C"	8237	Kävlinge-1	10C	whole rosette	9-leaf stage	"https://ftp.ncbi.nlm.nih.gov/geo/samples/GSM1321nnn/GSM1321955/suppl/GSM1321955_s8237_10C_expression_table.txt.gz"	431.0	0.17457103699	126.0	0.0967026335995	461.0	0.106650512176	83.0	0.113046740687
GSM1321956	"s8237_16C"	8237	Kävlinge-1	16C	whole rosette	9-leaf stage	"https://ftp.ncbi.nlm.nih.gov/geo/samples/GSM1321nnn/GSM1321956/suppl/GSM1321956_s8237_16C_expression_table.txt.gz"	396.0	0.150545562291	174.0	0.12534149073	323.0	0.0701362260043	24.0	0.0306809671336
GSM1321957	"s8240_10C"	8240	Kulturen-1	10C	whole rosette	9-leaf stage	"https://ftp.ncbi.nlm.nih.gov/geo/samples/GSM1321nnn/GSM1321957/suppl/GSM1321957_s8240_10C_expression_table.txt.gz"	140.0	0.127255874546	70.0	0.12056484146	172.0	0.089298743818	8.0	0.0244525875636
GSM1321958	"s8240_16C"	8240	Kulturen-1	16C	whole rosette	9-leaf stage	"https://ftp.ncbi.nlm.nih.gov/geo/samples/GSM1321nnn/GSM1321958/suppl/GSM1321958_s8240_16C_expression_table.txt.gz"	398.5	0.118221194045	68.0	0.0382251117349	689.5	0.116833768371	39.0	0.0389060064344
GSM1321959	"s8241_10C"	8241	Liarum	10C	whole rosette	9-leaf stage	"https://ftp.ncbi.nlm.nih.gov/geo/samples/GSM1321nnn/GSM1321959/suppl/GSM1321959_s8241_10C_expression_table.txt.gz"	36.0	0.0741523971621	9.33333333333	0.0364277465483	45.0	0.0529422393016	8.33333333333	0.0577200209392
GSM1321960	"s8241_16C"	8241	Liarum	16C	whole rosette	9-leaf stage	"https://ftp.ncbi.nlm.nih.gov/geo/samples/GSM1321nnn/GSM1321960/suppl/GSM1321960_s8241_16C_expression_table.txt.gz"	147.0	0.113275433482	105.0	0.1533135473	161.0	0.0708616682737	23.0	0.0595979423308
GSM1321961	"s8242_10C"	8242	Lillö-1	10C	whole rosette	9-leaf stage	"https://ftp.ncbi.nlm.nih.gov/geo/samples/GSM1321nnn/GSM1321961/suppl/GSM1321961_s8242_10C_expression_table.txt.gz"	528.666666667	0.199694576211	97.0	0.0694270817095	313.0	0.0675298487757	46.0	0.0584288319425
GSM1321962	"s8242_16C"	8242	Lillö-1	16C	whole rosette	9-leaf stage	"https://ftp.ncbi.nlm.nih.gov/geo/samples/GSM1321nnn/GSM1321962/suppl/GSM1321962_s8242_16C_expression_table.txt.gz"	343.0	0.108741385773	159.5	0.095815168069	284.5	0.051516946345	53.0	0.0565017168409
GSM1321963	"s8247_16C"	8247	San-2	16C	whole rosette	9-leaf stage	"https://ftp.ncbi.nlm.nih.gov/geo/samples/GSM1321nnn/GSM1321963/suppl/GSM1321963_s8247_16C_expression_table.txt.gz"	918.5	0.206346344359	385.0	0.163889520013	898.5	0.115292962469	120.5	0.091031080386
GSM1321964	"s8247_10C"	8247	San-2	10C	whole rosette	9-leaf stage	"https://ftp.ncbi.nlm.nih.gov/geo/samples/GSM1321nnn/GSM1321964/suppl/GSM1321964_s8247_10C_expression_table.txt.gz"	257.0	0.113644563539	186.666666667	0.156406626573	577.333333333	0.145817374104	30.6666666667	0.045600241832
GSM1321965	"s8249_10C"	8249	Vimmerby	10C	whole rosette	9-leaf stage	"https://ftp.ncbi.nlm.nih.gov/geo/samples/GSM1321nnn/GSM1321965/suppl/GSM1321965_s8249_10C_expression_table.txt.gz"	273.666666667	0.139041126715	58.3333333333	0.0561579188713	242.333333333	0.070323686732	21.3333333333	0.0364472803041
GSM1321966	"s8249_16C"	8249	Vimmerby	16C	whole rosette	9-leaf stage	"https://ftp.ncbi.nlm.nih.gov/geo/samples/GSM1321nnn/GSM1321966/suppl/GSM1321966_s8249_16C_expression_table.txt.gz"	196.5	0.145967512096	92.0	0.129495391704	215.0	0.0912219201492	26.5	0.0661949039956
GSM1321967	"s8256_10C"	8256	Bå1-2	10C	whole rosette	9-leaf stage	"https://ftp.ncbi.nlm.nih.gov/geo/samples/GSM1321nnn/GSM1321967/suppl/GSM1321967_s8256_10C_expression_table.txt.gz"	769.5	0.219760869701	193.5	0.104711780775	417.25	0.06806207493	83.5	0.080188713872
GSM1321968	"s8256_16C"	8256	Bå1-2	16C	whole rosette	9-leaf stage	"https://ftp.ncbi.nlm.nih.gov/geo/samples/GSM1321nnn/GSM1321968/suppl/GSM1321968_s8256_16C_expression_table.txt.gz"	279.5	0.217850656275	105.0	0.155074073302	129.0	0.0574293458066	17.0	0.0445564943009
GSM1321969	"s8258_10C"	8258	Bå4-1	10C	whole rosette	9-leaf stage	"https://ftp.ncbi.nlm.nih.gov/geo/samples/GSM1321nnn/GSM1321969/suppl/GSM1321969_s8258_10C_expression_table.txt.gz"	314.333333333	0.161808679644	114.0	0.111195973797	318.0	0.0934987047368	37.0	0.0640469026246
GSM1321970	"s8258_16C"	8258	Bå4-1	16C	whole rosette	9-leaf stage	"https://ftp.ncbi.nlm.nih.gov/geo/samples/GSM1321nnn/GSM1321970/suppl/GSM1321970_s8258_16C_expression_table.txt.gz"	349.333333333	0.202480247791	115.666666667	0.127035087457	246.333333333	0.081551681077	27.0	0.0526249179116
GSM1321971	"s8259_10C"	8259	Bå5-1	10C	whole rosette	9-leaf stage	"https://ftp.ncbi.nlm.nih.gov/geo/samples/GSM1321nnn/GSM1321971/suppl/GSM1321971_s8259_10C_expression_table.txt.gz"	514.666666667	0.195266644963	145.333333333	0.104481666911	572.333333333	0.124027549179	92.0	0.117374804512
GSM1321972	"s8259_16C"	8259	Bå5-1	16C	whole rosette	9-leaf stage	"https://ftp.ncbi.nlm.nih.gov/geo/samples/GSM1321nnn/GSM1321972/suppl/GSM1321972_s8259_16C_expression_table.txt.gz"	99.0	0.181156687094	26.0	0.09014992265	95.0	0.0992909987229	10.0	0.0615324499128
GSM1321973	"s8283_10C"	8283	Dra3-1	10C	whole rosette	9-leaf stage	"https://ftp.ncbi.nlm.nih.gov/geo/samples/GSM1321nnn/GSM1321973/suppl/GSM1321973_s8283_10C_expression_table.txt.gz"	402.25	0.162728726717	154.25	0.118240479257	366.75	0.084743304409	38.0	0.0516936028201
GSM1321974	"s8283_16C"	8283	Dra3-1	16C	whole rosette	9-leaf stage	"https://ftp.ncbi.nlm.nih.gov/geo/samples/GSM1321nnn/GSM1321974/suppl/GSM1321974_s8283_16C_expression_table.txt.gz"	454.0	0.187583756573	163.0	0.127614438968	651.5	0.153752042746	71.0	0.0986467442333
GSM1321975	"s8326_10C"	8326	Lis-1	10C	whole rosette	9-leaf stage	"https://ftp.ncbi.nlm.nih.gov/geo/samples/GSM1321nnn/GSM1321975/suppl/GSM1321975_s8326_10C_expression_table.txt.gz"	530.0	0.263480298335	162.5	0.153072958962	158.0	0.0448638419877	26.5	0.0442999445264
GSM1321976	"s8326_16C"	8326	Lis-1	16C	whole rosette	9-leaf stage	"https://ftp.ncbi.nlm.nih.gov/geo/samples/GSM1321nnn/GSM1321976/suppl/GSM1321976_s8326_16C_expression_table.txt.gz"	1767.0	0.208146322148	381.0	0.0850413219935	1116.0	0.0750867807799	182.0	0.07209225522
GSM1321977	"s8334_10C"	8334	Lu-1	10C	whole rosette	9-leaf stage	"https://ftp.ncbi.nlm.nih.gov/geo/samples/GSM1321nnn/GSM1321977/suppl/GSM1321977_s8334_10C_expression_table.txt.gz"	447.0	0.146567853287	96.6666666667	0.0600593713643	527.333333333	0.0987605561194	61.6666666667	0.0679933922537
GSM1321978	"s8334_16C"	8334	Lu-1	16C	whole rosette	9-leaf stage	"https://ftp.ncbi.nlm.nih.gov/geo/samples/GSM1321nnn/GSM1321978/suppl/GSM1321978_s8334_16C_expression_table.txt.gz"	397.0	0.138944920382	68.0	0.0450955735957	489.0	0.0977525566959	25.0	0.0294223398563
GSM1321979	"s8335_16C"	8335	Lund	16C	whole rosette	9-leaf stage	"https://ftp.ncbi.nlm.nih.gov/geo/samples/GSM1321nnn/GSM1321979/suppl/GSM1321979_s8335_16C_expression_table.txt.gz"	176.0	0.268678736591	47.0	0.135953791169	142.0	0.123815801262	29.0	0.14886879021
GSM1321980	"s8335_10C"	8335	Lund	10C	whole rosette	9-leaf stage	"https://ftp.ncbi.nlm.nih.gov/geo/samples/GSM1321nnn/GSM1321980/suppl/GSM1321980_s8335_10C_expression_table.txt.gz"	445.333333333	0.140179150738	132.333333333	0.0789296738594	913.333333333	0.164208119528	36.6666666667	0.0388109866141
GSM1321981	"s8351_10C"	8351	Ost-0	10C	whole rosette	9-leaf stage	"https://ftp.ncbi.nlm.nih.gov/geo/samples/GSM1321nnn/GSM1321981/suppl/GSM1321981_s8351_10C_expression_table.txt.gz"	425.0	0.160347932628	81.6666666667	0.0583837652297	392.333333333	0.0845467156635	52.3333333333	0.0663953804987
GSM1321982	"s8351_16C"	8351	Ost-0	16C	whole rosette	9-leaf stage	"https://ftp.ncbi.nlm.nih.gov/geo/samples/GSM1321nnn/GSM1321982/suppl/GSM1321982_s8351_16C_expression_table.txt.gz"	496.5	0.134405073251	42.5	0.0218000843627	627.0	0.096946257519	22.0	0.0200264569523
GSM1321983	"s8369_16C"	8369	Rev-1	16C	whole rosette	9-leaf stage	"https://ftp.ncbi.nlm.nih.gov/geo/samples/GSM1321nnn/GSM1321983/suppl/GSM1321983_s8369_16C_expression_table.txt.gz"	340.0	0.143013668012	132.0	0.105207183646	307.0	0.0737571458205	55.0	0.0777940442453
GSM1321984	"s8369_10C"	8369	Rev-1	10C	whole rosette	9-leaf stage	"https://ftp.ncbi.nlm.nih.gov/geo/samples/GSM1321nnn/GSM1321984/suppl/GSM1321984_s8369_10C_expression_table.txt.gz"	829.0	0.217396422291	160.0	0.0795043112902	364.0	0.0545213177783	93.0	0.0820098168749
GSM1321985	"s8376_10C"	8376	Sanna-2	10C	whole rosette	9-leaf stage	"https://ftp.ncbi.nlm.nih.gov/geo/samples/GSM1321nnn/GSM1321985/suppl/GSM1321985_s8376_10C_expression_table.txt.gz"	343.0	0.134713075916	51.6666666667	0.0384502272634	373.333333333	0.0837489747092	20.3333333333	0.0268540160605
GSM1321986	"s8376_16C"	8376	Sanna-2	16C	whole rosette	9-leaf stage	"https://ftp.ncbi.nlm.nih.gov/geo/samples/GSM1321nnn/GSM1321986/suppl/GSM1321986_s8376_16C_expression_table.txt.gz"	156.333333333	0.112075344206	21.6666666667	0.0294322477391	323.0	0.132259876903	7.66666666667	0.0184820485261
GSM1321987	"s8387_10C"	8387	St-0	10C	whole rosette	9-leaf stage	"https://ftp.ncbi.nlm.nih.gov/geo/samples/GSM1321nnn/GSM1321987/suppl/GSM1321987_s8387_10C_expression_table.txt.gz"	636.0	0.169418598763	141.0	0.0711698282182	332.0	0.0505136966647	61.0	0.0546410248412
GSM1321988	"s8387_16C"	8387	St-0	16C	whole rosette	9-leaf stage	"https://ftp.ncbi.nlm.nih.gov/geo/samples/GSM1321nnn/GSM1321988/suppl/GSM1321988_s8387_16C_expression_table.txt.gz"	251.0	0.188568281574	69.0	0.0982238262372	170.0	0.0729475888635	14.0	0.0353677953628
GSM1321989	"s8422_10C"	8422	Fjä1-1	10C	whole rosette	9-leaf stage	"https://ftp.ncbi.nlm.nih.gov/geo/samples/GSM1321nnn/GSM1321989/suppl/GSM1321989_s8422_10C_expression_table.txt.gz"	206.5	0.163829438631	41.0	0.0616351672778	80.0	0.0362517496884	29.5	0.0787007615155
GSM1321990	"s8422_16C"	8422	Fjä1-1	16C	whole rosette	9-leaf stage	"https://ftp.ncbi.nlm.nih.gov/geo/samples/GSM1321nnn/GSM1321990/suppl/GSM1321990_s8422_16C_expression_table.txt.gz"	49.0	0.0394898766241	27.5	0.0419947718189	169.0	0.077793533807	10.5	0.0284553562696
GSM1321991	"s8426_10C"	8426	Ull1-1	10C	whole rosette	9-leaf stage	"https://ftp.ncbi.nlm.nih.gov/geo/samples/GSM1321nnn/GSM1321991/suppl/GSM1321991_s8426_10C_expression_table.txt.gz"	572.0	0.172153114961	103.0	0.0587393202392	623.0	0.107096185259	84.0	0.0850125756067
GSM1321992	"s8426_16C"	8426	Ull1-1	16C	whole rosette	9-leaf stage	"https://ftp.ncbi.nlm.nih.gov/geo/samples/GSM1321nnn/GSM1321992/suppl/GSM1321992_s8426_16C_expression_table.txt.gz"	865.0	0.206763833988	309.0	0.139955439927	248.0	0.0338592433289	24.0	0.0192910000611
GSM1321993	"s9057_10C"	9057	Vinslöv	10C	whole rosette	9-leaf stage	"https://ftp.ncbi.nlm.nih.gov/geo/samples/GSM1321nnn/GSM1321993/suppl/GSM1321993_s9057_10C_expression_table.txt.gz"	162.0	0.131408589026	30.5	0.0468793317271	284.5	0.131812958226	31.5	0.0859219892057
GSM1321994	"s9057_16C"	9057	Vinslöv	16C	whole rosette	9-leaf stage	"https://ftp.ncbi.nlm.nih.gov/geo/samples/GSM1321nnn/GSM1321994/suppl/GSM1321994_s9057_16C_expression_table.txt.gz"	1206.0	0.177971702592	615.0	0.171969567218	976.0	0.0822660345363	98.0	0.0486311740757
GSM1321995	"s9058_10C"	9058	Västervik	10C	whole rosette	9-leaf stage	"https://ftp.ncbi.nlm.nih.gov/geo/samples/GSM1321nnn/GSM1321995/suppl/GSM1321995_s9058_10C_expression_table.txt.gz"	334.0	0.165273183633	27.5	0.025784662729	195.0	0.0551134548284	14.0	0.0232953367754
GSM1321996	"s9058_16C"	9058	Västervik	16C	whole rosette	9-leaf stage	"https://ftp.ncbi.nlm.nih.gov/geo/samples/GSM1321nnn/GSM1321996/suppl/GSM1321996_s9058_16C_expression_table.txt.gz"	289.5	0.118366068776	90.0	0.0697258793988	250.5	0.058499679199	22.0	0.0302472828941
GSM1321997	"s9323_10C"	9323	Ådal 3	10C	whole rosette	9-leaf stage	"https://ftp.ncbi.nlm.nih.gov/geo/samples/GSM1321nnn/GSM1321997/suppl/GSM1321997_s9323_10C_expression_table.txt.gz"	335.0	0.194864614159	145.5	0.160370322785	268.5	0.0892071291887	29.5	0.0577025787513
GSM1321998	"s9323_16C"	9323	Ådal 3	16C	whole rosette	9-leaf stage	"https://ftp.ncbi.nlm.nih.gov/geo/samples/GSM1321nnn/GSM1321998/suppl/GSM1321998_s9323_16C_expression_table.txt.gz"	239.5	0.144470090013	107.5	0.122872225669	204.5	0.0704584096763	17.5	0.0354973151129
GSM1321999	"s9332_10C"	9332	Bar 1	10C	whole rosette	9-leaf stage	"https://ftp.ncbi.nlm.nih.gov/geo/samples/GSM1321nnn/GSM1321999/suppl/GSM1321999_s9332_10C_expression_table.txt.gz"	470.0	0.116390793123	108.5	0.0509123733806	557.5	0.0788556361899	39.0	0.0324765889261
GSM1322000	"s9332_16C"	9332	Bar 1	16C	whole rosette	9-leaf stage	"https://ftp.ncbi.nlm.nih.gov/geo/samples/GSM1322nnn/GSM1322000/suppl/GSM1322000_s9332_16C_expression_table.txt.gz"	301.0	0.162400797864	52.0	0.0531615753172	336.0	0.103544739263	25.0	0.0453572487132
GSM1322001	"s9336_10C"	9336	Bön 1	10C	whole rosette	9-leaf stage	"https://ftp.ncbi.nlm.nih.gov/geo/samples/GSM1322nnn/GSM1322001/suppl/GSM1322001_s9336_10C_expression_table.txt.gz"	974.0	0.160831706394	246.0	0.0769698526434	1047.0	0.0987475872371	214.0	0.118826010917
GSM1322002	"s9336_16C"	9336	Bön 1	16C	whole rosette	9-leaf stage	"https://ftp.ncbi.nlm.nih.gov/geo/samples/GSM1322nnn/GSM1322002/suppl/GSM1322002_s9336_16C_expression_table.txt.gz"	497.0	0.0984493368753	241.0	0.0904578547816	743.0	0.0840644389302	82.0	0.0546204520837
GSM1322003	"s9339_10C"	9339	Böt 1	10C	whole rosette	9-leaf stage	"https://ftp.ncbi.nlm.nih.gov/geo/samples/GSM1322nnn/GSM1322003/suppl/GSM1322003_s9339_10C_expression_table.txt.gz"	839.0	0.138180972063	232.0	0.0724014231094	957.0	0.0900254537347	184.0	0.101903508582
GSM1322004	"s9339_16C"	9339	Böt 1	16C	whole rosette	9-leaf stage	"https://ftp.ncbi.nlm.nih.gov/geo/samples/GSM1322nnn/GSM1322004/suppl/GSM1322004_s9339_16C_expression_table.txt.gz"	200.5	0.152308866535	158.0	0.227426323789	137.5	0.0596596369032	17.5	0.0447027138486
GSM1322005	"s9352_10C"	9352	Död 2	10C	whole rosette	9-leaf stage	"https://ftp.ncbi.nlm.nih.gov/geo/samples/GSM1322nnn/GSM1322005/suppl/GSM1322005_s9352_10C_expression_table.txt.gz"	921.0	0.151445678993	474.0	0.147689096371	1045.0	0.0981478172082	108.0	0.0597181084985
GSM1322006	"s9352_16C"	9352	Död 2	16C	whole rosette	9-leaf stage	"https://ftp.ncbi.nlm.nih.gov/geo/samples/GSM1322nnn/GSM1322006/suppl/GSM1322006_s9352_16C_expression_table.txt.gz"	468.0	0.212562745298	111.0	0.0955294134754	151.0	0.0391728656576	40.0	0.0610922781267
GSM1322007	"s9353_10C"	9353	Död 3	10C	whole rosette	9-leaf stage	"https://ftp.ncbi.nlm.nih.gov/geo/samples/GSM1322nnn/GSM1322007/suppl/GSM1322007_s9353_10C_expression_table.txt.gz"	396.0	0.0993376254931	121.0	0.0575144265765	509.0	0.0729295392079	27.0	0.022775471914
GSM1322008	"s9353_16C"	9353	Död 3	16C	whole rosette	9-leaf stage	"https://ftp.ncbi.nlm.nih.gov/geo/samples/GSM1322nnn/GSM1322008/suppl/GSM1322008_s9353_16C_expression_table.txt.gz"	1716.0	0.229164202723	530.0	0.134115261137	530.0	0.0404270882854	87.0	0.039069133473
GSM1322009	"s9363_10C"	9363	EdJ 2	10C	whole rosette	9-leaf stage	"https://ftp.ncbi.nlm.nih.gov/geo/samples/GSM1322nnn/GSM1322009/suppl/GSM1322009_s9363_10C_expression_table.txt.gz"	389.0	0.0630783808661	341.0	0.10477511589	1556.0	0.144114482601	126.0	0.0687047102503
GSM1322010	"s9363_16C"	9363	EdJ 2	16C	whole rosette	9-leaf stage	"https://ftp.ncbi.nlm.nih.gov/geo/samples/GSM1322nnn/GSM1322010/suppl/GSM1322010_s9363_16C_expression_table.txt.gz"	539.0	0.11755573676	253.0	0.104555869693	727.0	0.0905642034872	128.0	0.0938750245729
GSM1322011	"s9369_10C"	9369	EkS 2	10C	whole rosette	9-leaf stage	"https://ftp.ncbi.nlm.nih.gov/geo/samples/GSM1322nnn/GSM1322011/suppl/GSM1322011_s9369_10C_expression_table.txt.gz"	638.0	0.244529112415	142.0	0.103126688482	340.0	0.0744313520883	110.0	0.141771067482
GSM1322012	"s9369_16C"	9369	EkS 2	16C	whole rosette	9-leaf stage	"https://ftp.ncbi.nlm.nih.gov/geo/samples/GSM1322nnn/GSM1322012/suppl/GSM1322012_s9369_16C_expression_table.txt.gz"	261.0	0.22308782864	101.0	0.163579764272	154.0	0.075183612344	18.0	0.0517360068846
GSM1322013	"s9371_10C"	9371	FäL 1	10C	whole rosette	9-leaf stage	"https://ftp.ncbi.nlm.nih.gov/geo/samples/GSM1322nnn/GSM1322013/suppl/GSM1322013_s9371_10C_expression_table.txt.gz"	210.5	0.126584706537	38.5	0.0438695019191	401.5	0.137905563449	21.0	0.0424652284902
GSM1322014	"s9371_16C"	9371	FäL 1	16C	whole rosette	9-leaf stage	"https://ftp.ncbi.nlm.nih.gov/geo/samples/GSM1322nnn/GSM1322014/suppl/GSM1322014_s9371_16C_expression_table.txt.gz"	113.0	0.131756966556	48.0	0.106049644384	161.0	0.107223040569	8.0	0.0313667962262
GSM1322015	"s9380_16C"	9380	FlyA 3	16C	whole rosette	9-leaf stage	"https://ftp.ncbi.nlm.nih.gov/geo/samples/GSM1322nnn/GSM1322015/suppl/GSM1322015_s9380_16C_expression_table.txt.gz"	112.333333333	0.114481417235	62.0	0.119726662331	160.333333333	0.0933291415497	14.0	0.0479776993074
GSM1322016	"s9380_10C"	9380	FlyA 3	10C	whole rosette	9-leaf stage	"https://ftp.ncbi.nlm.nih.gov/geo/samples/GSM1322nnn/GSM1322016/suppl/GSM1322016_s9380_10C_expression_table.txt.gz"	518.0	0.138940273246	215.0	0.109272199256	549.0	0.0841081018287	48.0	0.0432936954537
GSM1322017	"s9381_10C"	9381	Fri 1	10C	whole rosette	9-leaf stage	"https://ftp.ncbi.nlm.nih.gov/geo/samples/GSM1322nnn/GSM1322017/suppl/GSM1322017_s9381_10C_expression_table.txt.gz"	1051.0	0.149583263589	778.0	0.209813157942	1153.0	0.0937295849973	199.0	0.0952397827986
GSM1322018	"s9381_16C"	9381	Fri 1	16C	whole rosette	9-leaf stage	"https://ftp.ncbi.nlm.nih.gov/geo/samples/GSM1322nnn/GSM1322018/suppl/GSM1322018_s9381_16C_expression_table.txt.gz"	642.0	0.113446484651	542.0	0.181479735079	1096.0	0.110620003423	111.0	0.0659574755683
GSM1322019	"s9382_10C"	9382	Fri 2	10C	whole rosette	9-leaf stage	"https://ftp.ncbi.nlm.nih.gov/geo/samples/GSM1322nnn/GSM1322019/suppl/GSM1322019_s9382_10C_expression_table.txt.gz"	213.0	0.236855007189	52.0	0.109566842323	141.666666667	0.089978291105	14.0	0.052349921413
GSM1322020	"s9382_16C"	9382	Fri 2	16C	whole rosette	9-leaf stage	"https://ftp.ncbi.nlm.nih.gov/geo/samples/GSM1322nnn/GSM1322020/suppl/GSM1322020_s9382_16C_expression_table.txt.gz"	298.0	0.209567827608	81.5	0.108602242079	238.5	0.0957996294572	34.5	0.0815854050493
GSM1322021	"s9383_10C"	9383	Fri 3	10C	whole rosette	9-leaf stage	"https://ftp.ncbi.nlm.nih.gov/geo/samples/GSM1322nnn/GSM1322021/suppl/GSM1322021_s9383_10C_expression_table.txt.gz"	256.5	0.154764515201	95.5	0.109184308747	211.0	0.0727166019278	45.5	0.0923167380058
GSM1322022	"s9383_16C"	9383	Fri 3	16C	whole rosette	9-leaf stage	"https://ftp.ncbi.nlm.nih.gov/geo/samples/GSM1322nnn/GSM1322022/suppl/GSM1322022_s9383_16C_expression_table.txt.gz"	1316.0	0.194315246482	404.0	0.113032982942	846.0	0.0713490919137	252.0	0.12512283065
GSM1322023	"s9390_16C"	9390	Had-1	16C	whole rosette	9-leaf stage	"https://ftp.ncbi.nlm.nih.gov/geo/samples/GSM1322nnn/GSM1322023/suppl/GSM1322023_s9390_16C_expression_table.txt.gz"	742.0	0.195420886721	341.0	0.170174423654	285.0	0.0428725220883	72.0	0.0637653286271
GSM1322024	"s9390_10C"	9390	Had-1	10C	whole rosette	9-leaf stage	"https://ftp.ncbi.nlm.nih.gov/geo/samples/GSM1322nnn/GSM1322024/suppl/GSM1322024_s9390_10C_expression_table.txt.gz"	490.0	0.190935595249	112.0	0.0826954618881	251.0	0.0558639498819	62.0	0.0812395558689
GSM1322025	"s9391_10C"	9391	Had-2	10C	whole rosette	9-leaf stage	"https://ftp.ncbi.nlm.nih.gov/geo/samples/GSM1322nnn/GSM1322025/suppl/GSM1322025_s9391_10C_expression_table.txt.gz"	618.0	0.19611088381	151.0	0.0907952239682	290.0	0.0525627789822	91.0	0.097104564688
GSM1322026	"s9391_16C"	9391	Had-2	16C	whole rosette	9-leaf stage	"https://ftp.ncbi.nlm.nih.gov/geo/samples/GSM1322nnn/GSM1322026/suppl/GSM1322026_s9391_16C_expression_table.txt.gz"	426.0	0.119611957415	458.0	0.243670700377	570.0	0.0914127875569	15.0	0.0141625445511
GSM1322027	"s9392_10C"	9392	Had-3	10C	whole rosette	9-leaf stage	"https://ftp.ncbi.nlm.nih.gov/geo/samples/GSM1322nnn/GSM1322027/suppl/GSM1322027_s9392_10C_expression_table.txt.gz"	69.0	0.163455439462	16.0	0.0718196202836	58.5	0.0791540701421	7.0	0.0557613601145
GSM1322028	"s9392_16C"	9392	Had-3	16C	whole rosette	9-leaf stage	"https://ftp.ncbi.nlm.nih.gov/geo/samples/GSM1322nnn/GSM1322028/suppl/GSM1322028_s9392_16C_expression_table.txt.gz"	481.0	0.185537089913	171.0	0.124984054666	236.0	0.0519953810899	35.0	0.0453982111092
GSM1322029	"s9394_10C"	9394	Hag-2	10C	whole rosette	9-leaf stage	"https://ftp.ncbi.nlm.nih.gov/geo/samples/GSM1322nnn/GSM1322029/suppl/GSM1322029_s9394_10C_expression_table.txt.gz"	303.0	0.132647966245	110.0	0.091248028014	295.0	0.0737644454389	50.0	0.0736059636989
GSM1322030	"s9394_16C"	9394	Hag-2	16C	whole rosette	9-leaf stage	"https://ftp.ncbi.nlm.nih.gov/geo/samples/GSM1322nnn/GSM1322030/suppl/GSM1322030_s9394_16C_expression_table.txt.gz"	1369.0	0.15005677772	171.0	0.0355157600924	1283.0	0.080324110146	110.0	0.040544307296
GSM1322031	"s9395_10C"	9395	Hal-1	10C	whole rosette	9-leaf stage	"https://ftp.ncbi.nlm.nih.gov/geo/samples/GSM1322nnn/GSM1322031/suppl/GSM1322031_s9395_10C_expression_table.txt.gz"	153.0	0.0963465771517	88.0	0.105002675898	373.0	0.13415930192	27.0	0.0571733520173
GSM1322032	"s9395_16C"	9395	Hal-1	16C	whole rosette	9-leaf stage	"https://ftp.ncbi.nlm.nih.gov/geo/samples/GSM1322nnn/GSM1322032/suppl/GSM1322032_s9395_16C_expression_table.txt.gz"	1228.0	0.228683966622	187.0	0.065985998299	1030.0	0.109557388881	99.0	0.0619951301335
GSM1322033	"s9399_16C"	9399	Ham-1	16C	whole rosette	9-leaf stage	"https://ftp.ncbi.nlm.nih.gov/geo/samples/GSM1322nnn/GSM1322033/suppl/GSM1322033_s9399_16C_expression_table.txt.gz"	529.0	0.251636055937	153.0	0.137905460712	140.0	0.038037532085	7.0	0.0111969636701
GSM1322034	"s9399_10C"	9399	Ham-1	10C	whole rosette	9-leaf stage	"https://ftp.ncbi.nlm.nih.gov/geo/samples/GSM1322nnn/GSM1322034/suppl/GSM1322034_s9399_10C_expression_table.txt.gz"	290.0	0.195731895265	32.0	0.0409247859831	343.0	0.132228424089	25.0	0.0567399101438
GSM1322035	"s9402_10C"	9402	Hel-3	10C	whole rosette	9-leaf stage	"https://ftp.ncbi.nlm.nih.gov/geo/samples/GSM1322nnn/GSM1322035/suppl/GSM1322035_s9402_10C_expression_table.txt.gz"	60.0	0.0710909027584	26.0	0.058372589798	124.0	0.0839173116493	8.0	0.0318740902039
GSM1322036	"s9402_16C"	9402	Hel-3	16C	whole rosette	9-leaf stage	"https://ftp.ncbi.nlm.nih.gov/geo/samples/GSM1322nnn/GSM1322036/suppl/GSM1322036_s9402_16C_expression_table.txt.gz"	471.0	0.242895974129	112.0	0.109443574094	214.0	0.0630347857972	36.0	0.0624290809975
GSM1322037	"s9412_16C"	9412	Kor 3	16C	whole rosette	9-leaf stage	"https://ftp.ncbi.nlm.nih.gov/geo/samples/GSM1322nnn/GSM1322037/suppl/GSM1322037_s9412_16C_expression_table.txt.gz"	310.5	0.221781793896	131.0	0.177299870443	179.0	0.0730271609259	36.0	0.0864672844136
GSM1322038	"s9412_10C"	9412	Kor 3	10C	whole rosette	9-leaf stage	"https://ftp.ncbi.nlm.nih.gov/geo/samples/GSM1322nnn/GSM1322038/suppl/GSM1322038_s9412_10C_expression_table.txt.gz"	173.5	0.112828718811	54.5	0.0671567259309	228.5	0.08487376745	30.5	0.0666968077924
GSM1322039	"s9413_10C"	9413	Kor 4	10C	whole rosette	9-leaf stage	"https://ftp.ncbi.nlm.nih.gov/geo/samples/GSM1322nnn/GSM1322039/suppl/GSM1322039_s9413_10C_expression_table.txt.gz"	556.0	0.177913383615	157.0	0.0951932852728	315.0	0.057572021645	73.0	0.0785491915259
GSM1322040	"s9413_16C"	9413	Kor 4	16C	whole rosette	9-leaf stage	"https://ftp.ncbi.nlm.nih.gov/geo/samples/GSM1322nnn/GSM1322040/suppl/GSM1322040_s9413_16C_expression_table.txt.gz"	143.0	0.112408317065	124.0	0.184695761278	199.0	0.0893475366236	18.0	0.0475795077894
GSM1322041	"s9416_10C"	9416	Kru-3	10C	whole rosette	9-leaf stage	"https://ftp.ncbi.nlm.nih.gov/geo/samples/GSM1322nnn/GSM1322041/suppl/GSM1322041_s9416_10C_expression_table.txt.gz"	431.0	0.161789500891	103.0	0.073262734574	609.0	0.130574224806	91.0	0.114868113582
GSM1322042	"s9416_16C"	9416	Kru-3	16C	whole rosette	9-leaf stage	"https://ftp.ncbi.nlm.nih.gov/geo/samples/GSM1322nnn/GSM1322042/suppl/GSM1322042_s9416_16C_expression_table.txt.gz"	55.3333333333	0.124532428089	27.0	0.115141589869	54.6666666667	0.0702724854702	5.0	0.0378399591119
GSM1322043	"s9421_16C"	9421	Lan 1	16C	whole rosette	9-leaf stage	"https://ftp.ncbi.nlm.nih.gov/geo/samples/GSM1322nnn/GSM1322043/suppl/GSM1322043_s9421_16C_expression_table.txt.gz"	1424.0	0.186627227214	273.0	0.0677954420019	552.0	0.0413210349485	116.0	0.051122023438
GSM1322044	"s9427_10C"	9427	Näs 2	10C	whole rosette	9-leaf stage	"https://ftp.ncbi.nlm.nih.gov/geo/samples/GSM1322nnn/GSM1322044/suppl/GSM1322044_s9427_10C_expression_table.txt.gz"	294.0	0.105948923492	29.5	0.0201439237602	354.5	0.072968019025	12.0	0.0145417105397
GSM1322045	"s9427_16C"	9427	Näs 2	16C	whole rosette	9-leaf stage	"https://ftp.ncbi.nlm.nih.gov/geo/samples/GSM1322nnn/GSM1322045/suppl/GSM1322045_s9427_16C_expression_table.txt.gz"	1804.0	0.184551367577	563.0	0.109134475249	1078.0	0.0629892727109	205.0	0.0705211891949
GSM1322046	"s9434_10C"	9434	Öde 2	10C	whole rosette	9-leaf stage	"https://ftp.ncbi.nlm.nih.gov/geo/samples/GSM1322nnn/GSM1322046/suppl/GSM1322046_s9434_10C_expression_table.txt.gz"	467.0	0.13719650105	134.0	0.0745939815073	671.0	0.112594136266	139.0	0.13731753123
GSM1322047	"s9434_16C"	9434	Öde 2	16C	whole rosette	9-leaf stage	"https://ftp.ncbi.nlm.nih.gov/geo/samples/GSM1322nnn/GSM1322047/suppl/GSM1322047_s9434_16C_expression_table.txt.gz"	169.666666667	0.118073692383	144.333333333	0.190325111897	268.666666667	0.10679170063	14.3333333333	0.0335419918764
GSM1322048	"s9436_10C"	9436	Puk-1	10C	whole rosette	9-leaf stage	"https://ftp.ncbi.nlm.nih.gov/geo/samples/GSM1322nnn/GSM1322048/suppl/GSM1322048_s9436_10C_expression_table.txt.gz"	738.0	0.204161314112	226.0	0.118467265735	375.0	0.0592536976118	25.0	0.0232563808467
GSM1322049	"s9436_16C"	9436	Puk-1	16C	whole rosette	9-leaf stage	"https://ftp.ncbi.nlm.nih.gov/geo/samples/GSM1322nnn/GSM1322049/suppl/GSM1322049_s9436_16C_expression_table.txt.gz"	617.0	0.205351729329	158.0	0.0996421575162	327.0	0.0621624397974	41.0	0.0458861994766
GSM1322050	"s9437_16C"	9437	Puk-2	16C	whole rosette	9-leaf stage	"https://ftp.ncbi.nlm.nih.gov/geo/samples/GSM1322nnn/GSM1322050/suppl/GSM1322050_s9437_16C_expression_table.txt.gz"	204.0	0.228607380764	36.0	0.076442594058	94.0	0.0601665393423	16.0	0.0602927502429
GSM1322051	"s9437_10C"	9437	Puk-2	10C	whole rosette	9-leaf stage	"https://ftp.ncbi.nlm.nih.gov/geo/samples/GSM1322nnn/GSM1322051/suppl/GSM1322051_s9437_10C_expression_table.txt.gz"	771.0	0.132120845426	215.0	0.0698117076029	818.0	0.0800640155693	124.0	0.0714535289608
GSM1322052	"s9452_10C"	9452	Spro 3	10C	whole rosette	9-leaf stage	"https://ftp.ncbi.nlm.nih.gov/geo/samples/GSM1322nnn/GSM1322052/suppl/GSM1322052_s9452_10C_expression_table.txt.gz"	254.5	0.205051531081	32.0	0.0488537654742	131.0	0.0602856050327	19.5	0.052831734934
GSM1322053	"s9452_16C"	9452	Spro 3	16C	whole rosette	9-leaf stage	"https://ftp.ncbi.nlm.nih.gov/geo/samples/GSM1322nnn/GSM1322053/suppl/GSM1322053_s9452_16C_expression_table.txt.gz"	266.0	0.261756733575	45.0	0.0839076532506	73.0	0.0410304409675	13.0	0.0430174447651
GSM1322054	"s9454_10C"	9454	Ste 3	10C	whole rosette	9-leaf stage	"https://ftp.ncbi.nlm.nih.gov/geo/samples/GSM1322nnn/GSM1322054/suppl/GSM1322054_s9454_10C_expression_table.txt.gz"	210.5	0.11066442085	32.5	0.03237517402	373.0	0.112003564858	21.0	0.0371244682371
GSM1322055	"s9454_16C"	9454	Ste 3	16C	whole rosette	9-leaf stage	"https://ftp.ncbi.nlm.nih.gov/geo/samples/GSM1322nnn/GSM1322055/suppl/GSM1322055_s9454_16C_expression_table.txt.gz"	377.0	0.2360378878	57.0	0.0676220076123	416.0	0.148765010955	23.5	0.0494758498987
GSM1322056	"s9470_10C"	9470	Tur-4	10C	whole rosette	9-leaf stage	"https://ftp.ncbi.nlm.nih.gov/geo/samples/GSM1322nnn/GSM1322056/suppl/GSM1322056_s9470_10C_expression_table.txt.gz"	606.5	0.145812866252	139.5	0.0635494921887	660.0	0.0906308547343	87.5	0.0707388713595
GSM1322057	"s9470_16C"	9470	Tur-4	16C	whole rosette	9-leaf stage	"https://ftp.ncbi.nlm.nih.gov/geo/samples/GSM1322nnn/GSM1322057/suppl/GSM1322057_s9470_16C_expression_table.txt.gz"	433.0	0.107788520426	71.0	0.0334900501646	800.0	0.113747457935	25.0	0.0209271291447
GSM1322058	"s9481_16C"	9481	Yst-1	16C	whole rosette	9-leaf stage	"https://ftp.ncbi.nlm.nih.gov/geo/samples/GSM1322nnn/GSM1322058/suppl/GSM1322058_s9481_16C_expression_table.txt.gz"	190.0	0.0792253350079	51.3333333333	0.0405585840282	545.0	0.129799818176	60.0	0.0841292011852
GSM1322059	"s9481_10C"	9481	Yst-1	10C	whole rosette	9-leaf stage	"https://ftp.ncbi.nlm.nih.gov/geo/samples/GSM1322nnn/GSM1322059/suppl/GSM1322059_s9481_10C_expression_table.txt.gz"	172.0	0.124291407101	42.0	0.057508863266	364.0	0.150238465757	60.0	0.145797118139
