GSM	sample_title	accession_number	accession_name	growth_temperature	tissue	developmental_stage	target_gene	raw_counts	RPKM	processed_file
GSM1321737	s991_10C	991	Ale-Stenar-41-1	10C	whole rosette	9-leaf stage	AT1G11560	0.0	0.0	https://ftp.ncbi.nlm.nih.gov/geo/samples/GSM1321nnn/GSM1321737/suppl/GSM1321737_s991_10C_expression_table.txt.gz
GSM1321738	s991_16C	991	Ale-Stenar-41-1	16C	whole rosette	9-leaf stage	AT1G11560	1.0	0.000377719066033	https://ftp.ncbi.nlm.nih.gov/geo/samples/GSM1321nnn/GSM1321738/suppl/GSM1321738_s991_16C_expression_table.txt.gz
GSM1321739	s992_10C	992	Ale-Stenar-44-4	10C	whole rosette	9-leaf stage	AT1G11560	0.0	0.0	https://ftp.ncbi.nlm.nih.gov/geo/samples/GSM1321nnn/GSM1321739/suppl/GSM1321739_s992_10C_expression_table.txt.gz
GSM1321740	s992_16C	992	Ale-Stenar-44-4	16C	whole rosette	9-leaf stage	AT1G11560	1.0	0.000229351510252	https://ftp.ncbi.nlm.nih.gov/geo/samples/GSM1321nnn/GSM1321740/suppl/GSM1321740_s992_16C_expression_table.txt.gz
GSM1321741	s1061_10C	1061	Brösarp-11-135	10C	whole rosette	9-leaf stage	AT1G11560	2.0	0.000759072959983	https://ftp.ncbi.nlm.nih.gov/geo/samples/GSM1321nnn/GSM1321741/suppl/GSM1321741_s1061_10C_expression_table.txt.gz
GSM1321742	s1061_16C	1061	Brösarp-11-135	16C	whole rosette	9-leaf stage	AT1G11560	8.0	0.0014875268584	https://ftp.ncbi.nlm.nih.gov/geo/samples/GSM1321nnn/GSM1321742/suppl/GSM1321742_s1061_16C_expression_table.txt.gz
GSM1321743	s1062_10C	1062	Brösarp-15-138	10C	whole rosette	9-leaf stage	AT1G11560	0.0	0.0	https://ftp.ncbi.nlm.nih.gov/geo/samples/GSM1321nnn/GSM1321743/suppl/GSM1321743_s1062_10C_expression_table.txt.gz
GSM1321744	s1062_16C	1062	Brösarp-15-138	16C	whole rosette	9-leaf stage	AT1G11560	0.0	0.0	https://ftp.ncbi.nlm.nih.gov/geo/samples/GSM1321nnn/GSM1321744/suppl/GSM1321744_s1062_16C_expression_table.txt.gz
GSM1321745	s1063_10C	1063	Brösarp-21-140	10C	whole rosette	9-leaf stage	AT1G11560	0.0	0.0	https://ftp.ncbi.nlm.nih.gov/geo/samples/GSM1321nnn/GSM1321745/suppl/GSM1321745_s1063_10C_expression_table.txt.gz
GSM1321746	s1063_16C	1063	Brösarp-21-140	16C	whole rosette	9-leaf stage	AT1G11560	0.0	0.0	https://ftp.ncbi.nlm.nih.gov/geo/samples/GSM1321nnn/GSM1321746/suppl/GSM1321746_s1063_16C_expression_table.txt.gz
GSM1321747	s1070_10C	1070	Brösarp-45-153	10C	whole rosette	9-leaf stage	AT1G11560	3.0	0.00109002364924	https://ftp.ncbi.nlm.nih.gov/geo/samples/GSM1321nnn/GSM1321747/suppl/GSM1321747_s1070_10C_expression_table.txt.gz
GSM1321748	s1074_10C	1074	Brösarp-61-162	10C	whole rosette	9-leaf stage	AT1G11560	0.0	0.0	https://ftp.ncbi.nlm.nih.gov/geo/samples/GSM1321nnn/GSM1321748/suppl/GSM1321748_s1074_10C_expression_table.txt.gz
GSM1321749	s1074_16C	1074	Brösarp-61-162	16C	whole rosette	9-leaf stage	AT1G11560	0.0	0.0	https://ftp.ncbi.nlm.nih.gov/geo/samples/GSM1321nnn/GSM1321749/suppl/GSM1321749_s1074_16C_expression_table.txt.gz
GSM1321750	s1137_10C	1137	Gårdby-22-213	10C	whole rosette	9-leaf stage	AT1G11560	0.0	0.0	https://ftp.ncbi.nlm.nih.gov/geo/samples/GSM1321nnn/GSM1321750/suppl/GSM1321750_s1137_10C_expression_table.txt.gz
GSM1321751	s1137_16C	1137	Gårdby-22-213	16C	whole rosette	9-leaf stage	AT1G11560	2.0	0.000778251419776	https://ftp.ncbi.nlm.nih.gov/geo/samples/GSM1321nnn/GSM1321751/suppl/GSM1321751_s1137_16C_expression_table.txt.gz
GSM1321752	s1158_10C	1158	Aledal-6-49	10C	whole rosette	9-leaf stage	AT1G11560	0.0	0.0	https://ftp.ncbi.nlm.nih.gov/geo/samples/GSM1321nnn/GSM1321752/suppl/GSM1321752_s1158_10C_expression_table.txt.gz
GSM1321753	s1158_16C	1158	Aledal-6-49	16C	whole rosette	9-leaf stage	AT1G11560	0.0	0.0	https://ftp.ncbi.nlm.nih.gov/geo/samples/GSM1321nnn/GSM1321753/suppl/GSM1321753_s1158_16C_expression_table.txt.gz
GSM1321754	s1254_10C	1254	Tos-82-387	10C	whole rosette	9-leaf stage	AT1G11560	0.0	0.0	https://ftp.ncbi.nlm.nih.gov/geo/samples/GSM1321nnn/GSM1321754/suppl/GSM1321754_s1254_10C_expression_table.txt.gz
GSM1321755	s1254_16C	1254	Tos-82-387	16C	whole rosette	9-leaf stage	AT1G11560	0.5	0.000286175103508	https://ftp.ncbi.nlm.nih.gov/geo/samples/GSM1321nnn/GSM1321755/suppl/GSM1321755_s1254_16C_expression_table.txt.gz
GSM1321756	s1257_10C	1257	Tos-95-393	10C	whole rosette	9-leaf stage	AT1G11560	1.0	0.000413716108541	https://ftp.ncbi.nlm.nih.gov/geo/samples/GSM1321nnn/GSM1321756/suppl/GSM1321756_s1257_10C_expression_table.txt.gz
GSM1321757	s1257_16C	1257	Tos-95-393	16C	whole rosette	9-leaf stage	AT1G11560	0.0	0.0	https://ftp.ncbi.nlm.nih.gov/geo/samples/GSM1321nnn/GSM1321757/suppl/GSM1321757_s1257_16C_expression_table.txt.gz
GSM1321758	s1317_10C	1317	Ängsö-74-430	10C	whole rosette	9-leaf stage	AT1G11560	1.0	0.000892826850518	https://ftp.ncbi.nlm.nih.gov/geo/samples/GSM1321nnn/GSM1321758/suppl/GSM1321758_s1317_10C_expression_table.txt.gz
GSM1321759	s1317_16C	1317	Ängsö-74-430	16C	whole rosette	9-leaf stage	AT1G11560	0.0	0.0	https://ftp.ncbi.nlm.nih.gov/geo/samples/GSM1321nnn/GSM1321759/suppl/GSM1321759_s1317_16C_expression_table.txt.gz
GSM1321760	s1552_10C	1552	Sku-30	10C	whole rosette	9-leaf stage	AT1G11560	0.0	0.0	https://ftp.ncbi.nlm.nih.gov/geo/samples/GSM1321nnn/GSM1321760/suppl/GSM1321760_s1552_10C_expression_table.txt.gz
GSM1321761	s1552_16C	1552	Sku-30	16C	whole rosette	9-leaf stage	AT1G11560	1.0	0.000258349401581	https://ftp.ncbi.nlm.nih.gov/geo/samples/GSM1321nnn/GSM1321761/suppl/GSM1321761_s1552_16C_expression_table.txt.gz
GSM1321762	s5832_10C	5832	App1-16	10C	whole rosette	9-leaf stage	AT1G11560	0.0	0.0	https://ftp.ncbi.nlm.nih.gov/geo/samples/GSM1321nnn/GSM1321762/suppl/GSM1321762_s5832_10C_expression_table.txt.gz
GSM1321763	s5832_16C	5832	App1-16	16C	whole rosette	9-leaf stage	AT1G11560	2.0	0.00086813608196	https://ftp.ncbi.nlm.nih.gov/geo/samples/GSM1321nnn/GSM1321763/suppl/GSM1321763_s5832_16C_expression_table.txt.gz
GSM1321764	s5856_10C	5856	Dör-10	10C	whole rosette	9-leaf stage	AT1G11560	3.0	0.00118238703876	https://ftp.ncbi.nlm.nih.gov/geo/samples/GSM1321nnn/GSM1321764/suppl/GSM1321764_s5856_10C_expression_table.txt.gz
GSM1321765	s5856_16C	5856	Dör-10	16C	whole rosette	9-leaf stage	AT1G11560	0.0	0.0	https://ftp.ncbi.nlm.nih.gov/geo/samples/GSM1321nnn/GSM1321765/suppl/GSM1321765_s5856_16C_expression_table.txt.gz
GSM1321766	s5865_10C	5865	Dra1-4	10C	whole rosette	9-leaf stage	AT1G11560	4.0	0.000707225861924	https://ftp.ncbi.nlm.nih.gov/geo/samples/GSM1321nnn/GSM1321766/suppl/GSM1321766_s5865_10C_expression_table.txt.gz
GSM1321767	s5865_16C	5865	Dra1-4	16C	whole rosette	9-leaf stage	AT1G11560	2.0	0.000954140616672	https://ftp.ncbi.nlm.nih.gov/geo/samples/GSM1321nnn/GSM1321767/suppl/GSM1321767_s5865_16C_expression_table.txt.gz
GSM1321768	s5867_10C	5867	Dra2-1	10C	whole rosette	9-leaf stage	AT1G11560	0.0	0.0	https://ftp.ncbi.nlm.nih.gov/geo/samples/GSM1321nnn/GSM1321768/suppl/GSM1321768_s5867_10C_expression_table.txt.gz
GSM1321769	s5867_16C	5867	Dra2-1	16C	whole rosette	9-leaf stage	AT1G11560	2.0	0.000326402360045	https://ftp.ncbi.nlm.nih.gov/geo/samples/GSM1321nnn/GSM1321769/suppl/GSM1321769_s5867_16C_expression_table.txt.gz
GSM1321770	s6011_10C	6011	Eden-6	10C	whole rosette	9-leaf stage	AT1G11560	0.0	0.0	https://ftp.ncbi.nlm.nih.gov/geo/samples/GSM1321nnn/GSM1321770/suppl/GSM1321770_s6011_10C_expression_table.txt.gz
GSM1321771	s6011_16C	6011	Eden-6	16C	whole rosette	9-leaf stage	AT1G11560	0.0	0.0	https://ftp.ncbi.nlm.nih.gov/geo/samples/GSM1321nnn/GSM1321771/suppl/GSM1321771_s6011_16C_expression_table.txt.gz
GSM1321772	s6012_10C	6012	Eden-7	10C	whole rosette	9-leaf stage	AT1G11560	0.0	0.0	https://ftp.ncbi.nlm.nih.gov/geo/samples/GSM1321nnn/GSM1321772/suppl/GSM1321772_s6012_10C_expression_table.txt.gz
GSM1321773	s6012_16C	6012	Eden-7	16C	whole rosette	9-leaf stage	AT1G11560	1.0	0.000596081859755	https://ftp.ncbi.nlm.nih.gov/geo/samples/GSM1321nnn/GSM1321773/suppl/GSM1321773_s6012_16C_expression_table.txt.gz
GSM1321774	s6013_10C	6013	Eden-9	10C	whole rosette	9-leaf stage	AT1G11560	1.0	0.000521368602927	https://ftp.ncbi.nlm.nih.gov/geo/samples/GSM1321nnn/GSM1321774/suppl/GSM1321774_s6013_10C_expression_table.txt.gz
GSM1321775	s6013_16C	6013	Eden-9	16C	whole rosette	9-leaf stage	AT1G11560	1.0	0.000587422814419	https://ftp.ncbi.nlm.nih.gov/geo/samples/GSM1321nnn/GSM1321775/suppl/GSM1321775_s6013_16C_expression_table.txt.gz
GSM1321776	s6016_10C	6016	Eds-1	10C	whole rosette	9-leaf stage	AT1G11560	0.333333333333	9.17798614727e-05	https://ftp.ncbi.nlm.nih.gov/geo/samples/GSM1321nnn/GSM1321776/suppl/GSM1321776_s6016_10C_expression_table.txt.gz
GSM1321777	s6016_16C	6016	Eds-1	16C	whole rosette	9-leaf stage	AT1G11560	0.0	0.0	https://ftp.ncbi.nlm.nih.gov/geo/samples/GSM1321nnn/GSM1321777/suppl/GSM1321777_s6016_16C_expression_table.txt.gz
GSM1321778	s6021_10C	6021	Fjä2-4	10C	whole rosette	9-leaf stage	AT1G11560	1.0	0.000237239350369	https://ftp.ncbi.nlm.nih.gov/geo/samples/GSM1321nnn/GSM1321778/suppl/GSM1321778_s6021_10C_expression_table.txt.gz
GSM1321779	s6021_16C	6021	Fjä2-4	16C	whole rosette	9-leaf stage	AT1G11560	0.0	0.0	https://ftp.ncbi.nlm.nih.gov/geo/samples/GSM1321nnn/GSM1321779/suppl/GSM1321779_s6021_16C_expression_table.txt.gz
GSM1321780	s6023_10C	6023	Fly2-1	10C	whole rosette	9-leaf stage	AT1G11560	0.5	0.000154005317109	https://ftp.ncbi.nlm.nih.gov/geo/samples/GSM1321nnn/GSM1321780/suppl/GSM1321780_s6023_10C_expression_table.txt.gz
GSM1321781	s6023_16C	6023	Fly2-1	16C	whole rosette	9-leaf stage	AT1G11560	1.0	0.000159559342895	https://ftp.ncbi.nlm.nih.gov/geo/samples/GSM1321nnn/GSM1321781/suppl/GSM1321781_s6023_16C_expression_table.txt.gz
GSM1321782	s6030_10C	6030	Grön-5	10C	whole rosette	9-leaf stage	AT1G11560	2.0	0.0004851378507	https://ftp.ncbi.nlm.nih.gov/geo/samples/GSM1321nnn/GSM1321782/suppl/GSM1321782_s6030_10C_expression_table.txt.gz
GSM1321783	s6030_16C	6030	Grön-5	16C	whole rosette	9-leaf stage	AT1G11560	0.0	0.0	https://ftp.ncbi.nlm.nih.gov/geo/samples/GSM1321nnn/GSM1321783/suppl/GSM1321783_s6030_16C_expression_table.txt.gz
GSM1321784	s6034_10C	6034	Hov1-7	10C	whole rosette	9-leaf stage	AT1G11560	0.0	0.0	https://ftp.ncbi.nlm.nih.gov/geo/samples/GSM1321nnn/GSM1321784/suppl/GSM1321784_s6034_10C_expression_table.txt.gz
GSM1321785	s6034_16C	6034	Hov1-7	16C	whole rosette	9-leaf stage	AT1G11560	0.0	0.0	https://ftp.ncbi.nlm.nih.gov/geo/samples/GSM1321nnn/GSM1321785/suppl/GSM1321785_s6034_16C_expression_table.txt.gz
GSM1321786	s6036_10C	6036	Hov3-2	10C	whole rosette	9-leaf stage	AT1G11560	0.0	0.0	https://ftp.ncbi.nlm.nih.gov/geo/samples/GSM1321nnn/GSM1321786/suppl/GSM1321786_s6036_10C_expression_table.txt.gz
GSM1321787	s6036_16C	6036	Hov3-2	16C	whole rosette	9-leaf stage	AT1G11560	0.0	0.0	https://ftp.ncbi.nlm.nih.gov/geo/samples/GSM1321nnn/GSM1321787/suppl/GSM1321787_s6036_16C_expression_table.txt.gz
GSM1321788	s6039_10C	6039	Hovdala-2	10C	whole rosette	9-leaf stage	AT1G11560	0.0	0.0	https://ftp.ncbi.nlm.nih.gov/geo/samples/GSM1321nnn/GSM1321788/suppl/GSM1321788_s6039_10C_expression_table.txt.gz
GSM1321789	s6039_16C	6039	Hovdala-2	16C	whole rosette	9-leaf stage	AT1G11560	1.0	0.0004135836169	https://ftp.ncbi.nlm.nih.gov/geo/samples/GSM1321nnn/GSM1321789/suppl/GSM1321789_s6039_16C_expression_table.txt.gz
GSM1321790	s6040_10C	6040	Kni-1	10C	whole rosette	9-leaf stage	AT1G11560	2.0	0.000408055441569	https://ftp.ncbi.nlm.nih.gov/geo/samples/GSM1321nnn/GSM1321790/suppl/GSM1321790_s6040_10C_expression_table.txt.gz
GSM1321791	s6040_16C	6040	Kni-1	16C	whole rosette	9-leaf stage	AT1G11560	1.5	0.000829853379148	https://ftp.ncbi.nlm.nih.gov/geo/samples/GSM1321nnn/GSM1321791/suppl/GSM1321791_s6040_16C_expression_table.txt.gz
GSM1321792	s6042_10C	6042	Lom1-1	10C	whole rosette	9-leaf stage	AT1G11560	0.0	0.0	https://ftp.ncbi.nlm.nih.gov/geo/samples/GSM1321nnn/GSM1321792/suppl/GSM1321792_s6042_10C_expression_table.txt.gz
GSM1321793	s6042_16C	6042	Lom1-1	16C	whole rosette	9-leaf stage	AT1G11560	0.0	0.0	https://ftp.ncbi.nlm.nih.gov/geo/samples/GSM1321nnn/GSM1321793/suppl/GSM1321793_s6042_16C_expression_table.txt.gz
GSM1321794	s6043_10C	6043	Löv-1	10C	whole rosette	9-leaf stage	AT1G11560	1.0	0.000476159796535	https://ftp.ncbi.nlm.nih.gov/geo/samples/GSM1321nnn/GSM1321794/suppl/GSM1321794_s6043_10C_expression_table.txt.gz
GSM1321795	s6043_16C	6043	Löv-1	16C	whole rosette	9-leaf stage	AT1G11560	1.0	0.000300557735853	https://ftp.ncbi.nlm.nih.gov/geo/samples/GSM1321nnn/GSM1321795/suppl/GSM1321795_s6043_16C_expression_table.txt.gz
GSM1321796	s6046_10C	6046	Löv-5	10C	whole rosette	9-leaf stage	AT1G11560	0.666666666667	0.000239539493392	https://ftp.ncbi.nlm.nih.gov/geo/samples/GSM1321nnn/GSM1321796/suppl/GSM1321796_s6046_10C_expression_table.txt.gz
GSM1321797	s6046_16C	6046	Löv-5	16C	whole rosette	9-leaf stage	AT1G11560	0.333333333333	0.000347337743861	https://ftp.ncbi.nlm.nih.gov/geo/samples/GSM1321nnn/GSM1321797/suppl/GSM1321797_s6046_16C_expression_table.txt.gz
GSM1321798	s6069_10C	6069	Nyl-7	10C	whole rosette	9-leaf stage	AT1G11560	1.0	0.000430879302321	https://ftp.ncbi.nlm.nih.gov/geo/samples/GSM1321nnn/GSM1321798/suppl/GSM1321798_s6069_10C_expression_table.txt.gz
GSM1321799	s6069_16C	6069	Nyl-7	16C	whole rosette	9-leaf stage	AT1G11560	0.0	0.0	https://ftp.ncbi.nlm.nih.gov/geo/samples/GSM1321nnn/GSM1321799/suppl/GSM1321799_s6069_16C_expression_table.txt.gz
GSM1321800	s6070_10C	6070	Omn-1	10C	whole rosette	9-leaf stage	AT1G11560	0.0	0.0	https://ftp.ncbi.nlm.nih.gov/geo/samples/GSM1321nnn/GSM1321800/suppl/GSM1321800_s6070_10C_expression_table.txt.gz
GSM1321801	s6070_16C	6070	Omn-1	16C	whole rosette	9-leaf stage	AT1G11560	0.0	0.0	https://ftp.ncbi.nlm.nih.gov/geo/samples/GSM1321nnn/GSM1321801/suppl/GSM1321801_s6070_16C_expression_table.txt.gz
GSM1321802	s6071_10C	6071	Omn-5	10C	whole rosette	9-leaf stage	AT1G11560	0.0	0.0	https://ftp.ncbi.nlm.nih.gov/geo/samples/GSM1321nnn/GSM1321802/suppl/GSM1321802_s6071_10C_expression_table.txt.gz
GSM1321803	s6071_16C	6071	Omn-5	16C	whole rosette	9-leaf stage	AT1G11560	1.0	0.000527449182827	https://ftp.ncbi.nlm.nih.gov/geo/samples/GSM1321nnn/GSM1321803/suppl/GSM1321803_s6071_16C_expression_table.txt.gz
GSM1321804	s6073_16C	6073	ÖMö1-7	16C	whole rosette	9-leaf stage	AT1G11560	0.0	0.0	https://ftp.ncbi.nlm.nih.gov/geo/samples/GSM1321nnn/GSM1321804/suppl/GSM1321804_s6073_16C_expression_table.txt.gz
GSM1321805	s6073_10C	6073	ÖMö1-7	10C	whole rosette	9-leaf stage	AT1G11560	0.0	0.0	https://ftp.ncbi.nlm.nih.gov/geo/samples/GSM1321nnn/GSM1321805/suppl/GSM1321805_s6073_10C_expression_table.txt.gz
GSM1321806	s6074_10C	6074	Ör-1	10C	whole rosette	9-leaf stage	AT1G11560	0.5	0.00036021373351	https://ftp.ncbi.nlm.nih.gov/geo/samples/GSM1321nnn/GSM1321806/suppl/GSM1321806_s6074_10C_expression_table.txt.gz
GSM1321807	s6074_16C	6074	Ör-1	16C	whole rosette	9-leaf stage	AT1G11560	0.0	0.0	https://ftp.ncbi.nlm.nih.gov/geo/samples/GSM1321nnn/GSM1321807/suppl/GSM1321807_s6074_16C_expression_table.txt.gz
GSM1321808	s6076_10C	6076	Rev-2	10C	whole rosette	9-leaf stage	AT1G11560	2.0	0.000604608915869	https://ftp.ncbi.nlm.nih.gov/geo/samples/GSM1321nnn/GSM1321808/suppl/GSM1321808_s6076_10C_expression_table.txt.gz
GSM1321809	s6076_16C	6076	Rev-2	16C	whole rosette	9-leaf stage	AT1G11560	0.0	0.0	https://ftp.ncbi.nlm.nih.gov/geo/samples/GSM1321nnn/GSM1321809/suppl/GSM1321809_s6076_16C_expression_table.txt.gz
GSM1321810	s6085_10C	6085	Sparta-1	10C	whole rosette	9-leaf stage	AT1G11560	0.0	0.0	https://ftp.ncbi.nlm.nih.gov/geo/samples/GSM1321nnn/GSM1321810/suppl/GSM1321810_s6085_10C_expression_table.txt.gz
GSM1321811	s6085_16C	6085	Sparta-1	16C	whole rosette	9-leaf stage	AT1G11560	0.0	0.0	https://ftp.ncbi.nlm.nih.gov/geo/samples/GSM1321nnn/GSM1321811/suppl/GSM1321811_s6085_16C_expression_table.txt.gz
GSM1321812	s6088_10C	6088	Stu1-1	10C	whole rosette	9-leaf stage	AT1G11560	0.666666666667	0.000356873875058	https://ftp.ncbi.nlm.nih.gov/geo/samples/GSM1321nnn/GSM1321812/suppl/GSM1321812_s6088_10C_expression_table.txt.gz
GSM1321813	s6088_16C	6088	Stu1-1	16C	whole rosette	9-leaf stage	AT1G11560	1.0	0.000522514292019	https://ftp.ncbi.nlm.nih.gov/geo/samples/GSM1321nnn/GSM1321813/suppl/GSM1321813_s6088_16C_expression_table.txt.gz
GSM1321814	s6090_10C	6090	T1000	10C	whole rosette	9-leaf stage	AT1G11560	0.0	0.0	https://ftp.ncbi.nlm.nih.gov/geo/samples/GSM1321nnn/GSM1321814/suppl/GSM1321814_s6090_10C_expression_table.txt.gz
GSM1321815	s6090_16C	6090	T1000	16C	whole rosette	9-leaf stage	AT1G11560	1.0	0.000286506521268	https://ftp.ncbi.nlm.nih.gov/geo/samples/GSM1321nnn/GSM1321815/suppl/GSM1321815_s6090_16C_expression_table.txt.gz
GSM1321816	s6092_10C	6092	T1020	10C	whole rosette	9-leaf stage	AT1G11560	0.0	0.0	https://ftp.ncbi.nlm.nih.gov/geo/samples/GSM1321nnn/GSM1321816/suppl/GSM1321816_s6092_10C_expression_table.txt.gz
GSM1321817	s6092_16C	6092	T1020	16C	whole rosette	9-leaf stage	AT1G11560	1.0	0.000193268397548	https://ftp.ncbi.nlm.nih.gov/geo/samples/GSM1321nnn/GSM1321817/suppl/GSM1321817_s6092_16C_expression_table.txt.gz
GSM1321818	s6094_10C	6094	T1040	10C	whole rosette	9-leaf stage	AT1G11560	0.0	0.0	https://ftp.ncbi.nlm.nih.gov/geo/samples/GSM1321nnn/GSM1321818/suppl/GSM1321818_s6094_10C_expression_table.txt.gz
GSM1321819	s6094_16C	6094	T1040	16C	whole rosette	9-leaf stage	AT1G11560	0.0	0.0	https://ftp.ncbi.nlm.nih.gov/geo/samples/GSM1321nnn/GSM1321819/suppl/GSM1321819_s6094_16C_expression_table.txt.gz
GSM1321820	s6098_10C	6098	T1080	10C	whole rosette	9-leaf stage	AT1G11560	0.0	0.0	https://ftp.ncbi.nlm.nih.gov/geo/samples/GSM1321nnn/GSM1321820/suppl/GSM1321820_s6098_10C_expression_table.txt.gz
GSM1321821	s6098_16C	6098	T1080	16C	whole rosette	9-leaf stage	AT1G11560	0.0	0.0	https://ftp.ncbi.nlm.nih.gov/geo/samples/GSM1321nnn/GSM1321821/suppl/GSM1321821_s6098_16C_expression_table.txt.gz
GSM1321822	s6100_10C	6100	T1110	10C	whole rosette	9-leaf stage	AT1G11560	0.0	0.0	https://ftp.ncbi.nlm.nih.gov/geo/samples/GSM1321nnn/GSM1321822/suppl/GSM1321822_s6100_10C_expression_table.txt.gz
GSM1321823	s6100_16C	6100	T1110	16C	whole rosette	9-leaf stage	AT1G11560	2.0	0.000371825314149	https://ftp.ncbi.nlm.nih.gov/geo/samples/GSM1321nnn/GSM1321823/suppl/GSM1321823_s6100_16C_expression_table.txt.gz
GSM1321824	s6102_10C	6102	T1130	10C	whole rosette	9-leaf stage	AT1G11560	2.0	0.00051995706675	https://ftp.ncbi.nlm.nih.gov/geo/samples/GSM1321nnn/GSM1321824/suppl/GSM1321824_s6102_10C_expression_table.txt.gz
GSM1321825	s6102_16C	6102	T1130	16C	whole rosette	9-leaf stage	AT1G11560	0.0	0.0	https://ftp.ncbi.nlm.nih.gov/geo/samples/GSM1321nnn/GSM1321825/suppl/GSM1321825_s6102_16C_expression_table.txt.gz
GSM1321826	s6104_10C	6104	T1160	10C	whole rosette	9-leaf stage	AT1G11560	0.333333333333	0.000173809850726	https://ftp.ncbi.nlm.nih.gov/geo/samples/GSM1321nnn/GSM1321826/suppl/GSM1321826_s6104_10C_expression_table.txt.gz
GSM1321827	s6104_16C	6104	T1160	16C	whole rosette	9-leaf stage	AT1G11560	1.0	0.000393809253013	https://ftp.ncbi.nlm.nih.gov/geo/samples/GSM1321nnn/GSM1321827/suppl/GSM1321827_s6104_16C_expression_table.txt.gz
GSM1321828	s6105_10C	6105	T450	10C	whole rosette	9-leaf stage	AT1G11560	1.0	0.000211578524209	https://ftp.ncbi.nlm.nih.gov/geo/samples/GSM1321nnn/GSM1321828/suppl/GSM1321828_s6105_10C_expression_table.txt.gz
GSM1321829	s6105_16C	6105	T450	16C	whole rosette	9-leaf stage	AT1G11560	0.0	0.0	https://ftp.ncbi.nlm.nih.gov/geo/samples/GSM1321nnn/GSM1321829/suppl/GSM1321829_s6105_16C_expression_table.txt.gz
GSM1321830	s6108_10C	6108	T480	10C	whole rosette	9-leaf stage	AT1G11560	0.0	0.0	https://ftp.ncbi.nlm.nih.gov/geo/samples/GSM1321nnn/GSM1321830/suppl/GSM1321830_s6108_10C_expression_table.txt.gz
GSM1321831	s6108_16C	6108	T480	16C	whole rosette	9-leaf stage	AT1G11560	0.0	0.0	https://ftp.ncbi.nlm.nih.gov/geo/samples/GSM1321nnn/GSM1321831/suppl/GSM1321831_s6108_16C_expression_table.txt.gz
GSM1321832	s6109_10C	6109	T510	10C	whole rosette	9-leaf stage	AT1G11560	0.0	0.0	https://ftp.ncbi.nlm.nih.gov/geo/samples/GSM1321nnn/GSM1321832/suppl/GSM1321832_s6109_10C_expression_table.txt.gz
GSM1321833	s6109_16C	6109	T510	16C	whole rosette	9-leaf stage	AT1G11560	1.0	0.000708328913007	https://ftp.ncbi.nlm.nih.gov/geo/samples/GSM1321nnn/GSM1321833/suppl/GSM1321833_s6109_16C_expression_table.txt.gz
GSM1321834	s6112_10C	6112	T540	10C	whole rosette	9-leaf stage	AT1G11560	0.0	0.0	https://ftp.ncbi.nlm.nih.gov/geo/samples/GSM1321nnn/GSM1321834/suppl/GSM1321834_s6112_10C_expression_table.txt.gz
GSM1321835	s6112_16C	6112	T540	16C	whole rosette	9-leaf stage	AT1G11560	0.0	0.0	https://ftp.ncbi.nlm.nih.gov/geo/samples/GSM1321nnn/GSM1321835/suppl/GSM1321835_s6112_16C_expression_table.txt.gz
GSM1321836	s6113_10C	6113	T550	10C	whole rosette	9-leaf stage	AT1G11560	0.0	0.0	https://ftp.ncbi.nlm.nih.gov/geo/samples/GSM1321nnn/GSM1321836/suppl/GSM1321836_s6113_10C_expression_table.txt.gz
GSM1321837	s6113_16C	6113	T550	16C	whole rosette	9-leaf stage	AT1G11560	0.0	0.0	https://ftp.ncbi.nlm.nih.gov/geo/samples/GSM1321nnn/GSM1321837/suppl/GSM1321837_s6113_16C_expression_table.txt.gz
GSM1321838	s6114_10C	6114	T570	10C	whole rosette	9-leaf stage	AT1G11560	0.0	0.0	https://ftp.ncbi.nlm.nih.gov/geo/samples/GSM1321nnn/GSM1321838/suppl/GSM1321838_s6114_10C_expression_table.txt.gz
GSM1321839	s6114_16C	6114	T570	16C	whole rosette	9-leaf stage	AT1G11560	0.0	0.0	https://ftp.ncbi.nlm.nih.gov/geo/samples/GSM1321nnn/GSM1321839/suppl/GSM1321839_s6114_16C_expression_table.txt.gz
GSM1321840	s6115_10C	6115	T580	10C	whole rosette	9-leaf stage	AT1G11560	2.0	0.000350341713007	https://ftp.ncbi.nlm.nih.gov/geo/samples/GSM1321nnn/GSM1321840/suppl/GSM1321840_s6115_10C_expression_table.txt.gz
GSM1321841	s6115_16C	6115	T580	16C	whole rosette	9-leaf stage	AT1G11560	0.0	0.0	https://ftp.ncbi.nlm.nih.gov/geo/samples/GSM1321nnn/GSM1321841/suppl/GSM1321841_s6115_16C_expression_table.txt.gz
GSM1321842	s6118_10C	6118	T610	10C	whole rosette	9-leaf stage	AT1G11560	0.0	0.0	https://ftp.ncbi.nlm.nih.gov/geo/samples/GSM1321nnn/GSM1321842/suppl/GSM1321842_s6118_10C_expression_table.txt.gz
GSM1321843	s6118_16C	6118	T610	16C	whole rosette	9-leaf stage	AT1G11560	0.0	0.0	https://ftp.ncbi.nlm.nih.gov/geo/samples/GSM1321nnn/GSM1321843/suppl/GSM1321843_s6118_16C_expression_table.txt.gz
GSM1321844	s6122_10C	6122	T670	10C	whole rosette	9-leaf stage	AT1G11560	0.666666666667	0.000227938081278	https://ftp.ncbi.nlm.nih.gov/geo/samples/GSM1321nnn/GSM1321844/suppl/GSM1321844_s6122_10C_expression_table.txt.gz
GSM1321845	s6122_16C	6122	T670	16C	whole rosette	9-leaf stage	AT1G11560	0.0	0.0	https://ftp.ncbi.nlm.nih.gov/geo/samples/GSM1321nnn/GSM1321845/suppl/GSM1321845_s6122_16C_expression_table.txt.gz
GSM1321846	s6124_10C	6124	T690	10C	whole rosette	9-leaf stage	AT1G11560	0.0	0.0	https://ftp.ncbi.nlm.nih.gov/geo/samples/GSM1321nnn/GSM1321846/suppl/GSM1321846_s6124_10C_expression_table.txt.gz
GSM1321847	s6124_16C	6124	T690	16C	whole rosette	9-leaf stage	AT1G11560	0.0	0.0	https://ftp.ncbi.nlm.nih.gov/geo/samples/GSM1321nnn/GSM1321847/suppl/GSM1321847_s6124_16C_expression_table.txt.gz
GSM1321848	s6125_16C	6125	T710	16C	whole rosette	9-leaf stage	AT1G11560	0.0	0.0	https://ftp.ncbi.nlm.nih.gov/geo/samples/GSM1321nnn/GSM1321848/suppl/GSM1321848_s6125_16C_expression_table.txt.gz
GSM1321849	s6125_10C	6125	T710	10C	whole rosette	9-leaf stage	AT1G11560	0.0	0.0	https://ftp.ncbi.nlm.nih.gov/geo/samples/GSM1321nnn/GSM1321849/suppl/GSM1321849_s6125_10C_expression_table.txt.gz
GSM1321850	s6126_10C	6126	T720	10C	whole rosette	9-leaf stage	AT1G11560	0.0	0.0	https://ftp.ncbi.nlm.nih.gov/geo/samples/GSM1321nnn/GSM1321850/suppl/GSM1321850_s6126_10C_expression_table.txt.gz
GSM1321851	s6126_16C	6126	T720	16C	whole rosette	9-leaf stage	AT1G11560	0.0	0.0	https://ftp.ncbi.nlm.nih.gov/geo/samples/GSM1321nnn/GSM1321851/suppl/GSM1321851_s6126_16C_expression_table.txt.gz
GSM1321852	s6127_10C	6127	T730	10C	whole rosette	9-leaf stage	AT1G11560	0.0	0.0	https://ftp.ncbi.nlm.nih.gov/geo/samples/GSM1321nnn/GSM1321852/suppl/GSM1321852_s6127_10C_expression_table.txt.gz
GSM1321853	s6127_16C	6127	T730	16C	whole rosette	9-leaf stage	AT1G11560	0.0	0.0	https://ftp.ncbi.nlm.nih.gov/geo/samples/GSM1321nnn/GSM1321853/suppl/GSM1321853_s6127_16C_expression_table.txt.gz
GSM1321854	s6128_16C	6128	T740	16C	whole rosette	9-leaf stage	AT1G11560	0.0	0.0	https://ftp.ncbi.nlm.nih.gov/geo/samples/GSM1321nnn/GSM1321854/suppl/GSM1321854_s6128_16C_expression_table.txt.gz
GSM1321855	s6128_10C	6128	T740	10C	whole rosette	9-leaf stage	AT1G11560	0.0	0.0	https://ftp.ncbi.nlm.nih.gov/geo/samples/GSM1321nnn/GSM1321855/suppl/GSM1321855_s6128_10C_expression_table.txt.gz
GSM1321856	s6131_10C	6131	T780	10C	whole rosette	9-leaf stage	AT1G11560	0.333333333333	0.000203357818017	https://ftp.ncbi.nlm.nih.gov/geo/samples/GSM1321nnn/GSM1321856/suppl/GSM1321856_s6131_10C_expression_table.txt.gz
GSM1321857	s6131_16C	6131	T780	16C	whole rosette	9-leaf stage	AT1G11560	1.0	0.000330190525758	https://ftp.ncbi.nlm.nih.gov/geo/samples/GSM1321nnn/GSM1321857/suppl/GSM1321857_s6131_16C_expression_table.txt.gz
GSM1321858	s6132_10C	6132	T790	10C	whole rosette	9-leaf stage	AT1G11560	1.0	0.000313447772814	https://ftp.ncbi.nlm.nih.gov/geo/samples/GSM1321nnn/GSM1321858/suppl/GSM1321858_s6132_10C_expression_table.txt.gz
GSM1321859	s6132_16C	6132	T790	16C	whole rosette	9-leaf stage	AT1G11560	0.0	0.0	https://ftp.ncbi.nlm.nih.gov/geo/samples/GSM1321nnn/GSM1321859/suppl/GSM1321859_s6132_16C_expression_table.txt.gz
GSM1321860	s6136_10C	6136	T840	10C	whole rosette	9-leaf stage	AT1G11560	0.666666666667	0.000252750426157	https://ftp.ncbi.nlm.nih.gov/geo/samples/GSM1321nnn/GSM1321860/suppl/GSM1321860_s6136_10C_expression_table.txt.gz
GSM1321861	s6136_16C	6136	T840	16C	whole rosette	9-leaf stage	AT1G11560	0.0	0.0	https://ftp.ncbi.nlm.nih.gov/geo/samples/GSM1321nnn/GSM1321861/suppl/GSM1321861_s6136_16C_expression_table.txt.gz
GSM1321862	s6142_10C	6142	T900	10C	whole rosette	9-leaf stage	AT1G11560	0.0	0.0	https://ftp.ncbi.nlm.nih.gov/geo/samples/GSM1321nnn/GSM1321862/suppl/GSM1321862_s6142_10C_expression_table.txt.gz
GSM1321863	s6142_16C	6142	T900	16C	whole rosette	9-leaf stage	AT1G11560	0.0	0.0	https://ftp.ncbi.nlm.nih.gov/geo/samples/GSM1321nnn/GSM1321863/suppl/GSM1321863_s6142_16C_expression_table.txt.gz
GSM1321864	s6147_10C	6147	T950	10C	whole rosette	9-leaf stage	AT1G11560	0.0	0.0	https://ftp.ncbi.nlm.nih.gov/geo/samples/GSM1321nnn/GSM1321864/suppl/GSM1321864_s6147_10C_expression_table.txt.gz
GSM1321865	s6147_16C	6147	T950	16C	whole rosette	9-leaf stage	AT1G11560	0.0	0.0	https://ftp.ncbi.nlm.nih.gov/geo/samples/GSM1321nnn/GSM1321865/suppl/GSM1321865_s6147_16C_expression_table.txt.gz
GSM1321866	s6149_10C	6149	T970	10C	whole rosette	9-leaf stage	AT1G11560	0.5	0.000313037938088	https://ftp.ncbi.nlm.nih.gov/geo/samples/GSM1321nnn/GSM1321866/suppl/GSM1321866_s6149_10C_expression_table.txt.gz
GSM1321867	s6149_16C	6149	T970	16C	whole rosette	9-leaf stage	AT1G11560	0.0	0.0	https://ftp.ncbi.nlm.nih.gov/geo/samples/GSM1321nnn/GSM1321867/suppl/GSM1321867_s6149_16C_expression_table.txt.gz
GSM1321868	s6150_10C	6150	T980	10C	whole rosette	9-leaf stage	AT1G11560	0.0	0.0	https://ftp.ncbi.nlm.nih.gov/geo/samples/GSM1321nnn/GSM1321868/suppl/GSM1321868_s6150_10C_expression_table.txt.gz
GSM1321869	s6150_16C	6150	T980	16C	whole rosette	9-leaf stage	AT1G11560	0.0	0.0	https://ftp.ncbi.nlm.nih.gov/geo/samples/GSM1321nnn/GSM1321869/suppl/GSM1321869_s6150_16C_expression_table.txt.gz
GSM1321870	s6151_10C	6151	T990	10C	whole rosette	9-leaf stage	AT1G11560	0.0	0.0	https://ftp.ncbi.nlm.nih.gov/geo/samples/GSM1321nnn/GSM1321870/suppl/GSM1321870_s6151_10C_expression_table.txt.gz
GSM1321871	s6151_16C	6151	T990	16C	whole rosette	9-leaf stage	AT1G11560	0.0	0.0	https://ftp.ncbi.nlm.nih.gov/geo/samples/GSM1321nnn/GSM1321871/suppl/GSM1321871_s6151_16C_expression_table.txt.gz
GSM1321872	s6153_10C	6153	TAA 03	10C	whole rosette	9-leaf stage	AT1G11560	0.0	0.0	https://ftp.ncbi.nlm.nih.gov/geo/samples/GSM1321nnn/GSM1321872/suppl/GSM1321872_s6153_10C_expression_table.txt.gz
GSM1321873	s6153_16C	6153	TAA 03	16C	whole rosette	9-leaf stage	AT1G11560	0.0	0.0	https://ftp.ncbi.nlm.nih.gov/geo/samples/GSM1321nnn/GSM1321873/suppl/GSM1321873_s6153_16C_expression_table.txt.gz
GSM1321874	s6172_10C	6172	TÅD 04	10C	whole rosette	9-leaf stage	AT1G11560	0.0	0.0	https://ftp.ncbi.nlm.nih.gov/geo/samples/GSM1321nnn/GSM1321874/suppl/GSM1321874_s6172_10C_expression_table.txt.gz
GSM1321875	s6172_16C	6172	TÅD 04	16C	whole rosette	9-leaf stage	AT1G11560	0.5	0.000361402155013	https://ftp.ncbi.nlm.nih.gov/geo/samples/GSM1321nnn/GSM1321875/suppl/GSM1321875_s6172_16C_expression_table.txt.gz
GSM1321876	s6173_10C	6173	TÅD 05	10C	whole rosette	9-leaf stage	AT1G11560	0.0	0.0	https://ftp.ncbi.nlm.nih.gov/geo/samples/GSM1321nnn/GSM1321876/suppl/GSM1321876_s6173_10C_expression_table.txt.gz
GSM1321877	s6173_16C	6173	TÅD 05	16C	whole rosette	9-leaf stage	AT1G11560	0.0	0.0	https://ftp.ncbi.nlm.nih.gov/geo/samples/GSM1321nnn/GSM1321877/suppl/GSM1321877_s6173_16C_expression_table.txt.gz
GSM1321878	s6180_10C	6180	TÄL 07	10C	whole rosette	9-leaf stage	AT1G11560	0.0	0.0	https://ftp.ncbi.nlm.nih.gov/geo/samples/GSM1321nnn/GSM1321878/suppl/GSM1321878_s6180_10C_expression_table.txt.gz
GSM1321879	s6180_16C	6180	TÄL 07	16C	whole rosette	9-leaf stage	AT1G11560	0.0	0.0	https://ftp.ncbi.nlm.nih.gov/geo/samples/GSM1321nnn/GSM1321879/suppl/GSM1321879_s6180_16C_expression_table.txt.gz
GSM1321880	s6184_10C	6184	TBÖ 01	10C	whole rosette	9-leaf stage	AT1G11560	1.0	0.000432351985984	https://ftp.ncbi.nlm.nih.gov/geo/samples/GSM1321nnn/GSM1321880/suppl/GSM1321880_s6184_10C_expression_table.txt.gz
GSM1321881	s6184_16C	6184	TBÖ 01	16C	whole rosette	9-leaf stage	AT1G11560	2.0	0.000463060428179	https://ftp.ncbi.nlm.nih.gov/geo/samples/GSM1321nnn/GSM1321881/suppl/GSM1321881_s6184_16C_expression_table.txt.gz
GSM1321882	s6188_10C	6188	TDr-1	10C	whole rosette	9-leaf stage	AT1G11560	0.0	0.0	https://ftp.ncbi.nlm.nih.gov/geo/samples/GSM1321nnn/GSM1321882/suppl/GSM1321882_s6188_10C_expression_table.txt.gz
GSM1321883	s6188_16C	6188	TDr-1	16C	whole rosette	9-leaf stage	AT1G11560	0.0	0.0	https://ftp.ncbi.nlm.nih.gov/geo/samples/GSM1321nnn/GSM1321883/suppl/GSM1321883_s6188_16C_expression_table.txt.gz
GSM1321884	s6189_10C	6189	TDr-2	10C	whole rosette	9-leaf stage	AT1G11560	0.0	0.0	https://ftp.ncbi.nlm.nih.gov/geo/samples/GSM1321nnn/GSM1321884/suppl/GSM1321884_s6189_10C_expression_table.txt.gz
GSM1321885	s6189_16C	6189	TDr-2	16C	whole rosette	9-leaf stage	AT1G11560	0.0	0.0	https://ftp.ncbi.nlm.nih.gov/geo/samples/GSM1321nnn/GSM1321885/suppl/GSM1321885_s6189_16C_expression_table.txt.gz
GSM1321886	s6191_10C	6191	TDr-4	10C	whole rosette	9-leaf stage	AT1G11560	0.0	0.0	https://ftp.ncbi.nlm.nih.gov/geo/samples/GSM1321nnn/GSM1321886/suppl/GSM1321886_s6191_10C_expression_table.txt.gz
GSM1321887	s6191_16C	6191	TDr-4	16C	whole rosette	9-leaf stage	AT1G11560	0.0	0.0	https://ftp.ncbi.nlm.nih.gov/geo/samples/GSM1321nnn/GSM1321887/suppl/GSM1321887_s6191_16C_expression_table.txt.gz
GSM1321888	s6192_10C	6192	TDr-5	10C	whole rosette	9-leaf stage	AT1G11560	0.0	0.0	https://ftp.ncbi.nlm.nih.gov/geo/samples/GSM1321nnn/GSM1321888/suppl/GSM1321888_s6192_10C_expression_table.txt.gz
GSM1321889	s6192_16C	6192	TDr-5	16C	whole rosette	9-leaf stage	AT1G11560	1.0	0.000767239046176	https://ftp.ncbi.nlm.nih.gov/geo/samples/GSM1321nnn/GSM1321889/suppl/GSM1321889_s6192_16C_expression_table.txt.gz
GSM1321890	s6193_10C	6193	TDr-7	10C	whole rosette	9-leaf stage	AT1G11560	0.0	0.0	https://ftp.ncbi.nlm.nih.gov/geo/samples/GSM1321nnn/GSM1321890/suppl/GSM1321890_s6193_10C_expression_table.txt.gz
GSM1321891	s6193_16C	6193	TDr-7	16C	whole rosette	9-leaf stage	AT1G11560	0.5	0.000212481022656	https://ftp.ncbi.nlm.nih.gov/geo/samples/GSM1321nnn/GSM1321891/suppl/GSM1321891_s6193_16C_expression_table.txt.gz
GSM1321892	s6194_16C	6194	TDr-8	16C	whole rosette	9-leaf stage	AT1G11560	2.0	0.00139413599272	https://ftp.ncbi.nlm.nih.gov/geo/samples/GSM1321nnn/GSM1321892/suppl/GSM1321892_s6194_16C_expression_table.txt.gz
GSM1321893	s6195_10C	6195	TDr-9	10C	whole rosette	9-leaf stage	AT1G11560	0.5	0.000229336794492	https://ftp.ncbi.nlm.nih.gov/geo/samples/GSM1321nnn/GSM1321893/suppl/GSM1321893_s6195_10C_expression_table.txt.gz
GSM1321894	s6195_16C	6195	TDr-9	16C	whole rosette	9-leaf stage	AT1G11560	0.0	0.0	https://ftp.ncbi.nlm.nih.gov/geo/samples/GSM1321nnn/GSM1321894/suppl/GSM1321894_s6195_16C_expression_table.txt.gz
GSM1321895	s6202_10C	6202	TDr-17	10C	whole rosette	9-leaf stage	AT1G11560	0.0	0.0	https://ftp.ncbi.nlm.nih.gov/geo/samples/GSM1321nnn/GSM1321895/suppl/GSM1321895_s6202_10C_expression_table.txt.gz
GSM1321896	s6202_16C	6202	TDr-17	16C	whole rosette	9-leaf stage	AT1G11560	0.0	0.0	https://ftp.ncbi.nlm.nih.gov/geo/samples/GSM1321nnn/GSM1321896/suppl/GSM1321896_s6202_16C_expression_table.txt.gz
GSM1321897	s6203_10C	6203	TDr-18	10C	whole rosette	9-leaf stage	AT1G11560	0.0	0.0	https://ftp.ncbi.nlm.nih.gov/geo/samples/GSM1321nnn/GSM1321897/suppl/GSM1321897_s6203_10C_expression_table.txt.gz
GSM1321898	s6203_16C	6203	TDr-18	16C	whole rosette	9-leaf stage	AT1G11560	0.0	0.0	https://ftp.ncbi.nlm.nih.gov/geo/samples/GSM1321nnn/GSM1321898/suppl/GSM1321898_s6203_16C_expression_table.txt.gz
GSM1321899	s6209_10C	6209	TEDEN 02	10C	whole rosette	9-leaf stage	AT1G11560	1.0	0.000192047978071	https://ftp.ncbi.nlm.nih.gov/geo/samples/GSM1321nnn/GSM1321899/suppl/GSM1321899_s6209_10C_expression_table.txt.gz
GSM1321900	s6209_16C	6209	TEDEN 02	16C	whole rosette	9-leaf stage	AT1G11560	0.0	0.0	https://ftp.ncbi.nlm.nih.gov/geo/samples/GSM1321nnn/GSM1321900/suppl/GSM1321900_s6209_16C_expression_table.txt.gz
GSM1321901	s6210_10C	6210	TEDEN 03	10C	whole rosette	9-leaf stage	AT1G11560	0.0	0.0	https://ftp.ncbi.nlm.nih.gov/geo/samples/GSM1321nnn/GSM1321901/suppl/GSM1321901_s6210_10C_expression_table.txt.gz
GSM1321902	s6210_16C	6210	TEDEN 03	16C	whole rosette	9-leaf stage	AT1G11560	0.0	0.0	https://ftp.ncbi.nlm.nih.gov/geo/samples/GSM1321nnn/GSM1321902/suppl/GSM1321902_s6210_16C_expression_table.txt.gz
GSM1321903	s6216_16C	6216	TFÄ 06	16C	whole rosette	9-leaf stage	AT1G11560	0.0	0.0	https://ftp.ncbi.nlm.nih.gov/geo/samples/GSM1321nnn/GSM1321903/suppl/GSM1321903_s6216_16C_expression_table.txt.gz
GSM1321904	s6216_10C	6216	TFÄ 06	10C	whole rosette	9-leaf stage	AT1G11560	0.0	0.0	https://ftp.ncbi.nlm.nih.gov/geo/samples/GSM1321nnn/GSM1321904/suppl/GSM1321904_s6216_10C_expression_table.txt.gz
GSM1321905	s6221_10C	6221	TGR 02	10C	whole rosette	9-leaf stage	AT1G11560	2.0	0.000348229993294	https://ftp.ncbi.nlm.nih.gov/geo/samples/GSM1321nnn/GSM1321905/suppl/GSM1321905_s6221_10C_expression_table.txt.gz
GSM1321906	s6221_16C	6221	TGR 02	16C	whole rosette	9-leaf stage	AT1G11560	0.0	0.0	https://ftp.ncbi.nlm.nih.gov/geo/samples/GSM1321nnn/GSM1321906/suppl/GSM1321906_s6221_16C_expression_table.txt.gz
GSM1321907	s6231_10C	6231	TNY 04	10C	whole rosette	9-leaf stage	AT1G11560	0.0	0.0	https://ftp.ncbi.nlm.nih.gov/geo/samples/GSM1321nnn/GSM1321907/suppl/GSM1321907_s6231_10C_expression_table.txt.gz
GSM1321908	s6231_16C	6231	TNY 04	16C	whole rosette	9-leaf stage	AT1G11560	0.0	0.0	https://ftp.ncbi.nlm.nih.gov/geo/samples/GSM1321nnn/GSM1321908/suppl/GSM1321908_s6231_16C_expression_table.txt.gz
GSM1321909	s6235_10C	6235	TOM 01	10C	whole rosette	9-leaf stage	AT1G11560	0.0	0.0	https://ftp.ncbi.nlm.nih.gov/geo/samples/GSM1321nnn/GSM1321909/suppl/GSM1321909_s6235_10C_expression_table.txt.gz
GSM1321910	s6235_16C	6235	TOM 01	16C	whole rosette	9-leaf stage	AT1G11560	0.5	0.000537350372129	https://ftp.ncbi.nlm.nih.gov/geo/samples/GSM1321nnn/GSM1321910/suppl/GSM1321910_s6235_16C_expression_table.txt.gz
GSM1321911	s6237_10C	6237	TOM 03	10C	whole rosette	9-leaf stage	AT1G11560	1.0	0.000146409588553	https://ftp.ncbi.nlm.nih.gov/geo/samples/GSM1321nnn/GSM1321911/suppl/GSM1321911_s6237_10C_expression_table.txt.gz
GSM1321912	s6237_16C	6237	TOM 03	16C	whole rosette	9-leaf stage	AT1G11560	0.0	0.0	https://ftp.ncbi.nlm.nih.gov/geo/samples/GSM1321nnn/GSM1321912/suppl/GSM1321912_s6237_16C_expression_table.txt.gz
GSM1321913	s6238_10C	6238	TOM 04	10C	whole rosette	9-leaf stage	AT1G11560	0.25	0.000106928225424	https://ftp.ncbi.nlm.nih.gov/geo/samples/GSM1321nnn/GSM1321913/suppl/GSM1321913_s6238_10C_expression_table.txt.gz
GSM1321914	s6238_16C	6238	TOM 04	16C	whole rosette	9-leaf stage	AT1G11560	1.0	0.000348604558767	https://ftp.ncbi.nlm.nih.gov/geo/samples/GSM1321nnn/GSM1321914/suppl/GSM1321914_s6238_16C_expression_table.txt.gz
GSM1321915	s6240_16C	6240	TOM 06	16C	whole rosette	9-leaf stage	AT1G11560	0.0	0.0	https://ftp.ncbi.nlm.nih.gov/geo/samples/GSM1321nnn/GSM1321915/suppl/GSM1321915_s6240_16C_expression_table.txt.gz
GSM1321916	s6242_10C	6242	Tomegap-2	10C	whole rosette	9-leaf stage	AT1G11560	0.0	0.0	https://ftp.ncbi.nlm.nih.gov/geo/samples/GSM1321nnn/GSM1321916/suppl/GSM1321916_s6242_10C_expression_table.txt.gz
GSM1321917	s6242_16C	6242	Tomegap-2	16C	whole rosette	9-leaf stage	AT1G11560	0.0	0.0	https://ftp.ncbi.nlm.nih.gov/geo/samples/GSM1321nnn/GSM1321917/suppl/GSM1321917_s6242_16C_expression_table.txt.gz
GSM1321918	s6243_10C	6243	Tottarp-2	10C	whole rosette	9-leaf stage	AT1G11560	0.0	0.0	https://ftp.ncbi.nlm.nih.gov/geo/samples/GSM1321nnn/GSM1321918/suppl/GSM1321918_s6243_10C_expression_table.txt.gz
GSM1321919	s6243_16C	6243	Tottarp-2	16C	whole rosette	9-leaf stage	AT1G11560	0.0	0.0	https://ftp.ncbi.nlm.nih.gov/geo/samples/GSM1321nnn/GSM1321919/suppl/GSM1321919_s6243_16C_expression_table.txt.gz
GSM1321920	s6244_10C	6244	TRÄ 01	10C	whole rosette	9-leaf stage	AT1G11560	1.33333333333	0.0012003132311	https://ftp.ncbi.nlm.nih.gov/geo/samples/GSM1321nnn/GSM1321920/suppl/GSM1321920_s6244_10C_expression_table.txt.gz
GSM1321921	s6244_16C	6244	TRÄ 01	16C	whole rosette	9-leaf stage	AT1G11560	0.0	0.0	https://ftp.ncbi.nlm.nih.gov/geo/samples/GSM1321nnn/GSM1321921/suppl/GSM1321921_s6244_16C_expression_table.txt.gz
GSM1321922	s6252_10C	6252	TV-4	10C	whole rosette	9-leaf stage	AT1G11560	0.0	0.0	https://ftp.ncbi.nlm.nih.gov/geo/samples/GSM1321nnn/GSM1321922/suppl/GSM1321922_s6252_10C_expression_table.txt.gz
GSM1321923	s6252_16C	6252	TV-4	16C	whole rosette	9-leaf stage	AT1G11560	1.0	0.000250180788644	https://ftp.ncbi.nlm.nih.gov/geo/samples/GSM1321nnn/GSM1321923/suppl/GSM1321923_s6252_16C_expression_table.txt.gz
GSM1321924	s6258_10C	6258	TV-10	10C	whole rosette	9-leaf stage	AT1G11560	0.0	0.0	https://ftp.ncbi.nlm.nih.gov/geo/samples/GSM1321nnn/GSM1321924/suppl/GSM1321924_s6258_10C_expression_table.txt.gz
GSM1321925	s6258_16C	6258	TV-10	16C	whole rosette	9-leaf stage	AT1G11560	0.0	0.0	https://ftp.ncbi.nlm.nih.gov/geo/samples/GSM1321nnn/GSM1321925/suppl/GSM1321925_s6258_16C_expression_table.txt.gz
GSM1321926	s6276_10C	6276	TV-30	10C	whole rosette	9-leaf stage	AT1G11560	0.0	0.0	https://ftp.ncbi.nlm.nih.gov/geo/samples/GSM1321nnn/GSM1321926/suppl/GSM1321926_s6276_10C_expression_table.txt.gz
GSM1321927	s6276_16C	6276	TV-30	16C	whole rosette	9-leaf stage	AT1G11560	0.0	0.0	https://ftp.ncbi.nlm.nih.gov/geo/samples/GSM1321nnn/GSM1321927/suppl/GSM1321927_s6276_16C_expression_table.txt.gz
GSM1321928	s6413_10C	6413	Ull3-4	10C	whole rosette	9-leaf stage	AT1G11560	0.0	0.0	https://ftp.ncbi.nlm.nih.gov/geo/samples/GSM1321nnn/GSM1321928/suppl/GSM1321928_s6413_10C_expression_table.txt.gz
GSM1321929	s6413_16C	6413	Ull3-4	16C	whole rosette	9-leaf stage	AT1G11560	0.0	0.0	https://ftp.ncbi.nlm.nih.gov/geo/samples/GSM1321nnn/GSM1321929/suppl/GSM1321929_s6413_16C_expression_table.txt.gz
GSM1321930	s6901_10C	6901	Bil-7	10C	whole rosette	9-leaf stage	AT1G11560	0.0	0.0	https://ftp.ncbi.nlm.nih.gov/geo/samples/GSM1321nnn/GSM1321930/suppl/GSM1321930_s6901_10C_expression_table.txt.gz
GSM1321931	s6901_16C	6901	Bil-7	16C	whole rosette	9-leaf stage	AT1G11560	1.0	0.000319630910579	https://ftp.ncbi.nlm.nih.gov/geo/samples/GSM1321nnn/GSM1321931/suppl/GSM1321931_s6901_16C_expression_table.txt.gz
GSM1321932	s6909_10C	6909	Col-0	10C	whole rosette	9-leaf stage	AT1G11560	0.142857142857	7.73059065595e-05	https://ftp.ncbi.nlm.nih.gov/geo/samples/GSM1321nnn/GSM1321932/suppl/GSM1321932_s6909_10C_expression_table.txt.gz
GSM1321933	s6909_16C	6909	Col-0	16C	whole rosette	9-leaf stage	AT1G11560	0.0	0.0	https://ftp.ncbi.nlm.nih.gov/geo/samples/GSM1321nnn/GSM1321933/suppl/GSM1321933_s6909_16C_expression_table.txt.gz
GSM1321934	s6913_10C	6913	Eden-2	10C	whole rosette	9-leaf stage	AT1G11560	0.333333333333	0.000244432735367	https://ftp.ncbi.nlm.nih.gov/geo/samples/GSM1321nnn/GSM1321934/suppl/GSM1321934_s6913_10C_expression_table.txt.gz
GSM1321935	s6913_16C	6913	Eden-2	16C	whole rosette	9-leaf stage	AT1G11560	0.0	0.0	https://ftp.ncbi.nlm.nih.gov/geo/samples/GSM1321nnn/GSM1321935/suppl/GSM1321935_s6913_16C_expression_table.txt.gz
GSM1321936	s6917_10C	6917	Fäb-2	10C	whole rosette	9-leaf stage	AT1G11560	0.333333333333	0.000100785746258	https://ftp.ncbi.nlm.nih.gov/geo/samples/GSM1321nnn/GSM1321936/suppl/GSM1321936_s6917_10C_expression_table.txt.gz
GSM1321937	s6917_16C	6917	Fäb-2	16C	whole rosette	9-leaf stage	AT1G11560	1.0	0.000361402770194	https://ftp.ncbi.nlm.nih.gov/geo/samples/GSM1321nnn/GSM1321937/suppl/GSM1321937_s6917_16C_expression_table.txt.gz
GSM1321938	s6973_10C	6973	Ull2-3	10C	whole rosette	9-leaf stage	AT1G11560	0.0	0.0	https://ftp.ncbi.nlm.nih.gov/geo/samples/GSM1321nnn/GSM1321938/suppl/GSM1321938_s6973_10C_expression_table.txt.gz
GSM1321939	s6973_16C	6973	Ull2-3	16C	whole rosette	9-leaf stage	AT1G11560	0.0	0.0	https://ftp.ncbi.nlm.nih.gov/geo/samples/GSM1321nnn/GSM1321939/suppl/GSM1321939_s6973_16C_expression_table.txt.gz
GSM1321940	s6974_10C	6974	Ull2-5	10C	whole rosette	9-leaf stage	AT1G11560	1.66666666667	0.000446520830606	https://ftp.ncbi.nlm.nih.gov/geo/samples/GSM1321nnn/GSM1321940/suppl/GSM1321940_s6974_10C_expression_table.txt.gz
GSM1321941	s6974_16C	6974	Ull2-5	16C	whole rosette	9-leaf stage	AT1G11560	0.5	0.000209320935673	https://ftp.ncbi.nlm.nih.gov/geo/samples/GSM1321nnn/GSM1321941/suppl/GSM1321941_s6974_16C_expression_table.txt.gz
GSM1321942	s7516_10C	7516	Vår2-1	10C	whole rosette	9-leaf stage	AT1G11560	0.666666666667	0.000169394610862	https://ftp.ncbi.nlm.nih.gov/geo/samples/GSM1321nnn/GSM1321942/suppl/GSM1321942_s7516_10C_expression_table.txt.gz
GSM1321943	s7516_16C	7516	Vår2-1	16C	whole rosette	9-leaf stage	AT1G11560	0.5	0.000294050746536	https://ftp.ncbi.nlm.nih.gov/geo/samples/GSM1321nnn/GSM1321943/suppl/GSM1321943_s7516_16C_expression_table.txt.gz
GSM1321944	s7517_16C	7517	Vår2-6	16C	whole rosette	9-leaf stage	AT1G11560	0.0	0.0	https://ftp.ncbi.nlm.nih.gov/geo/samples/GSM1321nnn/GSM1321944/suppl/GSM1321944_s7517_16C_expression_table.txt.gz
GSM1321945	s7517_10C	7517	Vår2-6	10C	whole rosette	9-leaf stage	AT1G11560	0.0	0.0	https://ftp.ncbi.nlm.nih.gov/geo/samples/GSM1321nnn/GSM1321945/suppl/GSM1321945_s7517_10C_expression_table.txt.gz
GSM1321946	s7519_10C	7519	ÖMö2-3	10C	whole rosette	9-leaf stage	AT1G11560	0.666666666667	0.000318107676883	https://ftp.ncbi.nlm.nih.gov/geo/samples/GSM1321nnn/GSM1321946/suppl/GSM1321946_s7519_10C_expression_table.txt.gz
GSM1321947	s7519_16C	7519	ÖMö2-3	16C	whole rosette	9-leaf stage	AT1G11560	0.5	0.000187981287998	https://ftp.ncbi.nlm.nih.gov/geo/samples/GSM1321nnn/GSM1321947/suppl/GSM1321947_s7519_16C_expression_table.txt.gz
GSM1321948	s8222_10C	8222	Lis-2	10C	whole rosette	9-leaf stage	AT1G11560	0.0	0.0	https://ftp.ncbi.nlm.nih.gov/geo/samples/GSM1321nnn/GSM1321948/suppl/GSM1321948_s8222_10C_expression_table.txt.gz
GSM1321949	s8222_16C	8222	Lis-2	16C	whole rosette	9-leaf stage	AT1G11560	0.666666666667	0.000208864822509	https://ftp.ncbi.nlm.nih.gov/geo/samples/GSM1321nnn/GSM1321949/suppl/GSM1321949_s8222_16C_expression_table.txt.gz
GSM1321950	s8227_10C	8227	THÖ 03	10C	whole rosette	9-leaf stage	AT1G11560	0.0	0.0	https://ftp.ncbi.nlm.nih.gov/geo/samples/GSM1321nnn/GSM1321950/suppl/GSM1321950_s8227_10C_expression_table.txt.gz
GSM1321951	s8227_16C	8227	THÖ 03	16C	whole rosette	9-leaf stage	AT1G11560	0.0	0.0	https://ftp.ncbi.nlm.nih.gov/geo/samples/GSM1321nnn/GSM1321951/suppl/GSM1321951_s8227_16C_expression_table.txt.gz
GSM1321952	s8230_16C	8230	Algutsrum	16C	whole rosette	9-leaf stage	AT1G11560	2.0	0.00107743418883	https://ftp.ncbi.nlm.nih.gov/geo/samples/GSM1321nnn/GSM1321952/suppl/GSM1321952_s8230_16C_expression_table.txt.gz
GSM1321953	s8234_10C	8234	Gul1-2	10C	whole rosette	9-leaf stage	AT1G11560	0.0	0.0	https://ftp.ncbi.nlm.nih.gov/geo/samples/GSM1321nnn/GSM1321953/suppl/GSM1321953_s8234_10C_expression_table.txt.gz
GSM1321954	s8234_16C	8234	Gul1-2	16C	whole rosette	9-leaf stage	AT1G11560	0.0	0.0	https://ftp.ncbi.nlm.nih.gov/geo/samples/GSM1321nnn/GSM1321954/suppl/GSM1321954_s8234_16C_expression_table.txt.gz
GSM1321955	s8237_10C	8237	Kävlinge-1	10C	whole rosette	9-leaf stage	AT1G11560	0.0	0.0	https://ftp.ncbi.nlm.nih.gov/geo/samples/GSM1321nnn/GSM1321955/suppl/GSM1321955_s8237_10C_expression_table.txt.gz
GSM1321956	s8237_16C	8237	Kävlinge-1	16C	whole rosette	9-leaf stage	AT1G11560	1.0	0.000385412007517	https://ftp.ncbi.nlm.nih.gov/geo/samples/GSM1321nnn/GSM1321956/suppl/GSM1321956_s8237_16C_expression_table.txt.gz
GSM1321957	s8240_10C	8240	Kulturen-1	10C	whole rosette	9-leaf stage	AT1G11560	0.0	0.0	https://ftp.ncbi.nlm.nih.gov/geo/samples/GSM1321nnn/GSM1321957/suppl/GSM1321957_s8240_10C_expression_table.txt.gz
GSM1321958	s8240_16C	8240	Kulturen-1	16C	whole rosette	9-leaf stage	AT1G11560	0.0	0.0	https://ftp.ncbi.nlm.nih.gov/geo/samples/GSM1321nnn/GSM1321958/suppl/GSM1321958_s8240_16C_expression_table.txt.gz
GSM1321959	s8241_10C	8241	Liarum	10C	whole rosette	9-leaf stage	AT1G11560	0.0	0.0	https://ftp.ncbi.nlm.nih.gov/geo/samples/GSM1321nnn/GSM1321959/suppl/GSM1321959_s8241_10C_expression_table.txt.gz
GSM1321960	s8241_16C	8241	Liarum	16C	whole rosette	9-leaf stage	AT1G11560	0.0	0.0	https://ftp.ncbi.nlm.nih.gov/geo/samples/GSM1321nnn/GSM1321960/suppl/GSM1321960_s8241_16C_expression_table.txt.gz
GSM1321961	s8242_10C	8242	Lillö-1	10C	whole rosette	9-leaf stage	AT1G11560	0.0	0.0	https://ftp.ncbi.nlm.nih.gov/geo/samples/GSM1321nnn/GSM1321961/suppl/GSM1321961_s8242_10C_expression_table.txt.gz
GSM1321962	s8242_16C	8242	Lillö-1	16C	whole rosette	9-leaf stage	AT1G11560	0.0	0.0	https://ftp.ncbi.nlm.nih.gov/geo/samples/GSM1321nnn/GSM1321962/suppl/GSM1321962_s8242_16C_expression_table.txt.gz
GSM1321963	s8247_16C	8247	San-2	16C	whole rosette	9-leaf stage	AT1G11560	0.0	0.0	https://ftp.ncbi.nlm.nih.gov/geo/samples/GSM1321nnn/GSM1321963/suppl/GSM1321963_s8247_16C_expression_table.txt.gz
GSM1321964	s8247_10C	8247	San-2	10C	whole rosette	9-leaf stage	AT1G11560	0.333333333333	0.000149433082713	https://ftp.ncbi.nlm.nih.gov/geo/samples/GSM1321nnn/GSM1321964/suppl/GSM1321964_s8247_10C_expression_table.txt.gz
GSM1321965	s8249_10C	8249	Vimmerby	10C	whole rosette	9-leaf stage	AT1G11560	0.333333333333	0.000171693000371	https://ftp.ncbi.nlm.nih.gov/geo/samples/GSM1321nnn/GSM1321965/suppl/GSM1321965_s8249_10C_expression_table.txt.gz
GSM1321966	s8249_16C	8249	Vimmerby	16C	whole rosette	9-leaf stage	AT1G11560	0.0	0.0	https://ftp.ncbi.nlm.nih.gov/geo/samples/GSM1321nnn/GSM1321966/suppl/GSM1321966_s8249_16C_expression_table.txt.gz
GSM1321967	s8256_10C	8256	Bå1-2	10C	whole rosette	9-leaf stage	AT1G11560	0.25	7.23826065692e-05	https://ftp.ncbi.nlm.nih.gov/geo/samples/GSM1321nnn/GSM1321967/suppl/GSM1321967_s8256_10C_expression_table.txt.gz
GSM1321968	s8256_16C	8256	Bå1-2	16C	whole rosette	9-leaf stage	AT1G11560	0.0	0.0	https://ftp.ncbi.nlm.nih.gov/geo/samples/GSM1321nnn/GSM1321968/suppl/GSM1321968_s8256_16C_expression_table.txt.gz
GSM1321969	s8258_10C	8258	Bå4-1	10C	whole rosette	9-leaf stage	AT1G11560	0.333333333333	0.000173957272675	https://ftp.ncbi.nlm.nih.gov/geo/samples/GSM1321nnn/GSM1321969/suppl/GSM1321969_s8258_10C_expression_table.txt.gz
GSM1321970	s8258_16C	8258	Bå4-1	16C	whole rosette	9-leaf stage	AT1G11560	0.0	0.0	https://ftp.ncbi.nlm.nih.gov/geo/samples/GSM1321nnn/GSM1321970/suppl/GSM1321970_s8258_16C_expression_table.txt.gz
GSM1321971	s8259_10C	8259	Bå5-1	10C	whole rosette	9-leaf stage	AT1G11560	0.333333333333	0.000128213346878	https://ftp.ncbi.nlm.nih.gov/geo/samples/GSM1321nnn/GSM1321971/suppl/GSM1321971_s8259_10C_expression_table.txt.gz
GSM1321972	s8259_16C	8259	Bå5-1	16C	whole rosette	9-leaf stage	AT1G11560	0.0	0.0	https://ftp.ncbi.nlm.nih.gov/geo/samples/GSM1321nnn/GSM1321972/suppl/GSM1321972_s8259_16C_expression_table.txt.gz
GSM1321973	s8283_10C	8283	Dra3-1	10C	whole rosette	9-leaf stage	AT1G11560	0.5	0.00020506457706	https://ftp.ncbi.nlm.nih.gov/geo/samples/GSM1321nnn/GSM1321973/suppl/GSM1321973_s8283_10C_expression_table.txt.gz
GSM1321974	s8283_16C	8283	Dra3-1	16C	whole rosette	9-leaf stage	AT1G11560	0.0	0.0	https://ftp.ncbi.nlm.nih.gov/geo/samples/GSM1321nnn/GSM1321974/suppl/GSM1321974_s8283_16C_expression_table.txt.gz
GSM1321975	s8326_10C	8326	Lis-1	10C	whole rosette	9-leaf stage	AT1G11560	0.0	0.0	https://ftp.ncbi.nlm.nih.gov/geo/samples/GSM1321nnn/GSM1321975/suppl/GSM1321975_s8326_10C_expression_table.txt.gz
GSM1321976	s8326_16C	8326	Lis-1	16C	whole rosette	9-leaf stage	AT1G11560	19.0	0.00226901967504	https://ftp.ncbi.nlm.nih.gov/geo/samples/GSM1321nnn/GSM1321976/suppl/GSM1321976_s8326_16C_expression_table.txt.gz
GSM1321977	s8334_10C	8334	Lu-1	10C	whole rosette	9-leaf stage	AT1G11560	0.0	0.0	https://ftp.ncbi.nlm.nih.gov/geo/samples/GSM1321nnn/GSM1321977/suppl/GSM1321977_s8334_10C_expression_table.txt.gz
GSM1321978	s8334_16C	8334	Lu-1	16C	whole rosette	9-leaf stage	AT1G11560	0.0	0.0	https://ftp.ncbi.nlm.nih.gov/geo/samples/GSM1321nnn/GSM1321978/suppl/GSM1321978_s8334_16C_expression_table.txt.gz
GSM1321979	s8335_16C	8335	Lund	16C	whole rosette	9-leaf stage	AT1G11560	0.0	0.0	https://ftp.ncbi.nlm.nih.gov/geo/samples/GSM1321nnn/GSM1321979/suppl/GSM1321979_s8335_16C_expression_table.txt.gz
GSM1321980	s8335_10C	8335	Lund	10C	whole rosette	9-leaf stage	AT1G11560	0.666666666667	0.000212745033746	https://ftp.ncbi.nlm.nih.gov/geo/samples/GSM1321nnn/GSM1321980/suppl/GSM1321980_s8335_10C_expression_table.txt.gz
GSM1321981	s8351_10C	8351	Ost-0	10C	whole rosette	9-leaf stage	AT1G11560	0.666666666667	0.000254997336763	https://ftp.ncbi.nlm.nih.gov/geo/samples/GSM1321nnn/GSM1321981/suppl/GSM1321981_s8351_10C_expression_table.txt.gz
GSM1321982	s8351_16C	8351	Ost-0	16C	whole rosette	9-leaf stage	AT1G11560	0.5	0.00013722046358	https://ftp.ncbi.nlm.nih.gov/geo/samples/GSM1321nnn/GSM1321982/suppl/GSM1321982_s8351_16C_expression_table.txt.gz
GSM1321983	s8369_16C	8369	Rev-1	16C	whole rosette	9-leaf stage	AT1G11560	0.0	0.0	https://ftp.ncbi.nlm.nih.gov/geo/samples/GSM1321nnn/GSM1321983/suppl/GSM1321983_s8369_16C_expression_table.txt.gz
GSM1321984	s8369_10C	8369	Rev-1	10C	whole rosette	9-leaf stage	AT1G11560	0.0	0.0	https://ftp.ncbi.nlm.nih.gov/geo/samples/GSM1321nnn/GSM1321984/suppl/GSM1321984_s8369_10C_expression_table.txt.gz
GSM1321985	s8376_10C	8376	Sanna-2	10C	whole rosette	9-leaf stage	AT1G11560	0.666666666667	0.000265446401489	https://ftp.ncbi.nlm.nih.gov/geo/samples/GSM1321nnn/GSM1321985/suppl/GSM1321985_s8376_10C_expression_table.txt.gz
GSM1321986	s8376_16C	8376	Sanna-2	16C	whole rosette	9-leaf stage	AT1G11560	0.0	0.0	https://ftp.ncbi.nlm.nih.gov/geo/samples/GSM1321nnn/GSM1321986/suppl/GSM1321986_s8376_16C_expression_table.txt.gz
GSM1321987	s8387_10C	8387	St-0	10C	whole rosette	9-leaf stage	AT1G11560	0.0	0.0	https://ftp.ncbi.nlm.nih.gov/geo/samples/GSM1321nnn/GSM1321987/suppl/GSM1321987_s8387_10C_expression_table.txt.gz
GSM1321988	s8387_16C	8387	St-0	16C	whole rosette	9-leaf stage	AT1G11560	0.0	0.0	https://ftp.ncbi.nlm.nih.gov/geo/samples/GSM1321nnn/GSM1321988/suppl/GSM1321988_s8387_16C_expression_table.txt.gz
GSM1321989	s8422_10C	8422	Fjä1-1	10C	whole rosette	9-leaf stage	AT1G11560	0.5	0.000402155821915	https://ftp.ncbi.nlm.nih.gov/geo/samples/GSM1321nnn/GSM1321989/suppl/GSM1321989_s8422_10C_expression_table.txt.gz
GSM1321990	s8422_16C	8422	Fjä1-1	16C	whole rosette	9-leaf stage	AT1G11560	0.0	0.0	https://ftp.ncbi.nlm.nih.gov/geo/samples/GSM1321nnn/GSM1321990/suppl/GSM1321990_s8422_16C_expression_table.txt.gz
GSM1321991	s8426_10C	8426	Ull1-1	10C	whole rosette	9-leaf stage	AT1G11560	0.0	0.0	https://ftp.ncbi.nlm.nih.gov/geo/samples/GSM1321nnn/GSM1321991/suppl/GSM1321991_s8426_10C_expression_table.txt.gz
GSM1321992	s8426_16C	8426	Ull1-1	16C	whole rosette	9-leaf stage	AT1G11560	0.0	0.0	https://ftp.ncbi.nlm.nih.gov/geo/samples/GSM1321nnn/GSM1321992/suppl/GSM1321992_s8426_16C_expression_table.txt.gz
GSM1321993	s9057_10C	9057	Vinslöv	10C	whole rosette	9-leaf stage	AT1G11560	0.0	0.0	https://ftp.ncbi.nlm.nih.gov/geo/samples/GSM1321nnn/GSM1321993/suppl/GSM1321993_s9057_10C_expression_table.txt.gz
GSM1321994	s9057_16C	9057	Vinslöv	16C	whole rosette	9-leaf stage	AT1G11560	1.0	0.000149608447479	https://ftp.ncbi.nlm.nih.gov/geo/samples/GSM1321nnn/GSM1321994/suppl/GSM1321994_s9057_16C_expression_table.txt.gz
GSM1321995	s9058_10C	9058	Västervik	10C	whole rosette	9-leaf stage	AT1G11560	0.0	0.0	https://ftp.ncbi.nlm.nih.gov/geo/samples/GSM1321nnn/GSM1321995/suppl/GSM1321995_s9058_10C_expression_table.txt.gz
GSM1321996	s9058_16C	9058	Västervik	16C	whole rosette	9-leaf stage	AT1G11560	0.0	0.0	https://ftp.ncbi.nlm.nih.gov/geo/samples/GSM1321nnn/GSM1321996/suppl/GSM1321996_s9058_16C_expression_table.txt.gz
GSM1321997	s9323_10C	9323	Ådal 3	10C	whole rosette	9-leaf stage	AT1G11560	2.0	0.00117942584227	https://ftp.ncbi.nlm.nih.gov/geo/samples/GSM1321nnn/GSM1321997/suppl/GSM1321997_s9323_10C_expression_table.txt.gz
GSM1321998	s9323_16C	9323	Ådal 3	16C	whole rosette	9-leaf stage	AT1G11560	0.5	0.000305770017958	https://ftp.ncbi.nlm.nih.gov/geo/samples/GSM1321nnn/GSM1321998/suppl/GSM1321998_s9323_16C_expression_table.txt.gz
GSM1321999	s9332_10C	9332	Bar 1	10C	whole rosette	9-leaf stage	AT1G11560	1.0	0.000251057522321	https://ftp.ncbi.nlm.nih.gov/geo/samples/GSM1321nnn/GSM1321999/suppl/GSM1321999_s9332_10C_expression_table.txt.gz
GSM1322000	s9332_16C	9332	Bar 1	16C	whole rosette	9-leaf stage	AT1G11560	0.0	0.0	https://ftp.ncbi.nlm.nih.gov/geo/samples/GSM1322nnn/GSM1322000/suppl/GSM1322000_s9332_16C_expression_table.txt.gz
GSM1322001	s9336_10C	9336	Bön 1	10C	whole rosette	9-leaf stage	AT1G11560	2.0	0.000334807499458	https://ftp.ncbi.nlm.nih.gov/geo/samples/GSM1322nnn/GSM1322001/suppl/GSM1322001_s9336_10C_expression_table.txt.gz
GSM1322002	s9336_16C	9336	Bön 1	16C	whole rosette	9-leaf stage	AT1G11560	5.0	0.00100410442182	https://ftp.ncbi.nlm.nih.gov/geo/samples/GSM1322nnn/GSM1322002/suppl/GSM1322002_s9336_16C_expression_table.txt.gz
GSM1322003	s9339_10C	9339	Böt 1	10C	whole rosette	9-leaf stage	AT1G11560	0.0	0.0	https://ftp.ncbi.nlm.nih.gov/geo/samples/GSM1322nnn/GSM1322003/suppl/GSM1322003_s9339_10C_expression_table.txt.gz
GSM1322004	s9339_16C	9339	Böt 1	16C	whole rosette	9-leaf stage	AT1G11560	0.0	0.0	https://ftp.ncbi.nlm.nih.gov/geo/samples/GSM1322nnn/GSM1322004/suppl/GSM1322004_s9339_16C_expression_table.txt.gz
GSM1322005	s9352_10C	9352	Död 2	10C	whole rosette	9-leaf stage	AT1G11560	1.0	0.00016670542201	https://ftp.ncbi.nlm.nih.gov/geo/samples/GSM1322nnn/GSM1322005/suppl/GSM1322005_s9352_10C_expression_table.txt.gz
GSM1322006	s9352_16C	9352	Död 2	16C	whole rosette	9-leaf stage	AT1G11560	1.0	0.000460461968895	https://ftp.ncbi.nlm.nih.gov/geo/samples/GSM1322nnn/GSM1322006/suppl/GSM1322006_s9352_16C_expression_table.txt.gz
GSM1322007	s9353_10C	9353	Död 3	10C	whole rosette	9-leaf stage	AT1G11560	0.0	0.0	https://ftp.ncbi.nlm.nih.gov/geo/samples/GSM1322nnn/GSM1322007/suppl/GSM1322007_s9353_10C_expression_table.txt.gz
GSM1322008	s9353_16C	9353	Död 3	16C	whole rosette	9-leaf stage	AT1G11560	0.0	0.0	https://ftp.ncbi.nlm.nih.gov/geo/samples/GSM1322nnn/GSM1322008/suppl/GSM1322008_s9353_16C_expression_table.txt.gz
GSM1322009	s9363_10C	9363	EdJ 2	10C	whole rosette	9-leaf stage	AT1G11560	2.0	0.000328786063275	https://ftp.ncbi.nlm.nih.gov/geo/samples/GSM1322nnn/GSM1322009/suppl/GSM1322009_s9363_10C_expression_table.txt.gz
GSM1322010	s9363_16C	9363	EdJ 2	16C	whole rosette	9-leaf stage	AT1G11560	0.0	0.0	https://ftp.ncbi.nlm.nih.gov/geo/samples/GSM1322nnn/GSM1322010/suppl/GSM1322010_s9363_16C_expression_table.txt.gz
GSM1322011	s9369_10C	9369	EkS 2	10C	whole rosette	9-leaf stage	AT1G11560	0.0	0.0	https://ftp.ncbi.nlm.nih.gov/geo/samples/GSM1322nnn/GSM1322011/suppl/GSM1322011_s9369_10C_expression_table.txt.gz
GSM1322012	s9369_16C	9369	EkS 2	16C	whole rosette	9-leaf stage	AT1G11560	0.0	0.0	https://ftp.ncbi.nlm.nih.gov/geo/samples/GSM1322nnn/GSM1322012/suppl/GSM1322012_s9369_16C_expression_table.txt.gz
GSM1322013	s9371_10C	9371	FäL 1	10C	whole rosette	9-leaf stage	AT1G11560	0.0	0.0	https://ftp.ncbi.nlm.nih.gov/geo/samples/GSM1322nnn/GSM1322013/suppl/GSM1322013_s9371_10C_expression_table.txt.gz
GSM1322014	s9371_16C	9371	FäL 1	16C	whole rosette	9-leaf stage	AT1G11560	1.0	0.00118208202339	https://ftp.ncbi.nlm.nih.gov/geo/samples/GSM1322nnn/GSM1322014/suppl/GSM1322014_s9371_16C_expression_table.txt.gz
GSM1322015	s9380_16C	9380	FlyA 3	16C	whole rosette	9-leaf stage	AT1G11560	0.0	0.0	https://ftp.ncbi.nlm.nih.gov/geo/samples/GSM1322nnn/GSM1322015/suppl/GSM1322015_s9380_16C_expression_table.txt.gz
GSM1322016	s9380_10C	9380	FlyA 3	10C	whole rosette	9-leaf stage	AT1G11560	0.0	0.0	https://ftp.ncbi.nlm.nih.gov/geo/samples/GSM1322nnn/GSM1322016/suppl/GSM1322016_s9380_10C_expression_table.txt.gz
GSM1322017	s9381_10C	9381	Fri 1	10C	whole rosette	9-leaf stage	AT1G11560	1.0	0.000144288845047	https://ftp.ncbi.nlm.nih.gov/geo/samples/GSM1322nnn/GSM1322017/suppl/GSM1322017_s9381_10C_expression_table.txt.gz
GSM1322018	s9381_16C	9381	Fri 1	16C	whole rosette	9-leaf stage	AT1G11560	1.0	0.000179146564349	https://ftp.ncbi.nlm.nih.gov/geo/samples/GSM1322nnn/GSM1322018/suppl/GSM1322018_s9381_16C_expression_table.txt.gz
GSM1322019	s9382_10C	9382	Fri 2	10C	whole rosette	9-leaf stage	AT1G11560	0.333333333333	0.000375780448926	https://ftp.ncbi.nlm.nih.gov/geo/samples/GSM1322nnn/GSM1322019/suppl/GSM1322019_s9382_10C_expression_table.txt.gz
GSM1322020	s9382_16C	9382	Fri 2	16C	whole rosette	9-leaf stage	AT1G11560	0.0	0.0	https://ftp.ncbi.nlm.nih.gov/geo/samples/GSM1322nnn/GSM1322020/suppl/GSM1322020_s9382_16C_expression_table.txt.gz
GSM1322021	s9383_10C	9383	Fri 3	10C	whole rosette	9-leaf stage	AT1G11560	0.5	0.000305848598885	https://ftp.ncbi.nlm.nih.gov/geo/samples/GSM1322nnn/GSM1322021/suppl/GSM1322021_s9383_10C_expression_table.txt.gz
GSM1322022	s9383_16C	9383	Fri 3	16C	whole rosette	9-leaf stage	AT1G11560	0.0	0.0	https://ftp.ncbi.nlm.nih.gov/geo/samples/GSM1322nnn/GSM1322022/suppl/GSM1322022_s9383_16C_expression_table.txt.gz
GSM1322023	s9390_16C	9390	Had-1	16C	whole rosette	9-leaf stage	AT1G11560	1.0	0.000267005091562	https://ftp.ncbi.nlm.nih.gov/geo/samples/GSM1322nnn/GSM1322023/suppl/GSM1322023_s9390_16C_expression_table.txt.gz
GSM1322024	s9390_10C	9390	Had-1	10C	whole rosette	9-leaf stage	AT1G11560	0.0	0.0	https://ftp.ncbi.nlm.nih.gov/geo/samples/GSM1322nnn/GSM1322024/suppl/GSM1322024_s9390_10C_expression_table.txt.gz
GSM1322025	s9391_10C	9391	Had-2	10C	whole rosette	9-leaf stage	AT1G11560	0.0	0.0	https://ftp.ncbi.nlm.nih.gov/geo/samples/GSM1322nnn/GSM1322025/suppl/GSM1322025_s9391_10C_expression_table.txt.gz
GSM1322026	s9391_16C	9391	Had-2	16C	whole rosette	9-leaf stage	AT1G11560	0.0	0.0	https://ftp.ncbi.nlm.nih.gov/geo/samples/GSM1322nnn/GSM1322026/suppl/GSM1322026_s9391_16C_expression_table.txt.gz
GSM1322027	s9392_10C	9392	Had-3	10C	whole rosette	9-leaf stage	AT1G11560	0.0	0.0	https://ftp.ncbi.nlm.nih.gov/geo/samples/GSM1322nnn/GSM1322027/suppl/GSM1322027_s9392_10C_expression_table.txt.gz
GSM1322028	s9392_16C	9392	Had-3	16C	whole rosette	9-leaf stage	AT1G11560	0.0	0.0	https://ftp.ncbi.nlm.nih.gov/geo/samples/GSM1322nnn/GSM1322028/suppl/GSM1322028_s9392_16C_expression_table.txt.gz
GSM1322029	s9394_10C	9394	Hag-2	10C	whole rosette	9-leaf stage	AT1G11560	2.0	0.000887647290466	https://ftp.ncbi.nlm.nih.gov/geo/samples/GSM1322nnn/GSM1322029/suppl/GSM1322029_s9394_10C_expression_table.txt.gz
GSM1322030	s9394_16C	9394	Hag-2	16C	whole rosette	9-leaf stage	AT1G11560	2.0	0.000222246347656	https://ftp.ncbi.nlm.nih.gov/geo/samples/GSM1322nnn/GSM1322030/suppl/GSM1322030_s9394_16C_expression_table.txt.gz
GSM1322031	s9395_10C	9395	Hal-1	10C	whole rosette	9-leaf stage	AT1G11560	0.0	0.0	https://ftp.ncbi.nlm.nih.gov/geo/samples/GSM1322nnn/GSM1322031/suppl/GSM1322031_s9395_10C_expression_table.txt.gz
GSM1322032	s9395_16C	9395	Hal-1	16C	whole rosette	9-leaf stage	AT1G11560	1.0	0.00018879470885	https://ftp.ncbi.nlm.nih.gov/geo/samples/GSM1322nnn/GSM1322032/suppl/GSM1322032_s9395_16C_expression_table.txt.gz
GSM1322033	s9399_16C	9399	Ham-1	16C	whole rosette	9-leaf stage	AT1G11560	0.0	0.0	https://ftp.ncbi.nlm.nih.gov/geo/samples/GSM1322nnn/GSM1322033/suppl/GSM1322033_s9399_16C_expression_table.txt.gz
GSM1322034	s9399_10C	9399	Ham-1	10C	whole rosette	9-leaf stage	AT1G11560	0.0	0.0	https://ftp.ncbi.nlm.nih.gov/geo/samples/GSM1322nnn/GSM1322034/suppl/GSM1322034_s9399_10C_expression_table.txt.gz
GSM1322035	s9402_10C	9402	Hel-3	10C	whole rosette	9-leaf stage	AT1G11560	1.0	0.00120119979006	https://ftp.ncbi.nlm.nih.gov/geo/samples/GSM1322nnn/GSM1322035/suppl/GSM1322035_s9402_10C_expression_table.txt.gz
GSM1322036	s9402_16C	9402	Hel-3	16C	whole rosette	9-leaf stage	AT1G11560	1.0	0.00052281962147	https://ftp.ncbi.nlm.nih.gov/geo/samples/GSM1322nnn/GSM1322036/suppl/GSM1322036_s9402_16C_expression_table.txt.gz
GSM1322037	s9412_16C	9412	Kor 3	16C	whole rosette	9-leaf stage	AT1G11560	0.5	0.000362065180076	https://ftp.ncbi.nlm.nih.gov/geo/samples/GSM1322nnn/GSM1322037/suppl/GSM1322037_s9412_16C_expression_table.txt.gz
GSM1322038	s9412_10C	9412	Kor 3	10C	whole rosette	9-leaf stage	AT1G11560	0.0	0.0	https://ftp.ncbi.nlm.nih.gov/geo/samples/GSM1322nnn/GSM1322038/suppl/GSM1322038_s9412_10C_expression_table.txt.gz
GSM1322039	s9413_10C	9413	Kor 4	10C	whole rosette	9-leaf stage	AT1G11560	0.0	0.0	https://ftp.ncbi.nlm.nih.gov/geo/samples/GSM1322nnn/GSM1322039/suppl/GSM1322039_s9413_10C_expression_table.txt.gz
GSM1322040	s9413_16C	9413	Kor 4	16C	whole rosette	9-leaf stage	AT1G11560	0.0	0.0	https://ftp.ncbi.nlm.nih.gov/geo/samples/GSM1322nnn/GSM1322040/suppl/GSM1322040_s9413_16C_expression_table.txt.gz
GSM1322041	s9416_10C	9416	Kru-3	10C	whole rosette	9-leaf stage	AT1G11560	1.0	0.00038056209908	https://ftp.ncbi.nlm.nih.gov/geo/samples/GSM1322nnn/GSM1322041/suppl/GSM1322041_s9416_10C_expression_table.txt.gz
GSM1322042	s9416_16C	9416	Kru-3	16C	whole rosette	9-leaf stage	AT1G11560	0.0	0.0	https://ftp.ncbi.nlm.nih.gov/geo/samples/GSM1322nnn/GSM1322042/suppl/GSM1322042_s9416_16C_expression_table.txt.gz
GSM1322043	s9421_16C	9421	Lan 1	16C	whole rosette	9-leaf stage	AT1G11560	2.0	0.000265734216568	https://ftp.ncbi.nlm.nih.gov/geo/samples/GSM1322nnn/GSM1322043/suppl/GSM1322043_s9421_16C_expression_table.txt.gz
GSM1322044	s9427_10C	9427	Näs 2	10C	whole rosette	9-leaf stage	AT1G11560	0.0	0.0	https://ftp.ncbi.nlm.nih.gov/geo/samples/GSM1322nnn/GSM1322044/suppl/GSM1322044_s9427_10C_expression_table.txt.gz
GSM1322045	s9427_16C	9427	Näs 2	16C	whole rosette	9-leaf stage	AT1G11560	0.0	0.0	https://ftp.ncbi.nlm.nih.gov/geo/samples/GSM1322nnn/GSM1322045/suppl/GSM1322045_s9427_16C_expression_table.txt.gz
GSM1322046	s9434_10C	9434	Öde 2	10C	whole rosette	9-leaf stage	AT1G11560	0.0	0.0	https://ftp.ncbi.nlm.nih.gov/geo/samples/GSM1322nnn/GSM1322046/suppl/GSM1322046_s9434_10C_expression_table.txt.gz
GSM1322047	s9434_16C	9434	Öde 2	16C	whole rosette	9-leaf stage	AT1G11560	0.0	0.0	https://ftp.ncbi.nlm.nih.gov/geo/samples/GSM1322nnn/GSM1322047/suppl/GSM1322047_s9434_16C_expression_table.txt.gz
GSM1322048	s9436_10C	9436	Puk-1	10C	whole rosette	9-leaf stage	AT1G11560	1.0	0.000280459115094	https://ftp.ncbi.nlm.nih.gov/geo/samples/GSM1322nnn/GSM1322048/suppl/GSM1322048_s9436_10C_expression_table.txt.gz
GSM1322049	s9436_16C	9436	Puk-1	16C	whole rosette	9-leaf stage	AT1G11560	0.0	0.0	https://ftp.ncbi.nlm.nih.gov/geo/samples/GSM1322nnn/GSM1322049/suppl/GSM1322049_s9436_16C_expression_table.txt.gz
GSM1322050	s9437_16C	9437	Puk-2	16C	whole rosette	9-leaf stage	AT1G11560	0.0	0.0	https://ftp.ncbi.nlm.nih.gov/geo/samples/GSM1322nnn/GSM1322050/suppl/GSM1322050_s9437_16C_expression_table.txt.gz
GSM1322051	s9437_10C	9437	Puk-2	10C	whole rosette	9-leaf stage	AT1G11560	1.0	0.000173727845908	https://ftp.ncbi.nlm.nih.gov/geo/samples/GSM1322nnn/GSM1322051/suppl/GSM1322051_s9437_10C_expression_table.txt.gz
GSM1322052	s9452_10C	9452	Spro 3	10C	whole rosette	9-leaf stage	AT1G11560	0.0	0.0	https://ftp.ncbi.nlm.nih.gov/geo/samples/GSM1322nnn/GSM1322052/suppl/GSM1322052_s9452_10C_expression_table.txt.gz
GSM1322053	s9452_16C	9452	Spro 3	16C	whole rosette	9-leaf stage	AT1G11560	0.0	0.0	https://ftp.ncbi.nlm.nih.gov/geo/samples/GSM1322nnn/GSM1322053/suppl/GSM1322053_s9452_16C_expression_table.txt.gz
GSM1322054	s9454_10C	9454	Ste 3	10C	whole rosette	9-leaf stage	AT1G11560	0.5	0.000266488448573	https://ftp.ncbi.nlm.nih.gov/geo/samples/GSM1322nnn/GSM1322054/suppl/GSM1322054_s9454_10C_expression_table.txt.gz
GSM1322055	s9454_16C	9454	Ste 3	16C	whole rosette	9-leaf stage	AT1G11560	0.5	0.000317367786313	https://ftp.ncbi.nlm.nih.gov/geo/samples/GSM1322nnn/GSM1322055/suppl/GSM1322055_s9454_16C_expression_table.txt.gz
GSM1322056	s9470_10C	9470	Tur-4	10C	whole rosette	9-leaf stage	AT1G11560	0.0	0.0	https://ftp.ncbi.nlm.nih.gov/geo/samples/GSM1322nnn/GSM1322056/suppl/GSM1322056_s9470_10C_expression_table.txt.gz
GSM1322057	s9470_16C	9470	Tur-4	16C	whole rosette	9-leaf stage	AT1G11560	0.0	0.0	https://ftp.ncbi.nlm.nih.gov/geo/samples/GSM1322nnn/GSM1322057/suppl/GSM1322057_s9470_16C_expression_table.txt.gz
GSM1322058	s9481_16C	9481	Yst-1	16C	whole rosette	9-leaf stage	AT1G11560	0.0	0.0	https://ftp.ncbi.nlm.nih.gov/geo/samples/GSM1322nnn/GSM1322058/suppl/GSM1322058_s9481_16C_expression_table.txt.gz
GSM1322059	s9481_10C	9481	Yst-1	10C	whole rosette	9-leaf stage	AT1G11560	0.0	0.0	https://ftp.ncbi.nlm.nih.gov/geo/samples/GSM1322nnn/GSM1322059/suppl/GSM1322059_s9481_10C_expression_table.txt.gz
